[2026-05-19T03:58:51.933980+00:00] main.ERROR: Error: Application is not installed yet.  [] []
[2026-05-19T03:59:17.418827+00:00] main.ERROR: Error: Application is not installed yet.  [] []
[2026-05-19T03:59:17.534243+00:00] main.ERROR: Error: Application is not installed yet.  [] []
[2026-05-19T04:01:50.954699+00:00] main.ERROR: Missing following extensions: 'ftp'
#0 [internal function]: Magento\Setup\Model\Installer->checkExtensions()
#1 /var/www/html/setup/src/Magento/Setup/Model/Installer.php(422): call_user_func_array(Array, Array)
#2 /var/www/html/setup/src/Magento/Setup/Console/Command/InstallCommand.php(239): Magento\Setup\Model\Installer->install(Array)
#3 /var/www/html/vendor/symfony/console/Command/Command.php(341): Magento\Setup\Console\Command\InstallCommand->execute(Object(Symfony\Component\Console\Input\ArgvInput), Object(Symfony\Component\Console\Output\ConsoleOutput))
#4 /var/www/html/vendor/symfony/console/Application.php(1094): Symfony\Component\Console\Command\Command->run(Object(Symfony\Component\Console\Input\ArgvInput), Object(Symfony\Component\Console\Output\ConsoleOutput))
#5 /var/www/html/vendor/symfony/console/Application.php(356): Symfony\Component\Console\Application->doRunCommand(Object(Magento\Setup\Console\Command\InstallCommand), Object(Symfony\Component\Console\Input\ArgvInput), Object(Symfony\Component\Console\Output\ConsoleOutput))
#6 /var/www/html/vendor/magento/framework/Console/Cli.php(137): Symfony\Component\Console\Application->doRun(Object(Symfony\Component\Console\Input\ArgvInput), Object(Symfony\Component\Console\Output\ConsoleOutput))
#7 /var/www/html/vendor/symfony/console/Application.php(195): Magento\Framework\Console\Cli->doRun(Object(Symfony\Component\Console\Input\ArgvInput), Object(Symfony\Component\Console\Output\ConsoleOutput))
#8 /var/www/html/bin/magento(23): Symfony\Component\Console\Application->run()
#9 {main} [] []
[2026-05-19T04:04:47.880449+00:00] main.INFO: Source table payment_services_order_status_data_production_submitted_hash does not exist. Skipping data migration... [] []
[2026-05-19T04:04:48.707627+00:00] main.ERROR: SQLSTATE[HY000]: General error: 1419 You do not have the SUPER privilege and binary logging is enabled (you *might* want to use the less safe log_bin_trust_function_creators variable), query was: CREATE TRIGGER trg_cataloginventory_stock_item_after_insert AFTER INSERT ON cataloginventory_stock_item FOR EACH ROW
BEGIN
INSERT INTO `cataloginventory_stock_cl` (`entity_id`) VALUES (NEW.`product_id`);
END
#0 /var/www/html/vendor/magento/framework/DB/Statement/Pdo/Mysql.php(89): Magento\Framework\DB\Statement\Pdo\Mysql->tryExecute(Object(Closure))
#1 /var/www/html/vendor/magento/zend-db/library/Zend/Db/Statement.php(313): Magento\Framework\DB\Statement\Pdo\Mysql->_execute(Array)
#2 /var/www/html/vendor/magento/zend-db/library/Zend/Db/Adapter/Abstract.php(480): Zend_Db_Statement->execute(Array)
#3 /var/www/html/vendor/magento/zend-db/library/Zend/Db/Adapter/Pdo/Abstract.php(242): Zend_Db_Adapter_Abstract->query('CREATE TRIGGER ...', Array)
#4 /var/www/html/vendor/magento/framework/DB/Adapter/Pdo/Mysql.php(692): Zend_Db_Adapter_Pdo_Abstract->query('CREATE TRIGGER ...', Array)
#5 /var/www/html/vendor/magento/framework/DB/Adapter/Pdo/Mysql.php(718): Magento\Framework\DB\Adapter\Pdo\Mysql->Magento\Framework\DB\Adapter\Pdo\{closure}()
#6 /var/www/html/vendor/magento/framework/DB/Adapter/Pdo/Mysql.php(692): Magento\Framework\DB\Adapter\Pdo\Mysql->performQuery(Object(Closure))
#7 /var/www/html/vendor/magento/framework/DB/Adapter/Pdo/Mysql.php(804): Magento\Framework\DB\Adapter\Pdo\Mysql->_query('CREATE TRIGGER ...', Array)
#8 /var/www/html/generated/code/Magento/Framework/DB/Adapter/Pdo/Mysql/Interceptor.php(104): Magento\Framework\DB\Adapter\Pdo\Mysql->multiQuery('CREATE TRIGGER ...', Array)
#9 /var/www/html/vendor/magento/framework/DB/Adapter/Pdo/Mysql.php(4246): Magento\Framework\DB\Adapter\Pdo\Mysql\Interceptor->multiQuery('CREATE TRIGGER ...')
#10 /var/www/html/generated/code/Magento/Framework/DB/Adapter/Pdo/Mysql/Interceptor.php(851): Magento\Framework\DB\Adapter\Pdo\Mysql->createTrigger(Object(Magento\Framework\DB\Ddl\Trigger))
#11 /var/www/html/vendor/magento/framework/Mview/View/Subscription.php(193): Magento\Framework\DB\Adapter\Pdo\Mysql\Interceptor->createTrigger(Object(Magento\Framework\DB\Ddl\Trigger))
#12 /var/www/html/vendor/magento/framework/Mview/View/Subscription.php(166): Magento\Framework\Mview\View\Subscription->saveTrigger(Object(Magento\Framework\DB\Ddl\Trigger))
#13 /var/www/html/vendor/magento/framework/Mview/View.php(211): Magento\Framework\Mview\View\Subscription->create()
#14 /var/www/html/generated/code/Magento/Framework/Mview/View/Interceptor.php(95): Magento\Framework\Mview\View->subscribe()
#15 /var/www/html/vendor/magento/module-indexer/Model/Indexer.php(326): Magento\Framework\Mview\View\Interceptor->subscribe()
#16 /var/www/html/vendor/magento/framework/Interception/Interceptor.php(58): Magento\Indexer\Model\Indexer->setScheduled(true)
#17 /var/www/html/vendor/magento/framework/Interception/Interceptor.php(138): Magento\Indexer\Model\Indexer\Interceptor->___callParent('setScheduled', Array)
#18 /var/www/html/vendor/magento/module-data-exporter/Plugin/ForceExporterIndexerModeOnSchedule.php(44): Magento\Indexer\Model\Indexer\Interceptor->Magento\Framework\Interception\{closure}(true)
#19 /var/www/html/vendor/magento/framework/Interception/Interceptor.php(135): Magento\DataExporter\Plugin\ForceExporterIndexerModeOnSchedule->aroundSetScheduled(Object(Magento\Indexer\Model\Indexer\Interceptor), Object(Closure), true)
#20 /var/www/html/vendor/magento/framework/Interception/Interceptor.php(153): Magento\Indexer\Model\Indexer\Interceptor->Magento\Framework\Interception\{closure}(true)
#21 /var/www/html/generated/code/Magento/Indexer/Model/Indexer/Interceptor.php(167): Magento\Indexer\Model\Indexer\Interceptor->___callPlugins('setScheduled', Array, NULL)
#22 /var/www/html/vendor/magento/module-indexer/Model/Indexer/DependencyDecorator.php(201): Magento\Indexer\Model\Indexer\Interceptor->setScheduled(true)
#23 /var/www/html/vendor/magento/framework/Interception/Interceptor.php(58): Magento\Indexer\Model\Indexer\DependencyDecorator->setScheduled(true)
#24 /var/www/html/vendor/magento/framework/Interception/Interceptor.php(138): Magento\Indexer\Model\Indexer\DependencyDecorator\Interceptor->___callParent('setScheduled', Array)
#25 /var/www/html/vendor/magento/module-data-exporter/Plugin/ForceExporterIndexerModeOnSchedule.php(44): Magento\Indexer\Model\Indexer\DependencyDecorator\Interceptor->Magento\Framework\Interception\{closure}(true)
#26 /var/www/html/vendor/magento/framework/Interception/Interceptor.php(135): Magento\DataExporter\Plugin\ForceExporterIndexerModeOnSchedule->aroundSetScheduled(Object(Magento\Indexer\Model\Indexer\DependencyDecorator\Interceptor), Object(Closure), true)
#27 /var/www/html/vendor/magento/framework/Interception/Interceptor.php(153): Magento\Indexer\Model\Indexer\DependencyDecorator\Interceptor->Magento\Framework\Interception\{closure}(true)
#28 /var/www/html/generated/code/Magento/Indexer/Model/Indexer/DependencyDecorator/Interceptor.php(149): Magento\Indexer\Model\Indexer\DependencyDecorator\Interceptor->___callPlugins('setScheduled', Array, NULL)
#29 /var/www/html/vendor/magento/module-indexer/Setup/Recurring.php(100): Magento\Indexer\Model\Indexer\DependencyDecorator\Interceptor->setScheduled(true)
#30 /var/www/html/setup/src/Magento/Setup/Model/Installer.php(1171): Magento\Indexer\Setup\Recurring->install(Object(Magento\Setup\Module\Setup), Object(Magento\Setup\Model\ModuleContext))
#31 /var/www/html/setup/src/Magento/Setup/Model/Installer.php(972): Magento\Setup\Model\Installer->handleDBSchemaData(Object(Magento\Setup\Module\Setup), 'schema', Array)
#32 [internal function]: Magento\Setup\Model\Installer->installSchema(Array)
#33 /var/www/html/setup/src/Magento/Setup/Model/Installer.php(422): call_user_func_array(Array, Array)
#34 /var/www/html/setup/src/Magento/Setup/Console/Command/InstallCommand.php(239): Magento\Setup\Model\Installer->install(Array)
#35 /var/www/html/vendor/symfony/console/Command/Command.php(341): Magento\Setup\Console\Command\InstallCommand->execute(Object(Symfony\Component\Console\Input\ArgvInput), Object(Symfony\Component\Console\Output\ConsoleOutput))
#36 /var/www/html/vendor/symfony/console/Application.php(1094): Symfony\Component\Console\Command\Command->run(Object(Symfony\Component\Console\Input\ArgvInput), Object(Symfony\Component\Console\Output\ConsoleOutput))
#37 /var/www/html/vendor/symfony/console/Application.php(356): Symfony\Component\Console\Application->doRunCommand(Object(Magento\Setup\Console\Command\InstallCommand), Object(Symfony\Component\Console\Input\ArgvInput), Object(Symfony\Component\Console\Output\ConsoleOutput))
#38 /var/www/html/vendor/magento/framework/Console/Cli.php(137): Symfony\Component\Console\Application->doRun(Object(Symfony\Component\Console\Input\ArgvInput), Object(Symfony\Component\Console\Output\ConsoleOutput))
#39 /var/www/html/vendor/symfony/console/Application.php(195): Magento\Framework\Console\Cli->doRun(Object(Symfony\Component\Console\Input\ArgvInput), Object(Symfony\Component\Console\Output\ConsoleOutput))
#40 /var/www/html/bin/magento(23): Symfony\Component\Console\Application->run()
#41 {main} [] []
[2026-05-19T04:05:12.950395+00:00] main.ERROR: SQLSTATE[HY000]: General error: 1419 You do not have the SUPER privilege and binary logging is enabled (you *might* want to use the less safe log_bin_trust_function_creators variable), query was: CREATE TRIGGER trg_cataloginventory_stock_item_after_insert AFTER INSERT ON cataloginventory_stock_item FOR EACH ROW
BEGIN
INSERT INTO `cataloginventory_stock_cl` (`entity_id`) VALUES (NEW.`product_id`);
END
#0 /var/www/html/vendor/magento/framework/DB/Statement/Pdo/Mysql.php(89): Magento\Framework\DB\Statement\Pdo\Mysql->tryExecute(Object(Closure))
#1 /var/www/html/vendor/magento/zend-db/library/Zend/Db/Statement.php(313): Magento\Framework\DB\Statement\Pdo\Mysql->_execute(Array)
#2 /var/www/html/vendor/magento/zend-db/library/Zend/Db/Adapter/Abstract.php(480): Zend_Db_Statement->execute(Array)
#3 /var/www/html/vendor/magento/zend-db/library/Zend/Db/Adapter/Pdo/Abstract.php(242): Zend_Db_Adapter_Abstract->query('CREATE TRIGGER ...', Array)
#4 /var/www/html/vendor/magento/framework/DB/Adapter/Pdo/Mysql.php(692): Zend_Db_Adapter_Pdo_Abstract->query('CREATE TRIGGER ...', Array)
#5 /var/www/html/vendor/magento/framework/DB/Adapter/Pdo/Mysql.php(718): Magento\Framework\DB\Adapter\Pdo\Mysql->Magento\Framework\DB\Adapter\Pdo\{closure}()
#6 /var/www/html/vendor/magento/framework/DB/Adapter/Pdo/Mysql.php(692): Magento\Framework\DB\Adapter\Pdo\Mysql->performQuery(Object(Closure))
#7 /var/www/html/vendor/magento/framework/DB/Adapter/Pdo/Mysql.php(804): Magento\Framework\DB\Adapter\Pdo\Mysql->_query('CREATE TRIGGER ...', Array)
#8 /var/www/html/generated/code/Magento/Framework/DB/Adapter/Pdo/Mysql/Interceptor.php(104): Magento\Framework\DB\Adapter\Pdo\Mysql->multiQuery('CREATE TRIGGER ...', Array)
#9 /var/www/html/vendor/magento/framework/DB/Adapter/Pdo/Mysql.php(4246): Magento\Framework\DB\Adapter\Pdo\Mysql\Interceptor->multiQuery('CREATE TRIGGER ...')
#10 /var/www/html/generated/code/Magento/Framework/DB/Adapter/Pdo/Mysql/Interceptor.php(851): Magento\Framework\DB\Adapter\Pdo\Mysql->createTrigger(Object(Magento\Framework\DB\Ddl\Trigger))
#11 /var/www/html/vendor/magento/framework/Mview/View/Subscription.php(193): Magento\Framework\DB\Adapter\Pdo\Mysql\Interceptor->createTrigger(Object(Magento\Framework\DB\Ddl\Trigger))
#12 /var/www/html/vendor/magento/framework/Mview/View/Subscription.php(166): Magento\Framework\Mview\View\Subscription->saveTrigger(Object(Magento\Framework\DB\Ddl\Trigger))
#13 /var/www/html/vendor/magento/framework/Mview/View.php(211): Magento\Framework\Mview\View\Subscription->create()
#14 /var/www/html/generated/code/Magento/Framework/Mview/View/Interceptor.php(95): Magento\Framework\Mview\View->subscribe()
#15 /var/www/html/vendor/magento/module-indexer/Model/Indexer.php(326): Magento\Framework\Mview\View\Interceptor->subscribe()
#16 /var/www/html/vendor/magento/framework/Interception/Interceptor.php(58): Magento\Indexer\Model\Indexer->setScheduled(true)
#17 /var/www/html/vendor/magento/framework/Interception/Interceptor.php(138): Magento\Indexer\Model\Indexer\Interceptor->___callParent('setScheduled', Array)
#18 /var/www/html/vendor/magento/module-data-exporter/Plugin/ForceExporterIndexerModeOnSchedule.php(44): Magento\Indexer\Model\Indexer\Interceptor->Magento\Framework\Interception\{closure}(true)
#19 /var/www/html/vendor/magento/framework/Interception/Interceptor.php(135): Magento\DataExporter\Plugin\ForceExporterIndexerModeOnSchedule->aroundSetScheduled(Object(Magento\Indexer\Model\Indexer\Interceptor), Object(Closure), true)
#20 /var/www/html/vendor/magento/framework/Interception/Interceptor.php(153): Magento\Indexer\Model\Indexer\Interceptor->Magento\Framework\Interception\{closure}(true)
#21 /var/www/html/generated/code/Magento/Indexer/Model/Indexer/Interceptor.php(167): Magento\Indexer\Model\Indexer\Interceptor->___callPlugins('setScheduled', Array, NULL)
#22 /var/www/html/vendor/magento/module-indexer/Model/Indexer/DependencyDecorator.php(201): Magento\Indexer\Model\Indexer\Interceptor->setScheduled(true)
#23 /var/www/html/vendor/magento/framework/Interception/Interceptor.php(58): Magento\Indexer\Model\Indexer\DependencyDecorator->setScheduled(true)
#24 /var/www/html/vendor/magento/framework/Interception/Interceptor.php(138): Magento\Indexer\Model\Indexer\DependencyDecorator\Interceptor->___callParent('setScheduled', Array)
#25 /var/www/html/vendor/magento/module-data-exporter/Plugin/ForceExporterIndexerModeOnSchedule.php(44): Magento\Indexer\Model\Indexer\DependencyDecorator\Interceptor->Magento\Framework\Interception\{closure}(true)
#26 /var/www/html/vendor/magento/framework/Interception/Interceptor.php(135): Magento\DataExporter\Plugin\ForceExporterIndexerModeOnSchedule->aroundSetScheduled(Object(Magento\Indexer\Model\Indexer\DependencyDecorator\Interceptor), Object(Closure), true)
#27 /var/www/html/vendor/magento/framework/Interception/Interceptor.php(153): Magento\Indexer\Model\Indexer\DependencyDecorator\Interceptor->Magento\Framework\Interception\{closure}(true)
#28 /var/www/html/generated/code/Magento/Indexer/Model/Indexer/DependencyDecorator/Interceptor.php(149): Magento\Indexer\Model\Indexer\DependencyDecorator\Interceptor->___callPlugins('setScheduled', Array, NULL)
#29 /var/www/html/vendor/magento/module-indexer/Setup/Recurring.php(100): Magento\Indexer\Model\Indexer\DependencyDecorator\Interceptor->setScheduled(true)
#30 /var/www/html/setup/src/Magento/Setup/Model/Installer.php(1171): Magento\Indexer\Setup\Recurring->install(Object(Magento\Setup\Module\Setup), Object(Magento\Setup\Model\ModuleContext))
#31 /var/www/html/setup/src/Magento/Setup/Model/Installer.php(972): Magento\Setup\Model\Installer->handleDBSchemaData(Object(Magento\Setup\Module\Setup), 'schema', Array)
#32 [internal function]: Magento\Setup\Model\Installer->installSchema(Array)
#33 /var/www/html/setup/src/Magento/Setup/Model/Installer.php(422): call_user_func_array(Array, Array)
#34 /var/www/html/setup/src/Magento/Setup/Console/Command/InstallCommand.php(239): Magento\Setup\Model\Installer->install(Array)
#35 /var/www/html/vendor/symfony/console/Command/Command.php(341): Magento\Setup\Console\Command\InstallCommand->execute(Object(Symfony\Component\Console\Input\ArgvInput), Object(Symfony\Component\Console\Output\ConsoleOutput))
#36 /var/www/html/vendor/symfony/console/Application.php(1094): Symfony\Component\Console\Command\Command->run(Object(Symfony\Component\Console\Input\ArgvInput), Object(Symfony\Component\Console\Output\ConsoleOutput))
#37 /var/www/html/vendor/symfony/console/Application.php(356): Symfony\Component\Console\Application->doRunCommand(Object(Magento\Setup\Console\Command\InstallCommand), Object(Symfony\Component\Console\Input\ArgvInput), Object(Symfony\Component\Console\Output\ConsoleOutput))
#38 /var/www/html/vendor/magento/framework/Console/Cli.php(137): Symfony\Component\Console\Application->doRun(Object(Symfony\Component\Console\Input\ArgvInput), Object(Symfony\Component\Console\Output\ConsoleOutput))
#39 /var/www/html/vendor/symfony/console/Application.php(195): Magento\Framework\Console\Cli->doRun(Object(Symfony\Component\Console\Input\ArgvInput), Object(Symfony\Component\Console\Output\ConsoleOutput))
#40 /var/www/html/bin/magento(23): Symfony\Component\Console\Application->run()
#41 {main} [] []
[2026-05-19T04:05:30.882862+00:00] main.ERROR: SQLSTATE[HY000]: General error: 1419 You do not have the SUPER privilege and binary logging is enabled (you *might* want to use the less safe log_bin_trust_function_creators variable), query was: CREATE TRIGGER trg_cataloginventory_stock_item_after_insert AFTER INSERT ON cataloginventory_stock_item FOR EACH ROW
BEGIN
INSERT INTO `cataloginventory_stock_cl` (`entity_id`) VALUES (NEW.`product_id`);
END
#0 /var/www/html/vendor/magento/framework/DB/Statement/Pdo/Mysql.php(89): Magento\Framework\DB\Statement\Pdo\Mysql->tryExecute(Object(Closure))
#1 /var/www/html/vendor/magento/zend-db/library/Zend/Db/Statement.php(313): Magento\Framework\DB\Statement\Pdo\Mysql->_execute(Array)
#2 /var/www/html/vendor/magento/zend-db/library/Zend/Db/Adapter/Abstract.php(480): Zend_Db_Statement->execute(Array)
#3 /var/www/html/vendor/magento/zend-db/library/Zend/Db/Adapter/Pdo/Abstract.php(242): Zend_Db_Adapter_Abstract->query('CREATE TRIGGER ...', Array)
#4 /var/www/html/vendor/magento/framework/DB/Adapter/Pdo/Mysql.php(692): Zend_Db_Adapter_Pdo_Abstract->query('CREATE TRIGGER ...', Array)
#5 /var/www/html/vendor/magento/framework/DB/Adapter/Pdo/Mysql.php(718): Magento\Framework\DB\Adapter\Pdo\Mysql->Magento\Framework\DB\Adapter\Pdo\{closure}()
#6 /var/www/html/vendor/magento/framework/DB/Adapter/Pdo/Mysql.php(692): Magento\Framework\DB\Adapter\Pdo\Mysql->performQuery(Object(Closure))
#7 /var/www/html/vendor/magento/framework/DB/Adapter/Pdo/Mysql.php(804): Magento\Framework\DB\Adapter\Pdo\Mysql->_query('CREATE TRIGGER ...', Array)
#8 /var/www/html/generated/code/Magento/Framework/DB/Adapter/Pdo/Mysql/Interceptor.php(104): Magento\Framework\DB\Adapter\Pdo\Mysql->multiQuery('CREATE TRIGGER ...', Array)
#9 /var/www/html/vendor/magento/framework/DB/Adapter/Pdo/Mysql.php(4246): Magento\Framework\DB\Adapter\Pdo\Mysql\Interceptor->multiQuery('CREATE TRIGGER ...')
#10 /var/www/html/generated/code/Magento/Framework/DB/Adapter/Pdo/Mysql/Interceptor.php(851): Magento\Framework\DB\Adapter\Pdo\Mysql->createTrigger(Object(Magento\Framework\DB\Ddl\Trigger))
#11 /var/www/html/vendor/magento/framework/Mview/View/Subscription.php(193): Magento\Framework\DB\Adapter\Pdo\Mysql\Interceptor->createTrigger(Object(Magento\Framework\DB\Ddl\Trigger))
#12 /var/www/html/vendor/magento/framework/Mview/View/Subscription.php(166): Magento\Framework\Mview\View\Subscription->saveTrigger(Object(Magento\Framework\DB\Ddl\Trigger))
#13 /var/www/html/vendor/magento/framework/Mview/View.php(211): Magento\Framework\Mview\View\Subscription->create()
#14 /var/www/html/generated/code/Magento/Framework/Mview/View/Interceptor.php(95): Magento\Framework\Mview\View->subscribe()
#15 /var/www/html/vendor/magento/module-indexer/Model/Indexer.php(326): Magento\Framework\Mview\View\Interceptor->subscribe()
#16 /var/www/html/vendor/magento/framework/Interception/Interceptor.php(58): Magento\Indexer\Model\Indexer->setScheduled(true)
#17 /var/www/html/vendor/magento/framework/Interception/Interceptor.php(138): Magento\Indexer\Model\Indexer\Interceptor->___callParent('setScheduled', Array)
#18 /var/www/html/vendor/magento/module-data-exporter/Plugin/ForceExporterIndexerModeOnSchedule.php(44): Magento\Indexer\Model\Indexer\Interceptor->Magento\Framework\Interception\{closure}(true)
#19 /var/www/html/vendor/magento/framework/Interception/Interceptor.php(135): Magento\DataExporter\Plugin\ForceExporterIndexerModeOnSchedule->aroundSetScheduled(Object(Magento\Indexer\Model\Indexer\Interceptor), Object(Closure), true)
#20 /var/www/html/vendor/magento/framework/Interception/Interceptor.php(153): Magento\Indexer\Model\Indexer\Interceptor->Magento\Framework\Interception\{closure}(true)
#21 /var/www/html/generated/code/Magento/Indexer/Model/Indexer/Interceptor.php(167): Magento\Indexer\Model\Indexer\Interceptor->___callPlugins('setScheduled', Array, NULL)
#22 /var/www/html/vendor/magento/module-indexer/Model/Indexer/DependencyDecorator.php(201): Magento\Indexer\Model\Indexer\Interceptor->setScheduled(true)
#23 /var/www/html/vendor/magento/framework/Interception/Interceptor.php(58): Magento\Indexer\Model\Indexer\DependencyDecorator->setScheduled(true)
#24 /var/www/html/vendor/magento/framework/Interception/Interceptor.php(138): Magento\Indexer\Model\Indexer\DependencyDecorator\Interceptor->___callParent('setScheduled', Array)
#25 /var/www/html/vendor/magento/module-data-exporter/Plugin/ForceExporterIndexerModeOnSchedule.php(44): Magento\Indexer\Model\Indexer\DependencyDecorator\Interceptor->Magento\Framework\Interception\{closure}(true)
#26 /var/www/html/vendor/magento/framework/Interception/Interceptor.php(135): Magento\DataExporter\Plugin\ForceExporterIndexerModeOnSchedule->aroundSetScheduled(Object(Magento\Indexer\Model\Indexer\DependencyDecorator\Interceptor), Object(Closure), true)
#27 /var/www/html/vendor/magento/framework/Interception/Interceptor.php(153): Magento\Indexer\Model\Indexer\DependencyDecorator\Interceptor->Magento\Framework\Interception\{closure}(true)
#28 /var/www/html/generated/code/Magento/Indexer/Model/Indexer/DependencyDecorator/Interceptor.php(149): Magento\Indexer\Model\Indexer\DependencyDecorator\Interceptor->___callPlugins('setScheduled', Array, NULL)
#29 /var/www/html/vendor/magento/module-indexer/Setup/Recurring.php(100): Magento\Indexer\Model\Indexer\DependencyDecorator\Interceptor->setScheduled(true)
#30 /var/www/html/setup/src/Magento/Setup/Model/Installer.php(1171): Magento\Indexer\Setup\Recurring->install(Object(Magento\Setup\Module\Setup), Object(Magento\Setup\Model\ModuleContext))
#31 /var/www/html/setup/src/Magento/Setup/Model/Installer.php(972): Magento\Setup\Model\Installer->handleDBSchemaData(Object(Magento\Setup\Module\Setup), 'schema', Array)
#32 [internal function]: Magento\Setup\Model\Installer->installSchema(Array)
#33 /var/www/html/setup/src/Magento/Setup/Model/Installer.php(422): call_user_func_array(Array, Array)
#34 /var/www/html/setup/src/Magento/Setup/Console/Command/InstallCommand.php(239): Magento\Setup\Model\Installer->install(Array)
#35 /var/www/html/vendor/symfony/console/Command/Command.php(341): Magento\Setup\Console\Command\InstallCommand->execute(Object(Symfony\Component\Console\Input\ArgvInput), Object(Symfony\Component\Console\Output\ConsoleOutput))
#36 /var/www/html/vendor/symfony/console/Application.php(1094): Symfony\Component\Console\Command\Command->run(Object(Symfony\Component\Console\Input\ArgvInput), Object(Symfony\Component\Console\Output\ConsoleOutput))
#37 /var/www/html/vendor/symfony/console/Application.php(356): Symfony\Component\Console\Application->doRunCommand(Object(Magento\Setup\Console\Command\InstallCommand), Object(Symfony\Component\Console\Input\ArgvInput), Object(Symfony\Component\Console\Output\ConsoleOutput))
#38 /var/www/html/vendor/magento/framework/Console/Cli.php(137): Symfony\Component\Console\Application->doRun(Object(Symfony\Component\Console\Input\ArgvInput), Object(Symfony\Component\Console\Output\ConsoleOutput))
#39 /var/www/html/vendor/symfony/console/Application.php(195): Magento\Framework\Console\Cli->doRun(Object(Symfony\Component\Console\Input\ArgvInput), Object(Symfony\Component\Console\Output\ConsoleOutput))
#40 /var/www/html/bin/magento(23): Symfony\Component\Console\Application->run()
#41 {main} [] []
[2026-05-19T04:06:30.116877+00:00] main.INFO: Source table payment_services_order_status_data_production_submitted_hash does not exist. Skipping data migration... [] []
[2026-05-19T04:06:34.667044+00:00] main.ERROR: {"feed":"undefined","operation":"undefined","status":"CDE04-02 Cannot set indexer to Update On Schedule mode for indexer catalogsearch_fulltext. Error: Invalid entity_type specified: catalog_product","elapsed":"849 ms","pid":"65","caller":"\/var\/www\/html\/bin\/magento setup:install --base-url=http:\/\/magentoclaude.local\/ --db-host=db --db-name=magento --db-user=magento"} {"exception":"[object] (Magento\\Framework\\Exception\\LocalizedException(code: 0): Invalid entity_type specified: catalog_product at /var/www/html/vendor/magento/module-eav/Model/Config.php:476)"} []
[2026-05-19T04:06:34.710339+00:00] main.ERROR: Search engine 'elasticsearch7' is not an available search engine.
#0 /var/www/html/setup/src/Magento/Setup/Model/SearchConfig.php(62): Magento\Setup\Model\SearchConfig->validateSearchEngineSelection(Array)
#1 /var/www/html/setup/src/Magento/Setup/Model/Installer.php(1261): Magento\Setup\Model\SearchConfig->saveConfiguration(Array)
#2 [internal function]: Magento\Setup\Model\Installer->installSearchConfiguration(Array)
#3 /var/www/html/setup/src/Magento/Setup/Model/Installer.php(422): call_user_func_array(Array, Array)
#4 /var/www/html/setup/src/Magento/Setup/Console/Command/InstallCommand.php(239): Magento\Setup\Model\Installer->install(Array)
#5 /var/www/html/vendor/symfony/console/Command/Command.php(341): Magento\Setup\Console\Command\InstallCommand->execute(Object(Symfony\Component\Console\Input\ArgvInput), Object(Symfony\Component\Console\Output\ConsoleOutput))
#6 /var/www/html/vendor/symfony/console/Application.php(1094): Symfony\Component\Console\Command\Command->run(Object(Symfony\Component\Console\Input\ArgvInput), Object(Symfony\Component\Console\Output\ConsoleOutput))
#7 /var/www/html/vendor/symfony/console/Application.php(356): Symfony\Component\Console\Application->doRunCommand(Object(Magento\Setup\Console\Command\InstallCommand), Object(Symfony\Component\Console\Input\ArgvInput), Object(Symfony\Component\Console\Output\ConsoleOutput))
#8 /var/www/html/vendor/magento/framework/Console/Cli.php(137): Symfony\Component\Console\Application->doRun(Object(Symfony\Component\Console\Input\ArgvInput), Object(Symfony\Component\Console\Output\ConsoleOutput))
#9 /var/www/html/vendor/symfony/console/Application.php(195): Magento\Framework\Console\Cli->doRun(Object(Symfony\Component\Console\Input\ArgvInput), Object(Symfony\Component\Console\Output\ConsoleOutput))
#10 /var/www/html/bin/magento(23): Symfony\Component\Console\Application->run()
#11 {main} [] []
[2026-05-19T04:20:58.575954+00:00] main.INFO: Source table payment_services_order_status_data_production_submitted_hash does not exist. Skipping data migration... [] []
[2026-05-19T04:21:03.059418+00:00] main.ERROR: {"feed":"undefined","operation":"undefined","status":"CDE04-02 Cannot set indexer to Update On Schedule mode for indexer catalogsearch_fulltext. Error: Invalid entity_type specified: catalog_product","elapsed":"00:00:00 648 ms","pid":"295","caller":"\/var\/www\/html\/bin\/magento setup:install --base-url=http:\/\/magentoclaude.local\/ --db-host=db --db-name=magento --db-user=magento"} {"exception":"[object] (Magento\\Framework\\Exception\\LocalizedException(code: 0): Invalid entity_type specified: catalog_product at /var/www/html/vendor/magento/module-eav/Model/Config.php:476)"} []
[2026-05-19T04:21:03.426292+00:00] main.DEBUG: cache_invalidate:  {"method":"GET","url":"http:/","invalidateInfo":{"tags":["CONFIG","MAGE"],"mode":"matchingTag"}} []
[2026-05-19T04:21:03.426366+00:00] main.DEBUG: cache_invalidate:  {"method":"GET","url":"http:/","invalidateInfo":{"tags":["CONFIG"],"mode":"matchingTag"}} []
[2026-05-19T04:21:03.431213+00:00] main.DEBUG: cache_invalidate:  {"method":"GET","url":"http:/","invalidateInfo":{"tags":["LAYOUT_GENERAL_CACHE_TAG","MAGE"],"mode":"matchingTag"}} []
[2026-05-19T04:21:03.431296+00:00] main.DEBUG: cache_invalidate:  {"method":"GET","url":"http:/","invalidateInfo":{"tags":["LAYOUT_GENERAL_CACHE_TAG"],"mode":"matchingTag"}} []
[2026-05-19T04:21:03.431514+00:00] main.DEBUG: cache_invalidate:  {"method":"GET","url":"http:/","invalidateInfo":{"tags":["BLOCK_HTML","MAGE"],"mode":"matchingTag"}} []
[2026-05-19T04:21:03.431545+00:00] main.DEBUG: cache_invalidate:  {"method":"GET","url":"http:/","invalidateInfo":{"tags":["BLOCK_HTML"],"mode":"matchingTag"}} []
[2026-05-19T04:21:03.431661+00:00] main.DEBUG: cache_invalidate:  {"method":"GET","url":"http:/","invalidateInfo":{"tags":["COLLECTION_DATA","MAGE"],"mode":"matchingTag"}} []
[2026-05-19T04:21:03.431686+00:00] main.DEBUG: cache_invalidate:  {"method":"GET","url":"http:/","invalidateInfo":{"tags":["COLLECTION_DATA"],"mode":"matchingTag"}} []
[2026-05-19T04:21:03.431789+00:00] main.DEBUG: cache_invalidate:  {"method":"GET","url":"http:/","invalidateInfo":{"tags":["REFLECTION","MAGE"],"mode":"matchingTag"}} []
[2026-05-19T04:21:03.431808+00:00] main.DEBUG: cache_invalidate:  {"method":"GET","url":"http:/","invalidateInfo":{"tags":["REFLECTION"],"mode":"matchingTag"}} []
[2026-05-19T04:21:03.431905+00:00] main.DEBUG: cache_invalidate:  {"method":"GET","url":"http:/","invalidateInfo":{"tags":["DB_DDL","MAGE"],"mode":"matchingTag"}} []
[2026-05-19T04:21:03.431924+00:00] main.DEBUG: cache_invalidate:  {"method":"GET","url":"http:/","invalidateInfo":{"tags":["DB_DDL"],"mode":"matchingTag"}} []
[2026-05-19T04:21:03.432021+00:00] main.DEBUG: cache_invalidate:  {"method":"GET","url":"http:/","invalidateInfo":{"tags":["COMPILED_CONFIG","MAGE"],"mode":"matchingTag"}} []
[2026-05-19T04:21:03.432039+00:00] main.DEBUG: cache_invalidate:  {"method":"GET","url":"http:/","invalidateInfo":{"tags":["COMPILED_CONFIG"],"mode":"matchingTag"}} []
[2026-05-19T04:21:03.432132+00:00] main.DEBUG: cache_invalidate:  {"method":"GET","url":"http:/","invalidateInfo":{"tags":["EAV","MAGE"],"mode":"matchingTag"}} []
[2026-05-19T04:21:03.432151+00:00] main.DEBUG: cache_invalidate:  {"method":"GET","url":"http:/","invalidateInfo":{"tags":["EAV"],"mode":"matchingTag"}} []
[2026-05-19T04:21:03.432258+00:00] main.DEBUG: cache_invalidate:  {"method":"GET","url":"http:/","invalidateInfo":{"tags":["CUSTOMER_NOTIFICATION","MAGE"],"mode":"matchingTag"}} []
[2026-05-19T04:21:03.432276+00:00] main.DEBUG: cache_invalidate:  {"method":"GET","url":"http:/","invalidateInfo":{"tags":["CUSTOMER_NOTIFICATION"],"mode":"matchingTag"}} []
[2026-05-19T04:21:03.432370+00:00] main.DEBUG: cache_invalidate:  {"method":"GET","url":"http:/","invalidateInfo":{"tags":["INTEGRATION","MAGE"],"mode":"matchingTag"}} []
[2026-05-19T04:21:03.432388+00:00] main.DEBUG: cache_invalidate:  {"method":"GET","url":"http:/","invalidateInfo":{"tags":["INTEGRATION"],"mode":"matchingTag"}} []
[2026-05-19T04:21:03.432480+00:00] main.DEBUG: cache_invalidate:  {"method":"GET","url":"http:/","invalidateInfo":{"tags":["INTEGRATION_API_CONFIG","MAGE"],"mode":"matchingTag"}} []
[2026-05-19T04:21:03.432498+00:00] main.DEBUG: cache_invalidate:  {"method":"GET","url":"http:/","invalidateInfo":{"tags":["INTEGRATION_API_CONFIG"],"mode":"matchingTag"}} []
[2026-05-19T04:21:03.432590+00:00] main.DEBUG: cache_invalidate:  {"method":"GET","url":"http:/","invalidateInfo":{"tags":["GRAPHQL_QUERY_RESOLVER_RESULT","MAGE"],"mode":"matchingTag"}} []
[2026-05-19T04:21:03.432609+00:00] main.DEBUG: cache_invalidate:  {"method":"GET","url":"http:/","invalidateInfo":{"tags":["GRAPHQL_QUERY_RESOLVER_RESULT"],"mode":"matchingTag"}} []
[2026-05-19T04:21:03.432888+00:00] main.DEBUG: cache_invalidate:  {"method":"GET","url":"http:/","invalidateInfo":{"tags":["FPC","MAGE"],"mode":"matchingTag"}} []
[2026-05-19T04:21:03.432911+00:00] main.DEBUG: cache_invalidate:  {"method":"GET","url":"http:/","invalidateInfo":{"tags":["FPC"],"mode":"matchingTag"}} []
[2026-05-19T04:21:03.433028+00:00] main.DEBUG: cache_invalidate:  {"method":"GET","url":"http:/","invalidateInfo":{"tags":["WEBSERVICE","MAGE"],"mode":"matchingTag"}} []
[2026-05-19T04:21:03.433047+00:00] main.DEBUG: cache_invalidate:  {"method":"GET","url":"http:/","invalidateInfo":{"tags":["WEBSERVICE"],"mode":"matchingTag"}} []
[2026-05-19T04:21:03.433145+00:00] main.DEBUG: cache_invalidate:  {"method":"GET","url":"http:/","invalidateInfo":{"tags":["TRANSLATE","MAGE"],"mode":"matchingTag"}} []
[2026-05-19T04:21:03.433165+00:00] main.DEBUG: cache_invalidate:  {"method":"GET","url":"http:/","invalidateInfo":{"tags":["TRANSLATE"],"mode":"matchingTag"}} []
[2026-05-19T04:21:03.861128+00:00] main.DEBUG: cache_invalidate:  {"method":"GET","url":"http:/","invalidateInfo":{"tags":["BACKEND_MAINMENU","MAGE"],"mode":"matchingTag"}} []
[2026-05-19T04:21:03.861193+00:00] main.DEBUG: cache_invalidate:  {"method":"GET","url":"http:/","invalidateInfo":{"tags":["BACKEND_MAINMENU"],"mode":"matchingTag"}} []
[2026-05-19T04:21:03.861256+00:00] main.DEBUG: cache_invalidate:  {"method":"GET","url":"http:/","invalidateInfo":{"tags":["user_assigned_role","MAGE"],"mode":"matchingTag"}} []
[2026-05-19T04:21:03.861284+00:00] main.DEBUG: cache_invalidate:  {"method":"GET","url":"http:/","invalidateInfo":{"tags":["user_assigned_role"],"mode":"matchingAnyTag"}} []
[2026-05-19T04:21:03.878807+00:00] main.DEBUG: cache_invalidate:  {"method":"GET","url":"http:/","invalidateInfo":{"tags":["EAV","MAGE"],"mode":"matchingTag"}} []
[2026-05-19T04:21:03.878865+00:00] main.DEBUG: cache_invalidate:  {"method":"GET","url":"http:/","invalidateInfo":{"tags":["EAV"],"mode":"matchingAnyTag"}} []
[2026-05-19T04:21:03.880678+00:00] main.DEBUG: cache_invalidate:  {"method":"GET","url":"http:/","invalidateInfo":{"tags":["EAV","MAGE"],"mode":"matchingTag"}} []
[2026-05-19T04:21:03.880735+00:00] main.DEBUG: cache_invalidate:  {"method":"GET","url":"http:/","invalidateInfo":{"tags":["EAV_ATTRIBUTE","MAGE"],"mode":"matchingTag"}} []
[2026-05-19T04:21:03.880757+00:00] main.DEBUG: cache_invalidate:  {"method":"GET","url":"http:/","invalidateInfo":{"tags":["EAV","EAV_ATTRIBUTE"],"mode":"matchingAnyTag"}} []
[2026-05-19T04:21:03.911077+00:00] main.DEBUG: cache_invalidate:  {"method":"GET","url":"http:/","invalidateInfo":{"tags":["EAV","MAGE"],"mode":"matchingTag"}} []
[2026-05-19T04:21:03.911168+00:00] main.DEBUG: cache_invalidate:  {"method":"GET","url":"http:/","invalidateInfo":{"tags":["EAV_ATTRIBUTE","MAGE"],"mode":"matchingTag"}} []
[2026-05-19T04:21:03.911192+00:00] main.DEBUG: cache_invalidate:  {"method":"GET","url":"http:/","invalidateInfo":{"tags":["EAV","EAV_ATTRIBUTE"],"mode":"matchingAnyTag"}} []
[2026-05-19T04:21:03.935116+00:00] main.DEBUG: cache_invalidate:  {"method":"GET","url":"http:/","invalidateInfo":{"tags":["EAV","MAGE"],"mode":"matchingTag"}} []
[2026-05-19T04:21:03.935202+00:00] main.DEBUG: cache_invalidate:  {"method":"GET","url":"http:/","invalidateInfo":{"tags":["EAV_ATTRIBUTE","MAGE"],"mode":"matchingTag"}} []
[2026-05-19T04:21:03.935225+00:00] main.DEBUG: cache_invalidate:  {"method":"GET","url":"http:/","invalidateInfo":{"tags":["EAV","EAV_ATTRIBUTE"],"mode":"matchingAnyTag"}} []
[2026-05-19T04:21:03.936243+00:00] main.DEBUG: cache_invalidate:  {"method":"GET","url":"http:/","invalidateInfo":{"tags":["EAV","MAGE"],"mode":"matchingTag"}} []
[2026-05-19T04:21:03.936295+00:00] main.DEBUG: cache_invalidate:  {"method":"GET","url":"http:/","invalidateInfo":{"tags":["EAV_ATTRIBUTE","MAGE"],"mode":"matchingTag"}} []
[2026-05-19T04:21:03.936315+00:00] main.DEBUG: cache_invalidate:  {"method":"GET","url":"http:/","invalidateInfo":{"tags":["EAV","EAV_ATTRIBUTE"],"mode":"matchingAnyTag"}} []
[2026-05-19T04:21:03.936354+00:00] main.DEBUG: cache_invalidate:  {"method":"GET","url":"http:/","invalidateInfo":{"tags":["EAV","MAGE"],"mode":"matchingTag"}} []
[2026-05-19T04:21:03.936389+00:00] main.DEBUG: cache_invalidate:  {"method":"GET","url":"http:/","invalidateInfo":{"tags":["EAV_ATTRIBUTE","MAGE"],"mode":"matchingTag"}} []
[2026-05-19T04:21:03.936407+00:00] main.DEBUG: cache_invalidate:  {"method":"GET","url":"http:/","invalidateInfo":{"tags":["EAV","EAV_ATTRIBUTE"],"mode":"matchingAnyTag"}} []
[2026-05-19T04:21:03.936453+00:00] main.DEBUG: cache_invalidate:  {"method":"GET","url":"http:/","invalidateInfo":{"tags":["EAV_ATTRIBUTE","MAGE"],"mode":"matchingTag"}} []
[2026-05-19T04:21:03.936471+00:00] main.DEBUG: cache_invalidate:  {"method":"GET","url":"http:/","invalidateInfo":{"tags":["EAV_ATTRIBUTE"],"mode":"matchingAnyTag"}} []
[2026-05-19T04:21:03.937006+00:00] main.DEBUG: cache_invalidate:  {"method":"GET","url":"http:/","invalidateInfo":{"tags":["EAV_ATTRIBUTE_21","FPC","MAGE"],"mode":"matchingTag"}} []
[2026-05-19T04:21:03.937044+00:00] main.DEBUG: cache_invalidate:  {"method":"GET","url":"http:/","invalidateInfo":{"tags":["EAV_ATTRIBUTE_21","FPC"],"mode":"matchingTag"}} []
[2026-05-19T04:21:03.937080+00:00] main.DEBUG: cache_invalidate:  {"method":"GET","url":"http:/","invalidateInfo":{"tags":["EAV_ENTITY_TYPES_CUSTOMER_ENTITY","FPC","MAGE"],"mode":"matchingTag"}} []
[2026-05-19T04:21:03.937098+00:00] main.DEBUG: cache_invalidate:  {"method":"GET","url":"http:/","invalidateInfo":{"tags":["EAV_ENTITY_TYPES_CUSTOMER_ENTITY","FPC"],"mode":"matchingTag"}} []
[2026-05-19T04:21:03.937126+00:00] main.DEBUG: cache_invalidate:  {"method":"GET","url":"http:/","invalidateInfo":{"tags":["EAV_FORM_adminhtml_customer_FORM","FPC","MAGE"],"mode":"matchingTag"}} []
[2026-05-19T04:21:03.937152+00:00] main.DEBUG: cache_invalidate:  {"method":"GET","url":"http:/","invalidateInfo":{"tags":["EAV_FORM_adminhtml_customer_FORM","FPC"],"mode":"matchingTag"}} []
[2026-05-19T04:21:03.937177+00:00] main.DEBUG: cache_invalidate:  {"method":"GET","url":"http:/","invalidateInfo":{"tags":["EAV_ATTRIBUTE_customer_disable_auto_group_change","FPC","MAGE"],"mode":"matchingTag"}} []
[2026-05-19T04:21:03.937194+00:00] main.DEBUG: cache_invalidate:  {"method":"GET","url":"http:/","invalidateInfo":{"tags":["EAV_ATTRIBUTE_customer_disable_auto_group_change","FPC"],"mode":"matchingTag"}} []
[2026-05-19T04:21:03.946648+00:00] main.DEBUG: cache_invalidate:  {"method":"GET","url":"http:/","invalidateInfo":{"tags":["EAV","MAGE"],"mode":"matchingTag"}} []
[2026-05-19T04:21:03.946728+00:00] main.DEBUG: cache_invalidate:  {"method":"GET","url":"http:/","invalidateInfo":{"tags":["EAV_ATTRIBUTE","MAGE"],"mode":"matchingTag"}} []
[2026-05-19T04:21:03.946752+00:00] main.DEBUG: cache_invalidate:  {"method":"GET","url":"http:/","invalidateInfo":{"tags":["EAV","EAV_ATTRIBUTE"],"mode":"matchingAnyTag"}} []
[2026-05-19T04:21:03.947050+00:00] main.DEBUG: cache_invalidate:  {"method":"GET","url":"http:/","invalidateInfo":{"tags":["EAV","MAGE"],"mode":"matchingTag"}} []
[2026-05-19T04:21:03.947112+00:00] main.DEBUG: cache_invalidate:  {"method":"GET","url":"http:/","invalidateInfo":{"tags":["EAV_ATTRIBUTE","MAGE"],"mode":"matchingTag"}} []
[2026-05-19T04:21:03.947134+00:00] main.DEBUG: cache_invalidate:  {"method":"GET","url":"http:/","invalidateInfo":{"tags":["EAV","EAV_ATTRIBUTE"],"mode":"matchingAnyTag"}} []
[2026-05-19T04:21:03.947175+00:00] main.DEBUG: cache_invalidate:  {"method":"GET","url":"http:/","invalidateInfo":{"tags":["EAV","MAGE"],"mode":"matchingTag"}} []
[2026-05-19T04:21:03.947213+00:00] main.DEBUG: cache_invalidate:  {"method":"GET","url":"http:/","invalidateInfo":{"tags":["EAV_ATTRIBUTE","MAGE"],"mode":"matchingTag"}} []
[2026-05-19T04:21:03.947243+00:00] main.DEBUG: cache_invalidate:  {"method":"GET","url":"http:/","invalidateInfo":{"tags":["EAV","EAV_ATTRIBUTE"],"mode":"matchingAnyTag"}} []
[2026-05-19T04:21:03.947383+00:00] main.DEBUG: cache_invalidate:  {"method":"GET","url":"http:/","invalidateInfo":{"tags":["EAV_ATTRIBUTE","MAGE"],"mode":"matchingTag"}} []
[2026-05-19T04:21:03.947402+00:00] main.DEBUG: cache_invalidate:  {"method":"GET","url":"http:/","invalidateInfo":{"tags":["EAV_ATTRIBUTE"],"mode":"matchingAnyTag"}} []
[2026-05-19T04:21:03.947679+00:00] main.DEBUG: cache_invalidate:  {"method":"GET","url":"http:/","invalidateInfo":{"tags":["EAV_ATTRIBUTE_36","FPC","MAGE"],"mode":"matchingTag"}} []
[2026-05-19T04:21:03.947704+00:00] main.DEBUG: cache_invalidate:  {"method":"GET","url":"http:/","invalidateInfo":{"tags":["EAV_ATTRIBUTE_36","FPC"],"mode":"matchingTag"}} []
[2026-05-19T04:21:03.947728+00:00] main.DEBUG: cache_invalidate:  {"method":"GET","url":"http:/","invalidateInfo":{"tags":["EAV_ENTITY_TYPES_CUSTOMER_ADDRESS_ENTITY","FPC","MAGE"],"mode":"matchingTag"}} []
[2026-05-19T04:21:03.947745+00:00] main.DEBUG: cache_invalidate:  {"method":"GET","url":"http:/","invalidateInfo":{"tags":["EAV_ENTITY_TYPES_CUSTOMER_ADDRESS_ENTITY","FPC"],"mode":"matchingTag"}} []
[2026-05-19T04:21:03.947765+00:00] main.DEBUG: cache_invalidate:  {"method":"GET","url":"http:/","invalidateInfo":{"tags":["EAV_FORM_adminhtml_customer_address_FORM","FPC","MAGE"],"mode":"matchingTag"}} []
[2026-05-19T04:21:03.947781+00:00] main.DEBUG: cache_invalidate:  {"method":"GET","url":"http:/","invalidateInfo":{"tags":["EAV_FORM_adminhtml_customer_address_FORM","FPC"],"mode":"matchingTag"}} []
[2026-05-19T04:21:03.947804+00:00] main.DEBUG: cache_invalidate:  {"method":"GET","url":"http:/","invalidateInfo":{"tags":["EAV_FORM_customer_address_edit_FORM","FPC","MAGE"],"mode":"matchingTag"}} []
[2026-05-19T04:21:03.947820+00:00] main.DEBUG: cache_invalidate:  {"method":"GET","url":"http:/","invalidateInfo":{"tags":["EAV_FORM_customer_address_edit_FORM","FPC"],"mode":"matchingTag"}} []
[2026-05-19T04:21:03.947859+00:00] main.DEBUG: cache_invalidate:  {"method":"GET","url":"http:/","invalidateInfo":{"tags":["EAV_FORM_customer_register_address_FORM","FPC","MAGE"],"mode":"matchingTag"}} []
[2026-05-19T04:21:03.947881+00:00] main.DEBUG: cache_invalidate:  {"method":"GET","url":"http:/","invalidateInfo":{"tags":["EAV_FORM_customer_register_address_FORM","FPC"],"mode":"matchingTag"}} []
[2026-05-19T04:21:03.947901+00:00] main.DEBUG: cache_invalidate:  {"method":"GET","url":"http:/","invalidateInfo":{"tags":["EAV_ATTRIBUTE_customer_address_vat_id","FPC","MAGE"],"mode":"matchingTag"}} []
[2026-05-19T04:21:03.947916+00:00] main.DEBUG: cache_invalidate:  {"method":"GET","url":"http:/","invalidateInfo":{"tags":["EAV_ATTRIBUTE_customer_address_vat_id","FPC"],"mode":"matchingTag"}} []
[2026-05-19T04:21:03.948499+00:00] main.DEBUG: cache_invalidate:  {"method":"GET","url":"http:/","invalidateInfo":{"tags":["EAV","MAGE"],"mode":"matchingTag"}} []
[2026-05-19T04:21:03.948560+00:00] main.DEBUG: cache_invalidate:  {"method":"GET","url":"http:/","invalidateInfo":{"tags":["EAV_ATTRIBUTE","MAGE"],"mode":"matchingTag"}} []
[2026-05-19T04:21:03.948583+00:00] main.DEBUG: cache_invalidate:  {"method":"GET","url":"http:/","invalidateInfo":{"tags":["EAV","EAV_ATTRIBUTE"],"mode":"matchingAnyTag"}} []
[2026-05-19T04:21:03.948989+00:00] main.DEBUG: cache_invalidate:  {"method":"GET","url":"http:/","invalidateInfo":{"tags":["EAV","MAGE"],"mode":"matchingTag"}} []
[2026-05-19T04:21:03.949030+00:00] main.DEBUG: cache_invalidate:  {"method":"GET","url":"http:/","invalidateInfo":{"tags":["EAV_ATTRIBUTE","MAGE"],"mode":"matchingTag"}} []
[2026-05-19T04:21:03.949048+00:00] main.DEBUG: cache_invalidate:  {"method":"GET","url":"http:/","invalidateInfo":{"tags":["EAV","EAV_ATTRIBUTE"],"mode":"matchingAnyTag"}} []
[2026-05-19T04:21:03.952902+00:00] main.DEBUG: cache_invalidate:  {"method":"GET","url":"http:/","invalidateInfo":{"tags":["EAV_ATTRIBUTE_21","FPC","MAGE"],"mode":"matchingTag"}} []
[2026-05-19T04:21:03.952937+00:00] main.DEBUG: cache_invalidate:  {"method":"GET","url":"http:/","invalidateInfo":{"tags":["EAV_ATTRIBUTE_21","FPC"],"mode":"matchingTag"}} []
[2026-05-19T04:21:03.952959+00:00] main.DEBUG: cache_invalidate:  {"method":"GET","url":"http:/","invalidateInfo":{"tags":["EAV_ATTRIBUTE_customer_disable_auto_group_change","FPC","MAGE"],"mode":"matchingTag"}} []
[2026-05-19T04:21:03.952975+00:00] main.DEBUG: cache_invalidate:  {"method":"GET","url":"http:/","invalidateInfo":{"tags":["EAV_ATTRIBUTE_customer_disable_auto_group_change","FPC"],"mode":"matchingTag"}} []
[2026-05-19T04:21:03.953149+00:00] main.DEBUG: cache_invalidate:  {"method":"GET","url":"http:/","invalidateInfo":{"tags":["EAV_ATTRIBUTE_36","FPC","MAGE"],"mode":"matchingTag"}} []
[2026-05-19T04:21:03.953170+00:00] main.DEBUG: cache_invalidate:  {"method":"GET","url":"http:/","invalidateInfo":{"tags":["EAV_ATTRIBUTE_36","FPC"],"mode":"matchingTag"}} []
[2026-05-19T04:21:03.953191+00:00] main.DEBUG: cache_invalidate:  {"method":"GET","url":"http:/","invalidateInfo":{"tags":["EAV_ATTRIBUTE_customer_address_vat_id","FPC","MAGE"],"mode":"matchingTag"}} []
[2026-05-19T04:21:03.953207+00:00] main.DEBUG: cache_invalidate:  {"method":"GET","url":"http:/","invalidateInfo":{"tags":["EAV_ATTRIBUTE_customer_address_vat_id","FPC"],"mode":"matchingTag"}} []
[2026-05-19T04:21:03.958968+00:00] main.DEBUG: cache_invalidate:  {"method":"GET","url":"http:/","invalidateInfo":{"tags":["EAV","MAGE"],"mode":"matchingTag"}} []
[2026-05-19T04:21:03.959040+00:00] main.DEBUG: cache_invalidate:  {"method":"GET","url":"http:/","invalidateInfo":{"tags":["EAV_ATTRIBUTE","MAGE"],"mode":"matchingTag"}} []
[2026-05-19T04:21:03.959064+00:00] main.DEBUG: cache_invalidate:  {"method":"GET","url":"http:/","invalidateInfo":{"tags":["EAV","EAV_ATTRIBUTE"],"mode":"matchingAnyTag"}} []
[2026-05-19T04:21:03.959279+00:00] main.DEBUG: cache_invalidate:  {"method":"GET","url":"http:/","invalidateInfo":{"tags":["EAV","MAGE"],"mode":"matchingTag"}} []
[2026-05-19T04:21:03.959324+00:00] main.DEBUG: cache_invalidate:  {"method":"GET","url":"http:/","invalidateInfo":{"tags":["EAV_ATTRIBUTE","MAGE"],"mode":"matchingTag"}} []
[2026-05-19T04:21:03.959343+00:00] main.DEBUG: cache_invalidate:  {"method":"GET","url":"http:/","invalidateInfo":{"tags":["EAV","EAV_ATTRIBUTE"],"mode":"matchingAnyTag"}} []
[2026-05-19T04:21:03.959382+00:00] main.DEBUG: cache_invalidate:  {"method":"GET","url":"http:/","invalidateInfo":{"tags":["EAV","MAGE"],"mode":"matchingTag"}} []
[2026-05-19T04:21:03.959420+00:00] main.DEBUG: cache_invalidate:  {"method":"GET","url":"http:/","invalidateInfo":{"tags":["EAV_ATTRIBUTE","MAGE"],"mode":"matchingTag"}} []
[2026-05-19T04:21:03.959437+00:00] main.DEBUG: cache_invalidate:  {"method":"GET","url":"http:/","invalidateInfo":{"tags":["EAV","EAV_ATTRIBUTE"],"mode":"matchingAnyTag"}} []
[2026-05-19T04:21:03.959483+00:00] main.DEBUG: cache_invalidate:  {"method":"GET","url":"http:/","invalidateInfo":{"tags":["EAV_ATTRIBUTE","MAGE"],"mode":"matchingTag"}} []
[2026-05-19T04:21:03.959500+00:00] main.DEBUG: cache_invalidate:  {"method":"GET","url":"http:/","invalidateInfo":{"tags":["EAV_ATTRIBUTE"],"mode":"matchingAnyTag"}} []
[2026-05-19T04:21:03.960561+00:00] main.DEBUG: cache_invalidate:  {"method":"GET","url":"http:/","invalidateInfo":{"tags":["EAV_ATTRIBUTE_1","FPC","MAGE"],"mode":"matchingTag"}} []
[2026-05-19T04:21:03.960591+00:00] main.DEBUG: cache_invalidate:  {"method":"GET","url":"http:/","invalidateInfo":{"tags":["EAV_ATTRIBUTE_1","FPC"],"mode":"matchingTag"}} []
[2026-05-19T04:21:03.960613+00:00] main.DEBUG: cache_invalidate:  {"method":"GET","url":"http:/","invalidateInfo":{"tags":["EAV_ENTITY_TYPES_CUSTOMER_ENTITY","FPC","MAGE"],"mode":"matchingTag"}} []
[2026-05-19T04:21:03.960629+00:00] main.DEBUG: cache_invalidate:  {"method":"GET","url":"http:/","invalidateInfo":{"tags":["EAV_ENTITY_TYPES_CUSTOMER_ENTITY","FPC"],"mode":"matchingTag"}} []
[2026-05-19T04:21:03.960649+00:00] main.DEBUG: cache_invalidate:  {"method":"GET","url":"http:/","invalidateInfo":{"tags":["EAV_FORM_adminhtml_customer_FORM","FPC","MAGE"],"mode":"matchingTag"}} []
[2026-05-19T04:21:03.960664+00:00] main.DEBUG: cache_invalidate:  {"method":"GET","url":"http:/","invalidateInfo":{"tags":["EAV_FORM_adminhtml_customer_FORM","FPC"],"mode":"matchingTag"}} []
[2026-05-19T04:21:03.960686+00:00] main.DEBUG: cache_invalidate:  {"method":"GET","url":"http:/","invalidateInfo":{"tags":["EAV_ATTRIBUTE_customer_website_id","FPC","MAGE"],"mode":"matchingTag"}} []
[2026-05-19T04:21:03.960701+00:00] main.DEBUG: cache_invalidate:  {"method":"GET","url":"http:/","invalidateInfo":{"tags":["EAV_ATTRIBUTE_customer_website_id","FPC"],"mode":"matchingTag"}} []
[2026-05-19T04:21:03.962785+00:00] main.DEBUG: cache_invalidate:  {"method":"GET","url":"http:/","invalidateInfo":{"tags":["EAV","MAGE"],"mode":"matchingTag"}} []
[2026-05-19T04:21:03.962859+00:00] main.DEBUG: cache_invalidate:  {"method":"GET","url":"http:/","invalidateInfo":{"tags":["EAV_ATTRIBUTE","MAGE"],"mode":"matchingTag"}} []
[2026-05-19T04:21:03.962881+00:00] main.DEBUG: cache_invalidate:  {"method":"GET","url":"http:/","invalidateInfo":{"tags":["EAV","EAV_ATTRIBUTE"],"mode":"matchingAnyTag"}} []
[2026-05-19T04:21:03.963116+00:00] main.DEBUG: cache_invalidate:  {"method":"GET","url":"http:/","invalidateInfo":{"tags":["EAV","MAGE"],"mode":"matchingTag"}} []
[2026-05-19T04:21:03.963159+00:00] main.DEBUG: cache_invalidate:  {"method":"GET","url":"http:/","invalidateInfo":{"tags":["EAV_ATTRIBUTE","MAGE"],"mode":"matchingTag"}} []
[2026-05-19T04:21:03.963177+00:00] main.DEBUG: cache_invalidate:  {"method":"GET","url":"http:/","invalidateInfo":{"tags":["EAV","EAV_ATTRIBUTE"],"mode":"matchingAnyTag"}} []
[2026-05-19T04:21:03.963219+00:00] main.DEBUG: cache_invalidate:  {"method":"GET","url":"http:/","invalidateInfo":{"tags":["EAV","MAGE"],"mode":"matchingTag"}} []
[2026-05-19T04:21:03.963278+00:00] main.DEBUG: cache_invalidate:  {"method":"GET","url":"http:/","invalidateInfo":{"tags":["EAV_ATTRIBUTE","MAGE"],"mode":"matchingTag"}} []
[2026-05-19T04:21:03.963295+00:00] main.DEBUG: cache_invalidate:  {"method":"GET","url":"http:/","invalidateInfo":{"tags":["EAV","EAV_ATTRIBUTE"],"mode":"matchingAnyTag"}} []
[2026-05-19T04:21:03.963339+00:00] main.DEBUG: cache_invalidate:  {"method":"GET","url":"http:/","invalidateInfo":{"tags":["EAV_ATTRIBUTE","MAGE"],"mode":"matchingTag"}} []
[2026-05-19T04:21:03.963356+00:00] main.DEBUG: cache_invalidate:  {"method":"GET","url":"http:/","invalidateInfo":{"tags":["EAV_ATTRIBUTE"],"mode":"matchingAnyTag"}} []
[2026-05-19T04:21:03.963689+00:00] main.DEBUG: cache_invalidate:  {"method":"GET","url":"http:/","invalidateInfo":{"tags":["EAV_ATTRIBUTE_3","FPC","MAGE"],"mode":"matchingTag"}} []
[2026-05-19T04:21:03.963712+00:00] main.DEBUG: cache_invalidate:  {"method":"GET","url":"http:/","invalidateInfo":{"tags":["EAV_ATTRIBUTE_3","FPC"],"mode":"matchingTag"}} []
[2026-05-19T04:21:03.963733+00:00] main.DEBUG: cache_invalidate:  {"method":"GET","url":"http:/","invalidateInfo":{"tags":["EAV_ENTITY_TYPES_CUSTOMER_ENTITY","FPC","MAGE"],"mode":"matchingTag"}} []
[2026-05-19T04:21:03.963749+00:00] main.DEBUG: cache_invalidate:  {"method":"GET","url":"http:/","invalidateInfo":{"tags":["EAV_ENTITY_TYPES_CUSTOMER_ENTITY","FPC"],"mode":"matchingTag"}} []
[2026-05-19T04:21:03.963768+00:00] main.DEBUG: cache_invalidate:  {"method":"GET","url":"http:/","invalidateInfo":{"tags":["EAV_FORM_adminhtml_customer_FORM","FPC","MAGE"],"mode":"matchingTag"}} []
[2026-05-19T04:21:03.963783+00:00] main.DEBUG: cache_invalidate:  {"method":"GET","url":"http:/","invalidateInfo":{"tags":["EAV_FORM_adminhtml_customer_FORM","FPC"],"mode":"matchingTag"}} []
[2026-05-19T04:21:03.963802+00:00] main.DEBUG: cache_invalidate:  {"method":"GET","url":"http:/","invalidateInfo":{"tags":["EAV_ATTRIBUTE_customer_created_in","FPC","MAGE"],"mode":"matchingTag"}} []
[2026-05-19T04:21:03.963818+00:00] main.DEBUG: cache_invalidate:  {"method":"GET","url":"http:/","invalidateInfo":{"tags":["EAV_ATTRIBUTE_customer_created_in","FPC"],"mode":"matchingTag"}} []
[2026-05-19T04:21:03.965676+00:00] main.DEBUG: cache_invalidate:  {"method":"GET","url":"http:/","invalidateInfo":{"tags":["EAV","MAGE"],"mode":"matchingTag"}} []
[2026-05-19T04:21:03.965736+00:00] main.DEBUG: cache_invalidate:  {"method":"GET","url":"http:/","invalidateInfo":{"tags":["EAV_ATTRIBUTE","MAGE"],"mode":"matchingTag"}} []
[2026-05-19T04:21:03.965754+00:00] main.DEBUG: cache_invalidate:  {"method":"GET","url":"http:/","invalidateInfo":{"tags":["EAV","EAV_ATTRIBUTE"],"mode":"matchingAnyTag"}} []
[2026-05-19T04:21:03.965956+00:00] main.DEBUG: cache_invalidate:  {"method":"GET","url":"http:/","invalidateInfo":{"tags":["EAV","MAGE"],"mode":"matchingTag"}} []
[2026-05-19T04:21:03.966000+00:00] main.DEBUG: cache_invalidate:  {"method":"GET","url":"http:/","invalidateInfo":{"tags":["EAV_ATTRIBUTE","MAGE"],"mode":"matchingTag"}} []
[2026-05-19T04:21:03.966017+00:00] main.DEBUG: cache_invalidate:  {"method":"GET","url":"http:/","invalidateInfo":{"tags":["EAV","EAV_ATTRIBUTE"],"mode":"matchingAnyTag"}} []
[2026-05-19T04:21:03.966057+00:00] main.DEBUG: cache_invalidate:  {"method":"GET","url":"http:/","invalidateInfo":{"tags":["EAV","MAGE"],"mode":"matchingTag"}} []
[2026-05-19T04:21:03.966095+00:00] main.DEBUG: cache_invalidate:  {"method":"GET","url":"http:/","invalidateInfo":{"tags":["EAV_ATTRIBUTE","MAGE"],"mode":"matchingTag"}} []
[2026-05-19T04:21:03.966111+00:00] main.DEBUG: cache_invalidate:  {"method":"GET","url":"http:/","invalidateInfo":{"tags":["EAV","EAV_ATTRIBUTE"],"mode":"matchingAnyTag"}} []
[2026-05-19T04:21:03.966154+00:00] main.DEBUG: cache_invalidate:  {"method":"GET","url":"http:/","invalidateInfo":{"tags":["EAV_ATTRIBUTE","MAGE"],"mode":"matchingTag"}} []
[2026-05-19T04:21:03.966172+00:00] main.DEBUG: cache_invalidate:  {"method":"GET","url":"http:/","invalidateInfo":{"tags":["EAV_ATTRIBUTE"],"mode":"matchingAnyTag"}} []
[2026-05-19T04:21:03.966539+00:00] main.DEBUG: cache_invalidate:  {"method":"GET","url":"http:/","invalidateInfo":{"tags":["EAV_ATTRIBUTE_9","FPC","MAGE"],"mode":"matchingTag"}} []
[2026-05-19T04:21:03.966565+00:00] main.DEBUG: cache_invalidate:  {"method":"GET","url":"http:/","invalidateInfo":{"tags":["EAV_ATTRIBUTE_9","FPC"],"mode":"matchingTag"}} []
[2026-05-19T04:21:03.966587+00:00] main.DEBUG: cache_invalidate:  {"method":"GET","url":"http:/","invalidateInfo":{"tags":["EAV_ENTITY_TYPES_CUSTOMER_ENTITY","FPC","MAGE"],"mode":"matchingTag"}} []
[2026-05-19T04:21:03.966603+00:00] main.DEBUG: cache_invalidate:  {"method":"GET","url":"http:/","invalidateInfo":{"tags":["EAV_ENTITY_TYPES_CUSTOMER_ENTITY","FPC"],"mode":"matchingTag"}} []
[2026-05-19T04:21:03.966624+00:00] main.DEBUG: cache_invalidate:  {"method":"GET","url":"http:/","invalidateInfo":{"tags":["EAV_FORM_adminhtml_checkout_FORM","FPC","MAGE"],"mode":"matchingTag"}} []
[2026-05-19T04:21:03.966640+00:00] main.DEBUG: cache_invalidate:  {"method":"GET","url":"http:/","invalidateInfo":{"tags":["EAV_FORM_adminhtml_checkout_FORM","FPC"],"mode":"matchingTag"}} []
[2026-05-19T04:21:03.966658+00:00] main.DEBUG: cache_invalidate:  {"method":"GET","url":"http:/","invalidateInfo":{"tags":["EAV_FORM_adminhtml_customer_FORM","FPC","MAGE"],"mode":"matchingTag"}} []
[2026-05-19T04:21:03.966674+00:00] main.DEBUG: cache_invalidate:  {"method":"GET","url":"http:/","invalidateInfo":{"tags":["EAV_FORM_adminhtml_customer_FORM","FPC"],"mode":"matchingTag"}} []
[2026-05-19T04:21:03.966693+00:00] main.DEBUG: cache_invalidate:  {"method":"GET","url":"http:/","invalidateInfo":{"tags":["EAV_FORM_checkout_register_FORM","FPC","MAGE"],"mode":"matchingTag"}} []
[2026-05-19T04:21:03.966709+00:00] main.DEBUG: cache_invalidate:  {"method":"GET","url":"http:/","invalidateInfo":{"tags":["EAV_FORM_checkout_register_FORM","FPC"],"mode":"matchingTag"}} []
[2026-05-19T04:21:03.966728+00:00] main.DEBUG: cache_invalidate:  {"method":"GET","url":"http:/","invalidateInfo":{"tags":["EAV_FORM_customer_account_create_FORM","FPC","MAGE"],"mode":"matchingTag"}} []
[2026-05-19T04:21:03.966744+00:00] main.DEBUG: cache_invalidate:  {"method":"GET","url":"http:/","invalidateInfo":{"tags":["EAV_FORM_customer_account_create_FORM","FPC"],"mode":"matchingTag"}} []
[2026-05-19T04:21:03.966764+00:00] main.DEBUG: cache_invalidate:  {"method":"GET","url":"http:/","invalidateInfo":{"tags":["EAV_FORM_customer_account_edit_FORM","FPC","MAGE"],"mode":"matchingTag"}} []
[2026-05-19T04:21:03.966779+00:00] main.DEBUG: cache_invalidate:  {"method":"GET","url":"http:/","invalidateInfo":{"tags":["EAV_FORM_customer_account_edit_FORM","FPC"],"mode":"matchingTag"}} []
[2026-05-19T04:21:03.966799+00:00] main.DEBUG: cache_invalidate:  {"method":"GET","url":"http:/","invalidateInfo":{"tags":["EAV_ATTRIBUTE_customer_email","FPC","MAGE"],"mode":"matchingTag"}} []
[2026-05-19T04:21:03.966815+00:00] main.DEBUG: cache_invalidate:  {"method":"GET","url":"http:/","invalidateInfo":{"tags":["EAV_ATTRIBUTE_customer_email","FPC"],"mode":"matchingTag"}} []
[2026-05-19T04:21:03.969095+00:00] main.DEBUG: cache_invalidate:  {"method":"GET","url":"http:/","invalidateInfo":{"tags":["EAV","MAGE"],"mode":"matchingTag"}} []
[2026-05-19T04:21:03.969173+00:00] main.DEBUG: cache_invalidate:  {"method":"GET","url":"http:/","invalidateInfo":{"tags":["EAV_ATTRIBUTE","MAGE"],"mode":"matchingTag"}} []
[2026-05-19T04:21:03.969192+00:00] main.DEBUG: cache_invalidate:  {"method":"GET","url":"http:/","invalidateInfo":{"tags":["EAV","EAV_ATTRIBUTE"],"mode":"matchingAnyTag"}} []
[2026-05-19T04:21:03.969476+00:00] main.DEBUG: cache_invalidate:  {"method":"GET","url":"http:/","invalidateInfo":{"tags":["EAV","MAGE"],"mode":"matchingTag"}} []
[2026-05-19T04:21:03.969523+00:00] main.DEBUG: cache_invalidate:  {"method":"GET","url":"http:/","invalidateInfo":{"tags":["EAV_ATTRIBUTE","MAGE"],"mode":"matchingTag"}} []
[2026-05-19T04:21:03.969547+00:00] main.DEBUG: cache_invalidate:  {"method":"GET","url":"http:/","invalidateInfo":{"tags":["EAV","EAV_ATTRIBUTE"],"mode":"matchingAnyTag"}} []
[2026-05-19T04:21:03.969587+00:00] main.DEBUG: cache_invalidate:  {"method":"GET","url":"http:/","invalidateInfo":{"tags":["EAV","MAGE"],"mode":"matchingTag"}} []
[2026-05-19T04:21:03.969626+00:00] main.DEBUG: cache_invalidate:  {"method":"GET","url":"http:/","invalidateInfo":{"tags":["EAV_ATTRIBUTE","MAGE"],"mode":"matchingTag"}} []
[2026-05-19T04:21:03.969642+00:00] main.DEBUG: cache_invalidate:  {"method":"GET","url":"http:/","invalidateInfo":{"tags":["EAV","EAV_ATTRIBUTE"],"mode":"matchingAnyTag"}} []
[2026-05-19T04:21:03.969687+00:00] main.DEBUG: cache_invalidate:  {"method":"GET","url":"http:/","invalidateInfo":{"tags":["EAV_ATTRIBUTE","MAGE"],"mode":"matchingTag"}} []
[2026-05-19T04:21:03.969703+00:00] main.DEBUG: cache_invalidate:  {"method":"GET","url":"http:/","invalidateInfo":{"tags":["EAV_ATTRIBUTE"],"mode":"matchingAnyTag"}} []
[2026-05-19T04:21:03.970039+00:00] main.DEBUG: cache_invalidate:  {"method":"GET","url":"http:/","invalidateInfo":{"tags":["EAV_ATTRIBUTE_10","FPC","MAGE"],"mode":"matchingTag"}} []
[2026-05-19T04:21:03.970061+00:00] main.DEBUG: cache_invalidate:  {"method":"GET","url":"http:/","invalidateInfo":{"tags":["EAV_ATTRIBUTE_10","FPC"],"mode":"matchingTag"}} []
[2026-05-19T04:21:03.970082+00:00] main.DEBUG: cache_invalidate:  {"method":"GET","url":"http:/","invalidateInfo":{"tags":["EAV_ENTITY_TYPES_CUSTOMER_ENTITY","FPC","MAGE"],"mode":"matchingTag"}} []
[2026-05-19T04:21:03.970098+00:00] main.DEBUG: cache_invalidate:  {"method":"GET","url":"http:/","invalidateInfo":{"tags":["EAV_ENTITY_TYPES_CUSTOMER_ENTITY","FPC"],"mode":"matchingTag"}} []
[2026-05-19T04:21:03.970116+00:00] main.DEBUG: cache_invalidate:  {"method":"GET","url":"http:/","invalidateInfo":{"tags":["EAV_FORM_adminhtml_checkout_FORM","FPC","MAGE"],"mode":"matchingTag"}} []
[2026-05-19T04:21:03.970132+00:00] main.DEBUG: cache_invalidate:  {"method":"GET","url":"http:/","invalidateInfo":{"tags":["EAV_FORM_adminhtml_checkout_FORM","FPC"],"mode":"matchingTag"}} []
[2026-05-19T04:21:03.970150+00:00] main.DEBUG: cache_invalidate:  {"method":"GET","url":"http:/","invalidateInfo":{"tags":["EAV_FORM_adminhtml_customer_FORM","FPC","MAGE"],"mode":"matchingTag"}} []
[2026-05-19T04:21:03.970165+00:00] main.DEBUG: cache_invalidate:  {"method":"GET","url":"http:/","invalidateInfo":{"tags":["EAV_FORM_adminhtml_customer_FORM","FPC"],"mode":"matchingTag"}} []
[2026-05-19T04:21:03.970184+00:00] main.DEBUG: cache_invalidate:  {"method":"GET","url":"http:/","invalidateInfo":{"tags":["EAV_ATTRIBUTE_customer_group_id","FPC","MAGE"],"mode":"matchingTag"}} []
[2026-05-19T04:21:03.970199+00:00] main.DEBUG: cache_invalidate:  {"method":"GET","url":"http:/","invalidateInfo":{"tags":["EAV_ATTRIBUTE_customer_group_id","FPC"],"mode":"matchingTag"}} []
[2026-05-19T04:21:03.972153+00:00] main.DEBUG: cache_invalidate:  {"method":"GET","url":"http:/","invalidateInfo":{"tags":["EAV","MAGE"],"mode":"matchingTag"}} []
[2026-05-19T04:21:03.972215+00:00] main.DEBUG: cache_invalidate:  {"method":"GET","url":"http:/","invalidateInfo":{"tags":["EAV_ATTRIBUTE","MAGE"],"mode":"matchingTag"}} []
[2026-05-19T04:21:03.972250+00:00] main.DEBUG: cache_invalidate:  {"method":"GET","url":"http:/","invalidateInfo":{"tags":["EAV","EAV_ATTRIBUTE"],"mode":"matchingAnyTag"}} []
[2026-05-19T04:21:03.972572+00:00] main.DEBUG: cache_invalidate:  {"method":"GET","url":"http:/","invalidateInfo":{"tags":["EAV","MAGE"],"mode":"matchingTag"}} []
[2026-05-19T04:21:03.972645+00:00] main.DEBUG: cache_invalidate:  {"method":"GET","url":"http:/","invalidateInfo":{"tags":["EAV_ATTRIBUTE","MAGE"],"mode":"matchingTag"}} []
[2026-05-19T04:21:03.972668+00:00] main.DEBUG: cache_invalidate:  {"method":"GET","url":"http:/","invalidateInfo":{"tags":["EAV","EAV_ATTRIBUTE"],"mode":"matchingAnyTag"}} []
[2026-05-19T04:21:03.972719+00:00] main.DEBUG: cache_invalidate:  {"method":"GET","url":"http:/","invalidateInfo":{"tags":["EAV","MAGE"],"mode":"matchingTag"}} []
[2026-05-19T04:21:03.972767+00:00] main.DEBUG: cache_invalidate:  {"method":"GET","url":"http:/","invalidateInfo":{"tags":["EAV_ATTRIBUTE","MAGE"],"mode":"matchingTag"}} []
[2026-05-19T04:21:03.972788+00:00] main.DEBUG: cache_invalidate:  {"method":"GET","url":"http:/","invalidateInfo":{"tags":["EAV","EAV_ATTRIBUTE"],"mode":"matchingAnyTag"}} []
[2026-05-19T04:21:03.972838+00:00] main.DEBUG: cache_invalidate:  {"method":"GET","url":"http:/","invalidateInfo":{"tags":["EAV_ATTRIBUTE","MAGE"],"mode":"matchingTag"}} []
[2026-05-19T04:21:03.972856+00:00] main.DEBUG: cache_invalidate:  {"method":"GET","url":"http:/","invalidateInfo":{"tags":["EAV_ATTRIBUTE"],"mode":"matchingAnyTag"}} []
[2026-05-19T04:21:03.973223+00:00] main.DEBUG: cache_invalidate:  {"method":"GET","url":"http:/","invalidateInfo":{"tags":["EAV_ATTRIBUTE_11","FPC","MAGE"],"mode":"matchingTag"}} []
[2026-05-19T04:21:03.973262+00:00] main.DEBUG: cache_invalidate:  {"method":"GET","url":"http:/","invalidateInfo":{"tags":["EAV_ATTRIBUTE_11","FPC"],"mode":"matchingTag"}} []
[2026-05-19T04:21:03.973284+00:00] main.DEBUG: cache_invalidate:  {"method":"GET","url":"http:/","invalidateInfo":{"tags":["EAV_ENTITY_TYPES_CUSTOMER_ENTITY","FPC","MAGE"],"mode":"matchingTag"}} []
[2026-05-19T04:21:03.973302+00:00] main.DEBUG: cache_invalidate:  {"method":"GET","url":"http:/","invalidateInfo":{"tags":["EAV_ENTITY_TYPES_CUSTOMER_ENTITY","FPC"],"mode":"matchingTag"}} []
[2026-05-19T04:21:03.973321+00:00] main.DEBUG: cache_invalidate:  {"method":"GET","url":"http:/","invalidateInfo":{"tags":["EAV_FORM_adminhtml_checkout_FORM","FPC","MAGE"],"mode":"matchingTag"}} []
[2026-05-19T04:21:03.973337+00:00] main.DEBUG: cache_invalidate:  {"method":"GET","url":"http:/","invalidateInfo":{"tags":["EAV_FORM_adminhtml_checkout_FORM","FPC"],"mode":"matchingTag"}} []
[2026-05-19T04:21:03.973355+00:00] main.DEBUG: cache_invalidate:  {"method":"GET","url":"http:/","invalidateInfo":{"tags":["EAV_FORM_adminhtml_customer_FORM","FPC","MAGE"],"mode":"matchingTag"}} []
[2026-05-19T04:21:03.973371+00:00] main.DEBUG: cache_invalidate:  {"method":"GET","url":"http:/","invalidateInfo":{"tags":["EAV_FORM_adminhtml_customer_FORM","FPC"],"mode":"matchingTag"}} []
[2026-05-19T04:21:03.973390+00:00] main.DEBUG: cache_invalidate:  {"method":"GET","url":"http:/","invalidateInfo":{"tags":["EAV_FORM_checkout_register_FORM","FPC","MAGE"],"mode":"matchingTag"}} []
[2026-05-19T04:21:03.973406+00:00] main.DEBUG: cache_invalidate:  {"method":"GET","url":"http:/","invalidateInfo":{"tags":["EAV_FORM_checkout_register_FORM","FPC"],"mode":"matchingTag"}} []
[2026-05-19T04:21:03.973424+00:00] main.DEBUG: cache_invalidate:  {"method":"GET","url":"http:/","invalidateInfo":{"tags":["EAV_FORM_customer_account_create_FORM","FPC","MAGE"],"mode":"matchingTag"}} []
[2026-05-19T04:21:03.973440+00:00] main.DEBUG: cache_invalidate:  {"method":"GET","url":"http:/","invalidateInfo":{"tags":["EAV_FORM_customer_account_create_FORM","FPC"],"mode":"matchingTag"}} []
[2026-05-19T04:21:03.973459+00:00] main.DEBUG: cache_invalidate:  {"method":"GET","url":"http:/","invalidateInfo":{"tags":["EAV_FORM_customer_account_edit_FORM","FPC","MAGE"],"mode":"matchingTag"}} []
[2026-05-19T04:21:03.973474+00:00] main.DEBUG: cache_invalidate:  {"method":"GET","url":"http:/","invalidateInfo":{"tags":["EAV_FORM_customer_account_edit_FORM","FPC"],"mode":"matchingTag"}} []
[2026-05-19T04:21:03.973497+00:00] main.DEBUG: cache_invalidate:  {"method":"GET","url":"http:/","invalidateInfo":{"tags":["EAV_ATTRIBUTE_customer_dob","FPC","MAGE"],"mode":"matchingTag"}} []
[2026-05-19T04:21:03.973512+00:00] main.DEBUG: cache_invalidate:  {"method":"GET","url":"http:/","invalidateInfo":{"tags":["EAV_ATTRIBUTE_customer_dob","FPC"],"mode":"matchingTag"}} []
[2026-05-19T04:21:03.975732+00:00] main.DEBUG: cache_invalidate:  {"method":"GET","url":"http:/","invalidateInfo":{"tags":["EAV","MAGE"],"mode":"matchingTag"}} []
[2026-05-19T04:21:03.975805+00:00] main.DEBUG: cache_invalidate:  {"method":"GET","url":"http:/","invalidateInfo":{"tags":["EAV_ATTRIBUTE","MAGE"],"mode":"matchingTag"}} []
[2026-05-19T04:21:03.975828+00:00] main.DEBUG: cache_invalidate:  {"method":"GET","url":"http:/","invalidateInfo":{"tags":["EAV","EAV_ATTRIBUTE"],"mode":"matchingAnyTag"}} []
[2026-05-19T04:21:03.976289+00:00] main.DEBUG: cache_invalidate:  {"method":"GET","url":"http:/","invalidateInfo":{"tags":["EAV","MAGE"],"mode":"matchingTag"}} []
[2026-05-19T04:21:03.976367+00:00] main.DEBUG: cache_invalidate:  {"method":"GET","url":"http:/","invalidateInfo":{"tags":["EAV_ATTRIBUTE","MAGE"],"mode":"matchingTag"}} []
[2026-05-19T04:21:03.976390+00:00] main.DEBUG: cache_invalidate:  {"method":"GET","url":"http:/","invalidateInfo":{"tags":["EAV","EAV_ATTRIBUTE"],"mode":"matchingAnyTag"}} []
[2026-05-19T04:21:03.976439+00:00] main.DEBUG: cache_invalidate:  {"method":"GET","url":"http:/","invalidateInfo":{"tags":["EAV","MAGE"],"mode":"matchingTag"}} []
[2026-05-19T04:21:03.976485+00:00] main.DEBUG: cache_invalidate:  {"method":"GET","url":"http:/","invalidateInfo":{"tags":["EAV_ATTRIBUTE","MAGE"],"mode":"matchingTag"}} []
[2026-05-19T04:21:03.976503+00:00] main.DEBUG: cache_invalidate:  {"method":"GET","url":"http:/","invalidateInfo":{"tags":["EAV","EAV_ATTRIBUTE"],"mode":"matchingAnyTag"}} []
[2026-05-19T04:21:03.976559+00:00] main.DEBUG: cache_invalidate:  {"method":"GET","url":"http:/","invalidateInfo":{"tags":["EAV_ATTRIBUTE","MAGE"],"mode":"matchingTag"}} []
[2026-05-19T04:21:03.976576+00:00] main.DEBUG: cache_invalidate:  {"method":"GET","url":"http:/","invalidateInfo":{"tags":["EAV_ATTRIBUTE"],"mode":"matchingAnyTag"}} []
[2026-05-19T04:21:03.977105+00:00] main.DEBUG: cache_invalidate:  {"method":"GET","url":"http:/","invalidateInfo":{"tags":["EAV_ATTRIBUTE_17","FPC","MAGE"],"mode":"matchingTag"}} []
[2026-05-19T04:21:03.977131+00:00] main.DEBUG: cache_invalidate:  {"method":"GET","url":"http:/","invalidateInfo":{"tags":["EAV_ATTRIBUTE_17","FPC"],"mode":"matchingTag"}} []
[2026-05-19T04:21:03.977153+00:00] main.DEBUG: cache_invalidate:  {"method":"GET","url":"http:/","invalidateInfo":{"tags":["EAV_ENTITY_TYPES_CUSTOMER_ENTITY","FPC","MAGE"],"mode":"matchingTag"}} []
[2026-05-19T04:21:03.977170+00:00] main.DEBUG: cache_invalidate:  {"method":"GET","url":"http:/","invalidateInfo":{"tags":["EAV_ENTITY_TYPES_CUSTOMER_ENTITY","FPC"],"mode":"matchingTag"}} []
[2026-05-19T04:21:03.977189+00:00] main.DEBUG: cache_invalidate:  {"method":"GET","url":"http:/","invalidateInfo":{"tags":["EAV_FORM_adminhtml_checkout_FORM","FPC","MAGE"],"mode":"matchingTag"}} []
[2026-05-19T04:21:03.977204+00:00] main.DEBUG: cache_invalidate:  {"method":"GET","url":"http:/","invalidateInfo":{"tags":["EAV_FORM_adminhtml_checkout_FORM","FPC"],"mode":"matchingTag"}} []
[2026-05-19T04:21:03.977222+00:00] main.DEBUG: cache_invalidate:  {"method":"GET","url":"http:/","invalidateInfo":{"tags":["EAV_FORM_adminhtml_customer_FORM","FPC","MAGE"],"mode":"matchingTag"}} []
[2026-05-19T04:21:03.977261+00:00] main.DEBUG: cache_invalidate:  {"method":"GET","url":"http:/","invalidateInfo":{"tags":["EAV_FORM_adminhtml_customer_FORM","FPC"],"mode":"matchingTag"}} []
[2026-05-19T04:21:03.977280+00:00] main.DEBUG: cache_invalidate:  {"method":"GET","url":"http:/","invalidateInfo":{"tags":["EAV_FORM_checkout_register_FORM","FPC","MAGE"],"mode":"matchingTag"}} []
[2026-05-19T04:21:03.977295+00:00] main.DEBUG: cache_invalidate:  {"method":"GET","url":"http:/","invalidateInfo":{"tags":["EAV_FORM_checkout_register_FORM","FPC"],"mode":"matchingTag"}} []
[2026-05-19T04:21:03.977313+00:00] main.DEBUG: cache_invalidate:  {"method":"GET","url":"http:/","invalidateInfo":{"tags":["EAV_FORM_customer_account_create_FORM","FPC","MAGE"],"mode":"matchingTag"}} []
[2026-05-19T04:21:03.977328+00:00] main.DEBUG: cache_invalidate:  {"method":"GET","url":"http:/","invalidateInfo":{"tags":["EAV_FORM_customer_account_create_FORM","FPC"],"mode":"matchingTag"}} []
[2026-05-19T04:21:03.977346+00:00] main.DEBUG: cache_invalidate:  {"method":"GET","url":"http:/","invalidateInfo":{"tags":["EAV_FORM_customer_account_edit_FORM","FPC","MAGE"],"mode":"matchingTag"}} []
[2026-05-19T04:21:03.977379+00:00] main.DEBUG: cache_invalidate:  {"method":"GET","url":"http:/","invalidateInfo":{"tags":["EAV_FORM_customer_account_edit_FORM","FPC"],"mode":"matchingTag"}} []
[2026-05-19T04:21:03.977399+00:00] main.DEBUG: cache_invalidate:  {"method":"GET","url":"http:/","invalidateInfo":{"tags":["EAV_ATTRIBUTE_customer_taxvat","FPC","MAGE"],"mode":"matchingTag"}} []
[2026-05-19T04:21:03.977414+00:00] main.DEBUG: cache_invalidate:  {"method":"GET","url":"http:/","invalidateInfo":{"tags":["EAV_ATTRIBUTE_customer_taxvat","FPC"],"mode":"matchingTag"}} []
[2026-05-19T04:21:03.979366+00:00] main.DEBUG: cache_invalidate:  {"method":"GET","url":"http:/","invalidateInfo":{"tags":["EAV","MAGE"],"mode":"matchingTag"}} []
[2026-05-19T04:21:03.979436+00:00] main.DEBUG: cache_invalidate:  {"method":"GET","url":"http:/","invalidateInfo":{"tags":["EAV_ATTRIBUTE","MAGE"],"mode":"matchingTag"}} []
[2026-05-19T04:21:03.979455+00:00] main.DEBUG: cache_invalidate:  {"method":"GET","url":"http:/","invalidateInfo":{"tags":["EAV","EAV_ATTRIBUTE"],"mode":"matchingAnyTag"}} []
[2026-05-19T04:21:03.979702+00:00] main.DEBUG: cache_invalidate:  {"method":"GET","url":"http:/","invalidateInfo":{"tags":["EAV","MAGE"],"mode":"matchingTag"}} []
[2026-05-19T04:21:03.979751+00:00] main.DEBUG: cache_invalidate:  {"method":"GET","url":"http:/","invalidateInfo":{"tags":["EAV_ATTRIBUTE","MAGE"],"mode":"matchingTag"}} []
[2026-05-19T04:21:03.979768+00:00] main.DEBUG: cache_invalidate:  {"method":"GET","url":"http:/","invalidateInfo":{"tags":["EAV","EAV_ATTRIBUTE"],"mode":"matchingAnyTag"}} []
[2026-05-19T04:21:03.979812+00:00] main.DEBUG: cache_invalidate:  {"method":"GET","url":"http:/","invalidateInfo":{"tags":["EAV","MAGE"],"mode":"matchingTag"}} []
[2026-05-19T04:21:03.979855+00:00] main.DEBUG: cache_invalidate:  {"method":"GET","url":"http:/","invalidateInfo":{"tags":["EAV_ATTRIBUTE","MAGE"],"mode":"matchingTag"}} []
[2026-05-19T04:21:03.979871+00:00] main.DEBUG: cache_invalidate:  {"method":"GET","url":"http:/","invalidateInfo":{"tags":["EAV","EAV_ATTRIBUTE"],"mode":"matchingAnyTag"}} []
[2026-05-19T04:21:03.979920+00:00] main.DEBUG: cache_invalidate:  {"method":"GET","url":"http:/","invalidateInfo":{"tags":["EAV_ATTRIBUTE","MAGE"],"mode":"matchingTag"}} []
[2026-05-19T04:21:03.979936+00:00] main.DEBUG: cache_invalidate:  {"method":"GET","url":"http:/","invalidateInfo":{"tags":["EAV_ATTRIBUTE"],"mode":"matchingAnyTag"}} []
[2026-05-19T04:21:03.980306+00:00] main.DEBUG: cache_invalidate:  {"method":"GET","url":"http:/","invalidateInfo":{"tags":["EAV_ATTRIBUTE_18","FPC","MAGE"],"mode":"matchingTag"}} []
[2026-05-19T04:21:03.980333+00:00] main.DEBUG: cache_invalidate:  {"method":"GET","url":"http:/","invalidateInfo":{"tags":["EAV_ATTRIBUTE_18","FPC"],"mode":"matchingTag"}} []
[2026-05-19T04:21:03.980355+00:00] main.DEBUG: cache_invalidate:  {"method":"GET","url":"http:/","invalidateInfo":{"tags":["EAV_ENTITY_TYPES_CUSTOMER_ENTITY","FPC","MAGE"],"mode":"matchingTag"}} []
[2026-05-19T04:21:03.980372+00:00] main.DEBUG: cache_invalidate:  {"method":"GET","url":"http:/","invalidateInfo":{"tags":["EAV_ENTITY_TYPES_CUSTOMER_ENTITY","FPC"],"mode":"matchingTag"}} []
[2026-05-19T04:21:03.980392+00:00] main.DEBUG: cache_invalidate:  {"method":"GET","url":"http:/","invalidateInfo":{"tags":["EAV_ATTRIBUTE_customer_confirmation","FPC","MAGE"],"mode":"matchingTag"}} []
[2026-05-19T04:21:03.980408+00:00] main.DEBUG: cache_invalidate:  {"method":"GET","url":"http:/","invalidateInfo":{"tags":["EAV_ATTRIBUTE_customer_confirmation","FPC"],"mode":"matchingTag"}} []
[2026-05-19T04:21:03.982290+00:00] main.DEBUG: cache_invalidate:  {"method":"GET","url":"http:/","invalidateInfo":{"tags":["EAV","MAGE"],"mode":"matchingTag"}} []
[2026-05-19T04:21:03.982362+00:00] main.DEBUG: cache_invalidate:  {"method":"GET","url":"http:/","invalidateInfo":{"tags":["EAV_ATTRIBUTE","MAGE"],"mode":"matchingTag"}} []
[2026-05-19T04:21:03.982382+00:00] main.DEBUG: cache_invalidate:  {"method":"GET","url":"http:/","invalidateInfo":{"tags":["EAV","EAV_ATTRIBUTE"],"mode":"matchingAnyTag"}} []
[2026-05-19T04:21:03.982608+00:00] main.DEBUG: cache_invalidate:  {"method":"GET","url":"http:/","invalidateInfo":{"tags":["EAV","MAGE"],"mode":"matchingTag"}} []
[2026-05-19T04:21:03.982663+00:00] main.DEBUG: cache_invalidate:  {"method":"GET","url":"http:/","invalidateInfo":{"tags":["EAV_ATTRIBUTE","MAGE"],"mode":"matchingTag"}} []
[2026-05-19T04:21:03.982681+00:00] main.DEBUG: cache_invalidate:  {"method":"GET","url":"http:/","invalidateInfo":{"tags":["EAV","EAV_ATTRIBUTE"],"mode":"matchingAnyTag"}} []
[2026-05-19T04:21:03.982731+00:00] main.DEBUG: cache_invalidate:  {"method":"GET","url":"http:/","invalidateInfo":{"tags":["EAV","MAGE"],"mode":"matchingTag"}} []
[2026-05-19T04:21:03.982788+00:00] main.DEBUG: cache_invalidate:  {"method":"GET","url":"http:/","invalidateInfo":{"tags":["EAV_ATTRIBUTE","MAGE"],"mode":"matchingTag"}} []
[2026-05-19T04:21:03.982805+00:00] main.DEBUG: cache_invalidate:  {"method":"GET","url":"http:/","invalidateInfo":{"tags":["EAV","EAV_ATTRIBUTE"],"mode":"matchingAnyTag"}} []
[2026-05-19T04:21:03.982860+00:00] main.DEBUG: cache_invalidate:  {"method":"GET","url":"http:/","invalidateInfo":{"tags":["EAV_ATTRIBUTE","MAGE"],"mode":"matchingTag"}} []
[2026-05-19T04:21:03.982877+00:00] main.DEBUG: cache_invalidate:  {"method":"GET","url":"http:/","invalidateInfo":{"tags":["EAV_ATTRIBUTE"],"mode":"matchingAnyTag"}} []
[2026-05-19T04:21:03.983204+00:00] main.DEBUG: cache_invalidate:  {"method":"GET","url":"http:/","invalidateInfo":{"tags":["EAV_ATTRIBUTE_19","FPC","MAGE"],"mode":"matchingTag"}} []
[2026-05-19T04:21:03.983245+00:00] main.DEBUG: cache_invalidate:  {"method":"GET","url":"http:/","invalidateInfo":{"tags":["EAV_ATTRIBUTE_19","FPC"],"mode":"matchingTag"}} []
[2026-05-19T04:21:03.983270+00:00] main.DEBUG: cache_invalidate:  {"method":"GET","url":"http:/","invalidateInfo":{"tags":["EAV_ENTITY_TYPES_CUSTOMER_ENTITY","FPC","MAGE"],"mode":"matchingTag"}} []
[2026-05-19T04:21:03.983286+00:00] main.DEBUG: cache_invalidate:  {"method":"GET","url":"http:/","invalidateInfo":{"tags":["EAV_ENTITY_TYPES_CUSTOMER_ENTITY","FPC"],"mode":"matchingTag"}} []
[2026-05-19T04:21:03.983305+00:00] main.DEBUG: cache_invalidate:  {"method":"GET","url":"http:/","invalidateInfo":{"tags":["EAV_FORM_adminhtml_customer_FORM","FPC","MAGE"],"mode":"matchingTag"}} []
[2026-05-19T04:21:03.983320+00:00] main.DEBUG: cache_invalidate:  {"method":"GET","url":"http:/","invalidateInfo":{"tags":["EAV_FORM_adminhtml_customer_FORM","FPC"],"mode":"matchingTag"}} []
[2026-05-19T04:21:03.983338+00:00] main.DEBUG: cache_invalidate:  {"method":"GET","url":"http:/","invalidateInfo":{"tags":["EAV_FORM_checkout_register_FORM","FPC","MAGE"],"mode":"matchingTag"}} []
[2026-05-19T04:21:03.983354+00:00] main.DEBUG: cache_invalidate:  {"method":"GET","url":"http:/","invalidateInfo":{"tags":["EAV_FORM_checkout_register_FORM","FPC"],"mode":"matchingTag"}} []
[2026-05-19T04:21:03.983372+00:00] main.DEBUG: cache_invalidate:  {"method":"GET","url":"http:/","invalidateInfo":{"tags":["EAV_FORM_customer_account_create_FORM","FPC","MAGE"],"mode":"matchingTag"}} []
[2026-05-19T04:21:03.983387+00:00] main.DEBUG: cache_invalidate:  {"method":"GET","url":"http:/","invalidateInfo":{"tags":["EAV_FORM_customer_account_create_FORM","FPC"],"mode":"matchingTag"}} []
[2026-05-19T04:21:03.983404+00:00] main.DEBUG: cache_invalidate:  {"method":"GET","url":"http:/","invalidateInfo":{"tags":["EAV_FORM_customer_account_edit_FORM","FPC","MAGE"],"mode":"matchingTag"}} []
[2026-05-19T04:21:03.983419+00:00] main.DEBUG: cache_invalidate:  {"method":"GET","url":"http:/","invalidateInfo":{"tags":["EAV_FORM_customer_account_edit_FORM","FPC"],"mode":"matchingTag"}} []
[2026-05-19T04:21:03.983439+00:00] main.DEBUG: cache_invalidate:  {"method":"GET","url":"http:/","invalidateInfo":{"tags":["EAV_ATTRIBUTE_customer_created_at","FPC","MAGE"],"mode":"matchingTag"}} []
[2026-05-19T04:21:03.983454+00:00] main.DEBUG: cache_invalidate:  {"method":"GET","url":"http:/","invalidateInfo":{"tags":["EAV_ATTRIBUTE_customer_created_at","FPC"],"mode":"matchingTag"}} []
[2026-05-19T04:21:03.985435+00:00] main.DEBUG: cache_invalidate:  {"method":"GET","url":"http:/","invalidateInfo":{"tags":["EAV","MAGE"],"mode":"matchingTag"}} []
[2026-05-19T04:21:03.985502+00:00] main.DEBUG: cache_invalidate:  {"method":"GET","url":"http:/","invalidateInfo":{"tags":["EAV_ATTRIBUTE","MAGE"],"mode":"matchingTag"}} []
[2026-05-19T04:21:03.985520+00:00] main.DEBUG: cache_invalidate:  {"method":"GET","url":"http:/","invalidateInfo":{"tags":["EAV","EAV_ATTRIBUTE"],"mode":"matchingAnyTag"}} []
[2026-05-19T04:21:03.985721+00:00] main.DEBUG: cache_invalidate:  {"method":"GET","url":"http:/","invalidateInfo":{"tags":["EAV","MAGE"],"mode":"matchingTag"}} []
[2026-05-19T04:21:03.985771+00:00] main.DEBUG: cache_invalidate:  {"method":"GET","url":"http:/","invalidateInfo":{"tags":["EAV_ATTRIBUTE","MAGE"],"mode":"matchingTag"}} []
[2026-05-19T04:21:03.985788+00:00] main.DEBUG: cache_invalidate:  {"method":"GET","url":"http:/","invalidateInfo":{"tags":["EAV","EAV_ATTRIBUTE"],"mode":"matchingAnyTag"}} []
[2026-05-19T04:21:03.985836+00:00] main.DEBUG: cache_invalidate:  {"method":"GET","url":"http:/","invalidateInfo":{"tags":["EAV","MAGE"],"mode":"matchingTag"}} []
[2026-05-19T04:21:03.985889+00:00] main.DEBUG: cache_invalidate:  {"method":"GET","url":"http:/","invalidateInfo":{"tags":["EAV_ATTRIBUTE","MAGE"],"mode":"matchingTag"}} []
[2026-05-19T04:21:03.985905+00:00] main.DEBUG: cache_invalidate:  {"method":"GET","url":"http:/","invalidateInfo":{"tags":["EAV","EAV_ATTRIBUTE"],"mode":"matchingAnyTag"}} []
[2026-05-19T04:21:03.985957+00:00] main.DEBUG: cache_invalidate:  {"method":"GET","url":"http:/","invalidateInfo":{"tags":["EAV_ATTRIBUTE","MAGE"],"mode":"matchingTag"}} []
[2026-05-19T04:21:03.985973+00:00] main.DEBUG: cache_invalidate:  {"method":"GET","url":"http:/","invalidateInfo":{"tags":["EAV_ATTRIBUTE"],"mode":"matchingAnyTag"}} []
[2026-05-19T04:21:03.986416+00:00] main.DEBUG: cache_invalidate:  {"method":"GET","url":"http:/","invalidateInfo":{"tags":["EAV_ATTRIBUTE_20","FPC","MAGE"],"mode":"matchingTag"}} []
[2026-05-19T04:21:03.986648+00:00] main.DEBUG: cache_invalidate:  {"method":"GET","url":"http:/","invalidateInfo":{"tags":["EAV_ATTRIBUTE_20","FPC"],"mode":"matchingTag"}} []
[2026-05-19T04:21:03.986672+00:00] main.DEBUG: cache_invalidate:  {"method":"GET","url":"http:/","invalidateInfo":{"tags":["EAV_ENTITY_TYPES_CUSTOMER_ENTITY","FPC","MAGE"],"mode":"matchingTag"}} []
[2026-05-19T04:21:03.986690+00:00] main.DEBUG: cache_invalidate:  {"method":"GET","url":"http:/","invalidateInfo":{"tags":["EAV_ENTITY_TYPES_CUSTOMER_ENTITY","FPC"],"mode":"matchingTag"}} []
[2026-05-19T04:21:03.986710+00:00] main.DEBUG: cache_invalidate:  {"method":"GET","url":"http:/","invalidateInfo":{"tags":["EAV_FORM_adminhtml_checkout_FORM","FPC","MAGE"],"mode":"matchingTag"}} []
[2026-05-19T04:21:03.986726+00:00] main.DEBUG: cache_invalidate:  {"method":"GET","url":"http:/","invalidateInfo":{"tags":["EAV_FORM_adminhtml_checkout_FORM","FPC"],"mode":"matchingTag"}} []
[2026-05-19T04:21:03.986744+00:00] main.DEBUG: cache_invalidate:  {"method":"GET","url":"http:/","invalidateInfo":{"tags":["EAV_FORM_adminhtml_customer_FORM","FPC","MAGE"],"mode":"matchingTag"}} []
[2026-05-19T04:21:03.986760+00:00] main.DEBUG: cache_invalidate:  {"method":"GET","url":"http:/","invalidateInfo":{"tags":["EAV_FORM_adminhtml_customer_FORM","FPC"],"mode":"matchingTag"}} []
[2026-05-19T04:21:03.986779+00:00] main.DEBUG: cache_invalidate:  {"method":"GET","url":"http:/","invalidateInfo":{"tags":["EAV_FORM_checkout_register_FORM","FPC","MAGE"],"mode":"matchingTag"}} []
[2026-05-19T04:21:03.986794+00:00] main.DEBUG: cache_invalidate:  {"method":"GET","url":"http:/","invalidateInfo":{"tags":["EAV_FORM_checkout_register_FORM","FPC"],"mode":"matchingTag"}} []
[2026-05-19T04:21:03.986813+00:00] main.DEBUG: cache_invalidate:  {"method":"GET","url":"http:/","invalidateInfo":{"tags":["EAV_FORM_customer_account_create_FORM","FPC","MAGE"],"mode":"matchingTag"}} []
[2026-05-19T04:21:03.986828+00:00] main.DEBUG: cache_invalidate:  {"method":"GET","url":"http:/","invalidateInfo":{"tags":["EAV_FORM_customer_account_create_FORM","FPC"],"mode":"matchingTag"}} []
[2026-05-19T04:21:03.986850+00:00] main.DEBUG: cache_invalidate:  {"method":"GET","url":"http:/","invalidateInfo":{"tags":["EAV_FORM_customer_account_edit_FORM","FPC","MAGE"],"mode":"matchingTag"}} []
[2026-05-19T04:21:03.986865+00:00] main.DEBUG: cache_invalidate:  {"method":"GET","url":"http:/","invalidateInfo":{"tags":["EAV_FORM_customer_account_edit_FORM","FPC"],"mode":"matchingTag"}} []
[2026-05-19T04:21:03.986885+00:00] main.DEBUG: cache_invalidate:  {"method":"GET","url":"http:/","invalidateInfo":{"tags":["EAV_ATTRIBUTE_customer_gender","FPC","MAGE"],"mode":"matchingTag"}} []
[2026-05-19T04:21:03.986901+00:00] main.DEBUG: cache_invalidate:  {"method":"GET","url":"http:/","invalidateInfo":{"tags":["EAV_ATTRIBUTE_customer_gender","FPC"],"mode":"matchingTag"}} []
[2026-05-19T04:21:03.991968+00:00] main.DEBUG: cache_invalidate:  {"method":"GET","url":"http:/","invalidateInfo":{"tags":["EAV","MAGE"],"mode":"matchingTag"}} []
[2026-05-19T04:21:03.992045+00:00] main.DEBUG: cache_invalidate:  {"method":"GET","url":"http:/","invalidateInfo":{"tags":["EAV_ATTRIBUTE","MAGE"],"mode":"matchingTag"}} []
[2026-05-19T04:21:03.992065+00:00] main.DEBUG: cache_invalidate:  {"method":"GET","url":"http:/","invalidateInfo":{"tags":["EAV","EAV_ATTRIBUTE"],"mode":"matchingAnyTag"}} []
[2026-05-19T04:21:03.992308+00:00] main.DEBUG: cache_invalidate:  {"method":"GET","url":"http:/","invalidateInfo":{"tags":["EAV","MAGE"],"mode":"matchingTag"}} []
[2026-05-19T04:21:03.992362+00:00] main.DEBUG: cache_invalidate:  {"method":"GET","url":"http:/","invalidateInfo":{"tags":["EAV_ATTRIBUTE","MAGE"],"mode":"matchingTag"}} []
[2026-05-19T04:21:03.992379+00:00] main.DEBUG: cache_invalidate:  {"method":"GET","url":"http:/","invalidateInfo":{"tags":["EAV","EAV_ATTRIBUTE"],"mode":"matchingAnyTag"}} []
[2026-05-19T04:21:03.992428+00:00] main.DEBUG: cache_invalidate:  {"method":"GET","url":"http:/","invalidateInfo":{"tags":["EAV","MAGE"],"mode":"matchingTag"}} []
[2026-05-19T04:21:03.992476+00:00] main.DEBUG: cache_invalidate:  {"method":"GET","url":"http:/","invalidateInfo":{"tags":["EAV_ATTRIBUTE","MAGE"],"mode":"matchingTag"}} []
[2026-05-19T04:21:03.992493+00:00] main.DEBUG: cache_invalidate:  {"method":"GET","url":"http:/","invalidateInfo":{"tags":["EAV","EAV_ATTRIBUTE"],"mode":"matchingAnyTag"}} []
[2026-05-19T04:21:03.992546+00:00] main.DEBUG: cache_invalidate:  {"method":"GET","url":"http:/","invalidateInfo":{"tags":["EAV_ATTRIBUTE","MAGE"],"mode":"matchingTag"}} []
[2026-05-19T04:21:03.992563+00:00] main.DEBUG: cache_invalidate:  {"method":"GET","url":"http:/","invalidateInfo":{"tags":["EAV_ATTRIBUTE"],"mode":"matchingAnyTag"}} []
[2026-05-19T04:21:03.992942+00:00] main.DEBUG: cache_invalidate:  {"method":"GET","url":"http:/","invalidateInfo":{"tags":["EAV_ATTRIBUTE_27","FPC","MAGE"],"mode":"matchingTag"}} []
[2026-05-19T04:21:03.992966+00:00] main.DEBUG: cache_invalidate:  {"method":"GET","url":"http:/","invalidateInfo":{"tags":["EAV_ATTRIBUTE_27","FPC"],"mode":"matchingTag"}} []
[2026-05-19T04:21:03.992990+00:00] main.DEBUG: cache_invalidate:  {"method":"GET","url":"http:/","invalidateInfo":{"tags":["EAV_ENTITY_TYPES_CUSTOMER_ADDRESS_ENTITY","FPC","MAGE"],"mode":"matchingTag"}} []
[2026-05-19T04:21:03.993007+00:00] main.DEBUG: cache_invalidate:  {"method":"GET","url":"http:/","invalidateInfo":{"tags":["EAV_ENTITY_TYPES_CUSTOMER_ADDRESS_ENTITY","FPC"],"mode":"matchingTag"}} []
[2026-05-19T04:21:03.993027+00:00] main.DEBUG: cache_invalidate:  {"method":"GET","url":"http:/","invalidateInfo":{"tags":["EAV_FORM_adminhtml_customer_address_FORM","FPC","MAGE"],"mode":"matchingTag"}} []
[2026-05-19T04:21:03.993043+00:00] main.DEBUG: cache_invalidate:  {"method":"GET","url":"http:/","invalidateInfo":{"tags":["EAV_FORM_adminhtml_customer_address_FORM","FPC"],"mode":"matchingTag"}} []
[2026-05-19T04:21:03.993062+00:00] main.DEBUG: cache_invalidate:  {"method":"GET","url":"http:/","invalidateInfo":{"tags":["EAV_FORM_customer_address_edit_FORM","FPC","MAGE"],"mode":"matchingTag"}} []
[2026-05-19T04:21:03.993080+00:00] main.DEBUG: cache_invalidate:  {"method":"GET","url":"http:/","invalidateInfo":{"tags":["EAV_FORM_customer_address_edit_FORM","FPC"],"mode":"matchingTag"}} []
[2026-05-19T04:21:03.993100+00:00] main.DEBUG: cache_invalidate:  {"method":"GET","url":"http:/","invalidateInfo":{"tags":["EAV_FORM_customer_register_address_FORM","FPC","MAGE"],"mode":"matchingTag"}} []
[2026-05-19T04:21:03.993115+00:00] main.DEBUG: cache_invalidate:  {"method":"GET","url":"http:/","invalidateInfo":{"tags":["EAV_FORM_customer_register_address_FORM","FPC"],"mode":"matchingTag"}} []
[2026-05-19T04:21:03.993135+00:00] main.DEBUG: cache_invalidate:  {"method":"GET","url":"http:/","invalidateInfo":{"tags":["EAV_ATTRIBUTE_customer_address_company","FPC","MAGE"],"mode":"matchingTag"}} []
[2026-05-19T04:21:03.993150+00:00] main.DEBUG: cache_invalidate:  {"method":"GET","url":"http:/","invalidateInfo":{"tags":["EAV_ATTRIBUTE_customer_address_company","FPC"],"mode":"matchingTag"}} []
[2026-05-19T04:21:03.995014+00:00] main.DEBUG: cache_invalidate:  {"method":"GET","url":"http:/","invalidateInfo":{"tags":["EAV","MAGE"],"mode":"matchingTag"}} []
[2026-05-19T04:21:03.995095+00:00] main.DEBUG: cache_invalidate:  {"method":"GET","url":"http:/","invalidateInfo":{"tags":["EAV_ATTRIBUTE","MAGE"],"mode":"matchingTag"}} []
[2026-05-19T04:21:03.995117+00:00] main.DEBUG: cache_invalidate:  {"method":"GET","url":"http:/","invalidateInfo":{"tags":["EAV","EAV_ATTRIBUTE"],"mode":"matchingAnyTag"}} []
[2026-05-19T04:21:03.995341+00:00] main.DEBUG: cache_invalidate:  {"method":"GET","url":"http:/","invalidateInfo":{"tags":["EAV","MAGE"],"mode":"matchingTag"}} []
[2026-05-19T04:21:03.995396+00:00] main.DEBUG: cache_invalidate:  {"method":"GET","url":"http:/","invalidateInfo":{"tags":["EAV_ATTRIBUTE","MAGE"],"mode":"matchingTag"}} []
[2026-05-19T04:21:03.995414+00:00] main.DEBUG: cache_invalidate:  {"method":"GET","url":"http:/","invalidateInfo":{"tags":["EAV","EAV_ATTRIBUTE"],"mode":"matchingAnyTag"}} []
[2026-05-19T04:21:03.995463+00:00] main.DEBUG: cache_invalidate:  {"method":"GET","url":"http:/","invalidateInfo":{"tags":["EAV","MAGE"],"mode":"matchingTag"}} []
[2026-05-19T04:21:03.995511+00:00] main.DEBUG: cache_invalidate:  {"method":"GET","url":"http:/","invalidateInfo":{"tags":["EAV_ATTRIBUTE","MAGE"],"mode":"matchingTag"}} []
[2026-05-19T04:21:03.995527+00:00] main.DEBUG: cache_invalidate:  {"method":"GET","url":"http:/","invalidateInfo":{"tags":["EAV","EAV_ATTRIBUTE"],"mode":"matchingAnyTag"}} []
[2026-05-19T04:21:03.995581+00:00] main.DEBUG: cache_invalidate:  {"method":"GET","url":"http:/","invalidateInfo":{"tags":["EAV_ATTRIBUTE","MAGE"],"mode":"matchingTag"}} []
[2026-05-19T04:21:03.995597+00:00] main.DEBUG: cache_invalidate:  {"method":"GET","url":"http:/","invalidateInfo":{"tags":["EAV_ATTRIBUTE"],"mode":"matchingAnyTag"}} []
[2026-05-19T04:21:03.995964+00:00] main.DEBUG: cache_invalidate:  {"method":"GET","url":"http:/","invalidateInfo":{"tags":["EAV_ATTRIBUTE_28","FPC","MAGE"],"mode":"matchingTag"}} []
[2026-05-19T04:21:03.995992+00:00] main.DEBUG: cache_invalidate:  {"method":"GET","url":"http:/","invalidateInfo":{"tags":["EAV_ATTRIBUTE_28","FPC"],"mode":"matchingTag"}} []
[2026-05-19T04:21:03.996015+00:00] main.DEBUG: cache_invalidate:  {"method":"GET","url":"http:/","invalidateInfo":{"tags":["EAV_ENTITY_TYPES_CUSTOMER_ADDRESS_ENTITY","FPC","MAGE"],"mode":"matchingTag"}} []
[2026-05-19T04:21:03.996031+00:00] main.DEBUG: cache_invalidate:  {"method":"GET","url":"http:/","invalidateInfo":{"tags":["EAV_ENTITY_TYPES_CUSTOMER_ADDRESS_ENTITY","FPC"],"mode":"matchingTag"}} []
[2026-05-19T04:21:03.996050+00:00] main.DEBUG: cache_invalidate:  {"method":"GET","url":"http:/","invalidateInfo":{"tags":["EAV_FORM_adminhtml_customer_address_FORM","FPC","MAGE"],"mode":"matchingTag"}} []
[2026-05-19T04:21:03.996065+00:00] main.DEBUG: cache_invalidate:  {"method":"GET","url":"http:/","invalidateInfo":{"tags":["EAV_FORM_adminhtml_customer_address_FORM","FPC"],"mode":"matchingTag"}} []
[2026-05-19T04:21:03.996086+00:00] main.DEBUG: cache_invalidate:  {"method":"GET","url":"http:/","invalidateInfo":{"tags":["EAV_FORM_customer_address_edit_FORM","FPC","MAGE"],"mode":"matchingTag"}} []
[2026-05-19T04:21:03.996101+00:00] main.DEBUG: cache_invalidate:  {"method":"GET","url":"http:/","invalidateInfo":{"tags":["EAV_FORM_customer_address_edit_FORM","FPC"],"mode":"matchingTag"}} []
[2026-05-19T04:21:03.996119+00:00] main.DEBUG: cache_invalidate:  {"method":"GET","url":"http:/","invalidateInfo":{"tags":["EAV_FORM_customer_register_address_FORM","FPC","MAGE"],"mode":"matchingTag"}} []
[2026-05-19T04:21:03.996134+00:00] main.DEBUG: cache_invalidate:  {"method":"GET","url":"http:/","invalidateInfo":{"tags":["EAV_FORM_customer_register_address_FORM","FPC"],"mode":"matchingTag"}} []
[2026-05-19T04:21:03.996153+00:00] main.DEBUG: cache_invalidate:  {"method":"GET","url":"http:/","invalidateInfo":{"tags":["EAV_ATTRIBUTE_customer_address_street","FPC","MAGE"],"mode":"matchingTag"}} []
[2026-05-19T04:21:03.996168+00:00] main.DEBUG: cache_invalidate:  {"method":"GET","url":"http:/","invalidateInfo":{"tags":["EAV_ATTRIBUTE_customer_address_street","FPC"],"mode":"matchingTag"}} []
[2026-05-19T04:21:03.997979+00:00] main.DEBUG: cache_invalidate:  {"method":"GET","url":"http:/","invalidateInfo":{"tags":["EAV","MAGE"],"mode":"matchingTag"}} []
[2026-05-19T04:21:03.998050+00:00] main.DEBUG: cache_invalidate:  {"method":"GET","url":"http:/","invalidateInfo":{"tags":["EAV_ATTRIBUTE","MAGE"],"mode":"matchingTag"}} []
[2026-05-19T04:21:03.998069+00:00] main.DEBUG: cache_invalidate:  {"method":"GET","url":"http:/","invalidateInfo":{"tags":["EAV","EAV_ATTRIBUTE"],"mode":"matchingAnyTag"}} []
[2026-05-19T04:21:03.998291+00:00] main.DEBUG: cache_invalidate:  {"method":"GET","url":"http:/","invalidateInfo":{"tags":["EAV","MAGE"],"mode":"matchingTag"}} []
[2026-05-19T04:21:03.998348+00:00] main.DEBUG: cache_invalidate:  {"method":"GET","url":"http:/","invalidateInfo":{"tags":["EAV_ATTRIBUTE","MAGE"],"mode":"matchingTag"}} []
[2026-05-19T04:21:03.998366+00:00] main.DEBUG: cache_invalidate:  {"method":"GET","url":"http:/","invalidateInfo":{"tags":["EAV","EAV_ATTRIBUTE"],"mode":"matchingAnyTag"}} []
[2026-05-19T04:21:03.998417+00:00] main.DEBUG: cache_invalidate:  {"method":"GET","url":"http:/","invalidateInfo":{"tags":["EAV","MAGE"],"mode":"matchingTag"}} []
[2026-05-19T04:21:03.998468+00:00] main.DEBUG: cache_invalidate:  {"method":"GET","url":"http:/","invalidateInfo":{"tags":["EAV_ATTRIBUTE","MAGE"],"mode":"matchingTag"}} []
[2026-05-19T04:21:03.998484+00:00] main.DEBUG: cache_invalidate:  {"method":"GET","url":"http:/","invalidateInfo":{"tags":["EAV","EAV_ATTRIBUTE"],"mode":"matchingAnyTag"}} []
[2026-05-19T04:21:03.998541+00:00] main.DEBUG: cache_invalidate:  {"method":"GET","url":"http:/","invalidateInfo":{"tags":["EAV_ATTRIBUTE","MAGE"],"mode":"matchingTag"}} []
[2026-05-19T04:21:03.998569+00:00] main.DEBUG: cache_invalidate:  {"method":"GET","url":"http:/","invalidateInfo":{"tags":["EAV_ATTRIBUTE"],"mode":"matchingAnyTag"}} []
[2026-05-19T04:21:03.998956+00:00] main.DEBUG: cache_invalidate:  {"method":"GET","url":"http:/","invalidateInfo":{"tags":["EAV_ATTRIBUTE_29","FPC","MAGE"],"mode":"matchingTag"}} []
[2026-05-19T04:21:03.998981+00:00] main.DEBUG: cache_invalidate:  {"method":"GET","url":"http:/","invalidateInfo":{"tags":["EAV_ATTRIBUTE_29","FPC"],"mode":"matchingTag"}} []
[2026-05-19T04:21:03.999004+00:00] main.DEBUG: cache_invalidate:  {"method":"GET","url":"http:/","invalidateInfo":{"tags":["EAV_ENTITY_TYPES_CUSTOMER_ADDRESS_ENTITY","FPC","MAGE"],"mode":"matchingTag"}} []
[2026-05-19T04:21:03.999020+00:00] main.DEBUG: cache_invalidate:  {"method":"GET","url":"http:/","invalidateInfo":{"tags":["EAV_ENTITY_TYPES_CUSTOMER_ADDRESS_ENTITY","FPC"],"mode":"matchingTag"}} []
[2026-05-19T04:21:03.999040+00:00] main.DEBUG: cache_invalidate:  {"method":"GET","url":"http:/","invalidateInfo":{"tags":["EAV_FORM_adminhtml_customer_address_FORM","FPC","MAGE"],"mode":"matchingTag"}} []
[2026-05-19T04:21:03.999060+00:00] main.DEBUG: cache_invalidate:  {"method":"GET","url":"http:/","invalidateInfo":{"tags":["EAV_FORM_adminhtml_customer_address_FORM","FPC"],"mode":"matchingTag"}} []
[2026-05-19T04:21:03.999079+00:00] main.DEBUG: cache_invalidate:  {"method":"GET","url":"http:/","invalidateInfo":{"tags":["EAV_FORM_customer_address_edit_FORM","FPC","MAGE"],"mode":"matchingTag"}} []
[2026-05-19T04:21:03.999095+00:00] main.DEBUG: cache_invalidate:  {"method":"GET","url":"http:/","invalidateInfo":{"tags":["EAV_FORM_customer_address_edit_FORM","FPC"],"mode":"matchingTag"}} []
[2026-05-19T04:21:03.999113+00:00] main.DEBUG: cache_invalidate:  {"method":"GET","url":"http:/","invalidateInfo":{"tags":["EAV_FORM_customer_register_address_FORM","FPC","MAGE"],"mode":"matchingTag"}} []
[2026-05-19T04:21:03.999129+00:00] main.DEBUG: cache_invalidate:  {"method":"GET","url":"http:/","invalidateInfo":{"tags":["EAV_FORM_customer_register_address_FORM","FPC"],"mode":"matchingTag"}} []
[2026-05-19T04:21:03.999149+00:00] main.DEBUG: cache_invalidate:  {"method":"GET","url":"http:/","invalidateInfo":{"tags":["EAV_ATTRIBUTE_customer_address_city","FPC","MAGE"],"mode":"matchingTag"}} []
[2026-05-19T04:21:03.999164+00:00] main.DEBUG: cache_invalidate:  {"method":"GET","url":"http:/","invalidateInfo":{"tags":["EAV_ATTRIBUTE_customer_address_city","FPC"],"mode":"matchingTag"}} []
[2026-05-19T04:21:04.000941+00:00] main.DEBUG: cache_invalidate:  {"method":"GET","url":"http:/","invalidateInfo":{"tags":["EAV","MAGE"],"mode":"matchingTag"}} []
[2026-05-19T04:21:04.001019+00:00] main.DEBUG: cache_invalidate:  {"method":"GET","url":"http:/","invalidateInfo":{"tags":["EAV_ATTRIBUTE","MAGE"],"mode":"matchingTag"}} []
[2026-05-19T04:21:04.001039+00:00] main.DEBUG: cache_invalidate:  {"method":"GET","url":"http:/","invalidateInfo":{"tags":["EAV","EAV_ATTRIBUTE"],"mode":"matchingAnyTag"}} []
[2026-05-19T04:21:04.001267+00:00] main.DEBUG: cache_invalidate:  {"method":"GET","url":"http:/","invalidateInfo":{"tags":["EAV","MAGE"],"mode":"matchingTag"}} []
[2026-05-19T04:21:04.001324+00:00] main.DEBUG: cache_invalidate:  {"method":"GET","url":"http:/","invalidateInfo":{"tags":["EAV_ATTRIBUTE","MAGE"],"mode":"matchingTag"}} []
[2026-05-19T04:21:04.001341+00:00] main.DEBUG: cache_invalidate:  {"method":"GET","url":"http:/","invalidateInfo":{"tags":["EAV","EAV_ATTRIBUTE"],"mode":"matchingAnyTag"}} []
[2026-05-19T04:21:04.001392+00:00] main.DEBUG: cache_invalidate:  {"method":"GET","url":"http:/","invalidateInfo":{"tags":["EAV","MAGE"],"mode":"matchingTag"}} []
[2026-05-19T04:21:04.001443+00:00] main.DEBUG: cache_invalidate:  {"method":"GET","url":"http:/","invalidateInfo":{"tags":["EAV_ATTRIBUTE","MAGE"],"mode":"matchingTag"}} []
[2026-05-19T04:21:04.001459+00:00] main.DEBUG: cache_invalidate:  {"method":"GET","url":"http:/","invalidateInfo":{"tags":["EAV","EAV_ATTRIBUTE"],"mode":"matchingAnyTag"}} []
[2026-05-19T04:21:04.001515+00:00] main.DEBUG: cache_invalidate:  {"method":"GET","url":"http:/","invalidateInfo":{"tags":["EAV_ATTRIBUTE","MAGE"],"mode":"matchingTag"}} []
[2026-05-19T04:21:04.001531+00:00] main.DEBUG: cache_invalidate:  {"method":"GET","url":"http:/","invalidateInfo":{"tags":["EAV_ATTRIBUTE"],"mode":"matchingAnyTag"}} []
[2026-05-19T04:21:04.001893+00:00] main.DEBUG: cache_invalidate:  {"method":"GET","url":"http:/","invalidateInfo":{"tags":["EAV_ATTRIBUTE_30","FPC","MAGE"],"mode":"matchingTag"}} []
[2026-05-19T04:21:04.001921+00:00] main.DEBUG: cache_invalidate:  {"method":"GET","url":"http:/","invalidateInfo":{"tags":["EAV_ATTRIBUTE_30","FPC"],"mode":"matchingTag"}} []
[2026-05-19T04:21:04.001943+00:00] main.DEBUG: cache_invalidate:  {"method":"GET","url":"http:/","invalidateInfo":{"tags":["EAV_ENTITY_TYPES_CUSTOMER_ADDRESS_ENTITY","FPC","MAGE"],"mode":"matchingTag"}} []
[2026-05-19T04:21:04.001959+00:00] main.DEBUG: cache_invalidate:  {"method":"GET","url":"http:/","invalidateInfo":{"tags":["EAV_ENTITY_TYPES_CUSTOMER_ADDRESS_ENTITY","FPC"],"mode":"matchingTag"}} []
[2026-05-19T04:21:04.001978+00:00] main.DEBUG: cache_invalidate:  {"method":"GET","url":"http:/","invalidateInfo":{"tags":["EAV_FORM_adminhtml_customer_address_FORM","FPC","MAGE"],"mode":"matchingTag"}} []
[2026-05-19T04:21:04.001995+00:00] main.DEBUG: cache_invalidate:  {"method":"GET","url":"http:/","invalidateInfo":{"tags":["EAV_FORM_adminhtml_customer_address_FORM","FPC"],"mode":"matchingTag"}} []
[2026-05-19T04:21:04.002013+00:00] main.DEBUG: cache_invalidate:  {"method":"GET","url":"http:/","invalidateInfo":{"tags":["EAV_FORM_customer_address_edit_FORM","FPC","MAGE"],"mode":"matchingTag"}} []
[2026-05-19T04:21:04.002029+00:00] main.DEBUG: cache_invalidate:  {"method":"GET","url":"http:/","invalidateInfo":{"tags":["EAV_FORM_customer_address_edit_FORM","FPC"],"mode":"matchingTag"}} []
[2026-05-19T04:21:04.002046+00:00] main.DEBUG: cache_invalidate:  {"method":"GET","url":"http:/","invalidateInfo":{"tags":["EAV_FORM_customer_register_address_FORM","FPC","MAGE"],"mode":"matchingTag"}} []
[2026-05-19T04:21:04.002061+00:00] main.DEBUG: cache_invalidate:  {"method":"GET","url":"http:/","invalidateInfo":{"tags":["EAV_FORM_customer_register_address_FORM","FPC"],"mode":"matchingTag"}} []
[2026-05-19T04:21:04.002084+00:00] main.DEBUG: cache_invalidate:  {"method":"GET","url":"http:/","invalidateInfo":{"tags":["EAV_ATTRIBUTE_customer_address_country_id","FPC","MAGE"],"mode":"matchingTag"}} []
[2026-05-19T04:21:04.002099+00:00] main.DEBUG: cache_invalidate:  {"method":"GET","url":"http:/","invalidateInfo":{"tags":["EAV_ATTRIBUTE_customer_address_country_id","FPC"],"mode":"matchingTag"}} []
[2026-05-19T04:21:04.004029+00:00] main.DEBUG: cache_invalidate:  {"method":"GET","url":"http:/","invalidateInfo":{"tags":["EAV","MAGE"],"mode":"matchingTag"}} []
[2026-05-19T04:21:04.004102+00:00] main.DEBUG: cache_invalidate:  {"method":"GET","url":"http:/","invalidateInfo":{"tags":["EAV_ATTRIBUTE","MAGE"],"mode":"matchingTag"}} []
[2026-05-19T04:21:04.004120+00:00] main.DEBUG: cache_invalidate:  {"method":"GET","url":"http:/","invalidateInfo":{"tags":["EAV","EAV_ATTRIBUTE"],"mode":"matchingAnyTag"}} []
[2026-05-19T04:21:04.004360+00:00] main.DEBUG: cache_invalidate:  {"method":"GET","url":"http:/","invalidateInfo":{"tags":["EAV","MAGE"],"mode":"matchingTag"}} []
[2026-05-19T04:21:04.004420+00:00] main.DEBUG: cache_invalidate:  {"method":"GET","url":"http:/","invalidateInfo":{"tags":["EAV_ATTRIBUTE","MAGE"],"mode":"matchingTag"}} []
[2026-05-19T04:21:04.004438+00:00] main.DEBUG: cache_invalidate:  {"method":"GET","url":"http:/","invalidateInfo":{"tags":["EAV","EAV_ATTRIBUTE"],"mode":"matchingAnyTag"}} []
[2026-05-19T04:21:04.004495+00:00] main.DEBUG: cache_invalidate:  {"method":"GET","url":"http:/","invalidateInfo":{"tags":["EAV","MAGE"],"mode":"matchingTag"}} []
[2026-05-19T04:21:04.004549+00:00] main.DEBUG: cache_invalidate:  {"method":"GET","url":"http:/","invalidateInfo":{"tags":["EAV_ATTRIBUTE","MAGE"],"mode":"matchingTag"}} []
[2026-05-19T04:21:04.004565+00:00] main.DEBUG: cache_invalidate:  {"method":"GET","url":"http:/","invalidateInfo":{"tags":["EAV","EAV_ATTRIBUTE"],"mode":"matchingAnyTag"}} []
[2026-05-19T04:21:04.004624+00:00] main.DEBUG: cache_invalidate:  {"method":"GET","url":"http:/","invalidateInfo":{"tags":["EAV_ATTRIBUTE","MAGE"],"mode":"matchingTag"}} []
[2026-05-19T04:21:04.004640+00:00] main.DEBUG: cache_invalidate:  {"method":"GET","url":"http:/","invalidateInfo":{"tags":["EAV_ATTRIBUTE"],"mode":"matchingAnyTag"}} []
[2026-05-19T04:21:04.004962+00:00] main.DEBUG: cache_invalidate:  {"method":"GET","url":"http:/","invalidateInfo":{"tags":["EAV_ATTRIBUTE_31","FPC","MAGE"],"mode":"matchingTag"}} []
[2026-05-19T04:21:04.004983+00:00] main.DEBUG: cache_invalidate:  {"method":"GET","url":"http:/","invalidateInfo":{"tags":["EAV_ATTRIBUTE_31","FPC"],"mode":"matchingTag"}} []
[2026-05-19T04:21:04.005004+00:00] main.DEBUG: cache_invalidate:  {"method":"GET","url":"http:/","invalidateInfo":{"tags":["EAV_ENTITY_TYPES_CUSTOMER_ADDRESS_ENTITY","FPC","MAGE"],"mode":"matchingTag"}} []
[2026-05-19T04:21:04.005020+00:00] main.DEBUG: cache_invalidate:  {"method":"GET","url":"http:/","invalidateInfo":{"tags":["EAV_ENTITY_TYPES_CUSTOMER_ADDRESS_ENTITY","FPC"],"mode":"matchingTag"}} []
[2026-05-19T04:21:04.005041+00:00] main.DEBUG: cache_invalidate:  {"method":"GET","url":"http:/","invalidateInfo":{"tags":["EAV_FORM_adminhtml_customer_address_FORM","FPC","MAGE"],"mode":"matchingTag"}} []
[2026-05-19T04:21:04.005056+00:00] main.DEBUG: cache_invalidate:  {"method":"GET","url":"http:/","invalidateInfo":{"tags":["EAV_FORM_adminhtml_customer_address_FORM","FPC"],"mode":"matchingTag"}} []
[2026-05-19T04:21:04.005074+00:00] main.DEBUG: cache_invalidate:  {"method":"GET","url":"http:/","invalidateInfo":{"tags":["EAV_FORM_customer_address_edit_FORM","FPC","MAGE"],"mode":"matchingTag"}} []
[2026-05-19T04:21:04.005089+00:00] main.DEBUG: cache_invalidate:  {"method":"GET","url":"http:/","invalidateInfo":{"tags":["EAV_FORM_customer_address_edit_FORM","FPC"],"mode":"matchingTag"}} []
[2026-05-19T04:21:04.005107+00:00] main.DEBUG: cache_invalidate:  {"method":"GET","url":"http:/","invalidateInfo":{"tags":["EAV_FORM_customer_register_address_FORM","FPC","MAGE"],"mode":"matchingTag"}} []
[2026-05-19T04:21:04.005122+00:00] main.DEBUG: cache_invalidate:  {"method":"GET","url":"http:/","invalidateInfo":{"tags":["EAV_FORM_customer_register_address_FORM","FPC"],"mode":"matchingTag"}} []
[2026-05-19T04:21:04.005155+00:00] main.DEBUG: cache_invalidate:  {"method":"GET","url":"http:/","invalidateInfo":{"tags":["EAV_ATTRIBUTE_customer_address_region","FPC","MAGE"],"mode":"matchingTag"}} []
[2026-05-19T04:21:04.005177+00:00] main.DEBUG: cache_invalidate:  {"method":"GET","url":"http:/","invalidateInfo":{"tags":["EAV_ATTRIBUTE_customer_address_region","FPC"],"mode":"matchingTag"}} []
[2026-05-19T04:21:04.006931+00:00] main.DEBUG: cache_invalidate:  {"method":"GET","url":"http:/","invalidateInfo":{"tags":["EAV","MAGE"],"mode":"matchingTag"}} []
[2026-05-19T04:21:04.007017+00:00] main.DEBUG: cache_invalidate:  {"method":"GET","url":"http:/","invalidateInfo":{"tags":["EAV_ATTRIBUTE","MAGE"],"mode":"matchingTag"}} []
[2026-05-19T04:21:04.007038+00:00] main.DEBUG: cache_invalidate:  {"method":"GET","url":"http:/","invalidateInfo":{"tags":["EAV","EAV_ATTRIBUTE"],"mode":"matchingAnyTag"}} []
[2026-05-19T04:21:04.007291+00:00] main.DEBUG: cache_invalidate:  {"method":"GET","url":"http:/","invalidateInfo":{"tags":["EAV","MAGE"],"mode":"matchingTag"}} []
[2026-05-19T04:21:04.007351+00:00] main.DEBUG: cache_invalidate:  {"method":"GET","url":"http:/","invalidateInfo":{"tags":["EAV_ATTRIBUTE","MAGE"],"mode":"matchingTag"}} []
[2026-05-19T04:21:04.007369+00:00] main.DEBUG: cache_invalidate:  {"method":"GET","url":"http:/","invalidateInfo":{"tags":["EAV","EAV_ATTRIBUTE"],"mode":"matchingAnyTag"}} []
[2026-05-19T04:21:04.007423+00:00] main.DEBUG: cache_invalidate:  {"method":"GET","url":"http:/","invalidateInfo":{"tags":["EAV","MAGE"],"mode":"matchingTag"}} []
[2026-05-19T04:21:04.007477+00:00] main.DEBUG: cache_invalidate:  {"method":"GET","url":"http:/","invalidateInfo":{"tags":["EAV_ATTRIBUTE","MAGE"],"mode":"matchingTag"}} []
[2026-05-19T04:21:04.007493+00:00] main.DEBUG: cache_invalidate:  {"method":"GET","url":"http:/","invalidateInfo":{"tags":["EAV","EAV_ATTRIBUTE"],"mode":"matchingAnyTag"}} []
[2026-05-19T04:21:04.007550+00:00] main.DEBUG: cache_invalidate:  {"method":"GET","url":"http:/","invalidateInfo":{"tags":["EAV_ATTRIBUTE","MAGE"],"mode":"matchingTag"}} []
[2026-05-19T04:21:04.007566+00:00] main.DEBUG: cache_invalidate:  {"method":"GET","url":"http:/","invalidateInfo":{"tags":["EAV_ATTRIBUTE"],"mode":"matchingAnyTag"}} []
[2026-05-19T04:21:04.007907+00:00] main.DEBUG: cache_invalidate:  {"method":"GET","url":"http:/","invalidateInfo":{"tags":["EAV_ATTRIBUTE_32","FPC","MAGE"],"mode":"matchingTag"}} []
[2026-05-19T04:21:04.007932+00:00] main.DEBUG: cache_invalidate:  {"method":"GET","url":"http:/","invalidateInfo":{"tags":["EAV_ATTRIBUTE_32","FPC"],"mode":"matchingTag"}} []
[2026-05-19T04:21:04.007953+00:00] main.DEBUG: cache_invalidate:  {"method":"GET","url":"http:/","invalidateInfo":{"tags":["EAV_ENTITY_TYPES_CUSTOMER_ADDRESS_ENTITY","FPC","MAGE"],"mode":"matchingTag"}} []
[2026-05-19T04:21:04.007971+00:00] main.DEBUG: cache_invalidate:  {"method":"GET","url":"http:/","invalidateInfo":{"tags":["EAV_ENTITY_TYPES_CUSTOMER_ADDRESS_ENTITY","FPC"],"mode":"matchingTag"}} []
[2026-05-19T04:21:04.007991+00:00] main.DEBUG: cache_invalidate:  {"method":"GET","url":"http:/","invalidateInfo":{"tags":["EAV_FORM_adminhtml_customer_address_FORM","FPC","MAGE"],"mode":"matchingTag"}} []
[2026-05-19T04:21:04.008006+00:00] main.DEBUG: cache_invalidate:  {"method":"GET","url":"http:/","invalidateInfo":{"tags":["EAV_FORM_adminhtml_customer_address_FORM","FPC"],"mode":"matchingTag"}} []
[2026-05-19T04:21:04.008024+00:00] main.DEBUG: cache_invalidate:  {"method":"GET","url":"http:/","invalidateInfo":{"tags":["EAV_FORM_customer_address_edit_FORM","FPC","MAGE"],"mode":"matchingTag"}} []
[2026-05-19T04:21:04.008039+00:00] main.DEBUG: cache_invalidate:  {"method":"GET","url":"http:/","invalidateInfo":{"tags":["EAV_FORM_customer_address_edit_FORM","FPC"],"mode":"matchingTag"}} []
[2026-05-19T04:21:04.008057+00:00] main.DEBUG: cache_invalidate:  {"method":"GET","url":"http:/","invalidateInfo":{"tags":["EAV_FORM_customer_register_address_FORM","FPC","MAGE"],"mode":"matchingTag"}} []
[2026-05-19T04:21:04.008072+00:00] main.DEBUG: cache_invalidate:  {"method":"GET","url":"http:/","invalidateInfo":{"tags":["EAV_FORM_customer_register_address_FORM","FPC"],"mode":"matchingTag"}} []
[2026-05-19T04:21:04.008091+00:00] main.DEBUG: cache_invalidate:  {"method":"GET","url":"http:/","invalidateInfo":{"tags":["EAV_ATTRIBUTE_customer_address_region_id","FPC","MAGE"],"mode":"matchingTag"}} []
[2026-05-19T04:21:04.008107+00:00] main.DEBUG: cache_invalidate:  {"method":"GET","url":"http:/","invalidateInfo":{"tags":["EAV_ATTRIBUTE_customer_address_region_id","FPC"],"mode":"matchingTag"}} []
[2026-05-19T04:21:04.010155+00:00] main.DEBUG: cache_invalidate:  {"method":"GET","url":"http:/","invalidateInfo":{"tags":["EAV","MAGE"],"mode":"matchingTag"}} []
[2026-05-19T04:21:04.010265+00:00] main.DEBUG: cache_invalidate:  {"method":"GET","url":"http:/","invalidateInfo":{"tags":["EAV_ATTRIBUTE","MAGE"],"mode":"matchingTag"}} []
[2026-05-19T04:21:04.010288+00:00] main.DEBUG: cache_invalidate:  {"method":"GET","url":"http:/","invalidateInfo":{"tags":["EAV","EAV_ATTRIBUTE"],"mode":"matchingAnyTag"}} []
[2026-05-19T04:21:04.010649+00:00] main.DEBUG: cache_invalidate:  {"method":"GET","url":"http:/","invalidateInfo":{"tags":["EAV","MAGE"],"mode":"matchingTag"}} []
[2026-05-19T04:21:04.010743+00:00] main.DEBUG: cache_invalidate:  {"method":"GET","url":"http:/","invalidateInfo":{"tags":["EAV_ATTRIBUTE","MAGE"],"mode":"matchingTag"}} []
[2026-05-19T04:21:04.010782+00:00] main.DEBUG: cache_invalidate:  {"method":"GET","url":"http:/","invalidateInfo":{"tags":["EAV","EAV_ATTRIBUTE"],"mode":"matchingAnyTag"}} []
[2026-05-19T04:21:04.010842+00:00] main.DEBUG: cache_invalidate:  {"method":"GET","url":"http:/","invalidateInfo":{"tags":["EAV","MAGE"],"mode":"matchingTag"}} []
[2026-05-19T04:21:04.010899+00:00] main.DEBUG: cache_invalidate:  {"method":"GET","url":"http:/","invalidateInfo":{"tags":["EAV_ATTRIBUTE","MAGE"],"mode":"matchingTag"}} []
[2026-05-19T04:21:04.010916+00:00] main.DEBUG: cache_invalidate:  {"method":"GET","url":"http:/","invalidateInfo":{"tags":["EAV","EAV_ATTRIBUTE"],"mode":"matchingAnyTag"}} []
[2026-05-19T04:21:04.010981+00:00] main.DEBUG: cache_invalidate:  {"method":"GET","url":"http:/","invalidateInfo":{"tags":["EAV_ATTRIBUTE","MAGE"],"mode":"matchingTag"}} []
[2026-05-19T04:21:04.010997+00:00] main.DEBUG: cache_invalidate:  {"method":"GET","url":"http:/","invalidateInfo":{"tags":["EAV_ATTRIBUTE"],"mode":"matchingAnyTag"}} []
[2026-05-19T04:21:04.011489+00:00] main.DEBUG: cache_invalidate:  {"method":"GET","url":"http:/","invalidateInfo":{"tags":["EAV_ATTRIBUTE_33","FPC","MAGE"],"mode":"matchingTag"}} []
[2026-05-19T04:21:04.011523+00:00] main.DEBUG: cache_invalidate:  {"method":"GET","url":"http:/","invalidateInfo":{"tags":["EAV_ATTRIBUTE_33","FPC"],"mode":"matchingTag"}} []
[2026-05-19T04:21:04.011545+00:00] main.DEBUG: cache_invalidate:  {"method":"GET","url":"http:/","invalidateInfo":{"tags":["EAV_ENTITY_TYPES_CUSTOMER_ADDRESS_ENTITY","FPC","MAGE"],"mode":"matchingTag"}} []
[2026-05-19T04:21:04.011569+00:00] main.DEBUG: cache_invalidate:  {"method":"GET","url":"http:/","invalidateInfo":{"tags":["EAV_ENTITY_TYPES_CUSTOMER_ADDRESS_ENTITY","FPC"],"mode":"matchingTag"}} []
[2026-05-19T04:21:04.011589+00:00] main.DEBUG: cache_invalidate:  {"method":"GET","url":"http:/","invalidateInfo":{"tags":["EAV_FORM_adminhtml_customer_address_FORM","FPC","MAGE"],"mode":"matchingTag"}} []
[2026-05-19T04:21:04.011605+00:00] main.DEBUG: cache_invalidate:  {"method":"GET","url":"http:/","invalidateInfo":{"tags":["EAV_FORM_adminhtml_customer_address_FORM","FPC"],"mode":"matchingTag"}} []
[2026-05-19T04:21:04.011624+00:00] main.DEBUG: cache_invalidate:  {"method":"GET","url":"http:/","invalidateInfo":{"tags":["EAV_FORM_customer_address_edit_FORM","FPC","MAGE"],"mode":"matchingTag"}} []
[2026-05-19T04:21:04.011640+00:00] main.DEBUG: cache_invalidate:  {"method":"GET","url":"http:/","invalidateInfo":{"tags":["EAV_FORM_customer_address_edit_FORM","FPC"],"mode":"matchingTag"}} []
[2026-05-19T04:21:04.011659+00:00] main.DEBUG: cache_invalidate:  {"method":"GET","url":"http:/","invalidateInfo":{"tags":["EAV_FORM_customer_register_address_FORM","FPC","MAGE"],"mode":"matchingTag"}} []
[2026-05-19T04:21:04.011674+00:00] main.DEBUG: cache_invalidate:  {"method":"GET","url":"http:/","invalidateInfo":{"tags":["EAV_FORM_customer_register_address_FORM","FPC"],"mode":"matchingTag"}} []
[2026-05-19T04:21:04.011712+00:00] main.DEBUG: cache_invalidate:  {"method":"GET","url":"http:/","invalidateInfo":{"tags":["EAV_ATTRIBUTE_customer_address_postcode","FPC","MAGE"],"mode":"matchingTag"}} []
[2026-05-19T04:21:04.011734+00:00] main.DEBUG: cache_invalidate:  {"method":"GET","url":"http:/","invalidateInfo":{"tags":["EAV_ATTRIBUTE_customer_address_postcode","FPC"],"mode":"matchingTag"}} []
[2026-05-19T04:21:04.013921+00:00] main.DEBUG: cache_invalidate:  {"method":"GET","url":"http:/","invalidateInfo":{"tags":["EAV","MAGE"],"mode":"matchingTag"}} []
[2026-05-19T04:21:04.013998+00:00] main.DEBUG: cache_invalidate:  {"method":"GET","url":"http:/","invalidateInfo":{"tags":["EAV_ATTRIBUTE","MAGE"],"mode":"matchingTag"}} []
[2026-05-19T04:21:04.014017+00:00] main.DEBUG: cache_invalidate:  {"method":"GET","url":"http:/","invalidateInfo":{"tags":["EAV","EAV_ATTRIBUTE"],"mode":"matchingAnyTag"}} []
[2026-05-19T04:21:04.014245+00:00] main.DEBUG: cache_invalidate:  {"method":"GET","url":"http:/","invalidateInfo":{"tags":["EAV","MAGE"],"mode":"matchingTag"}} []
[2026-05-19T04:21:04.014311+00:00] main.DEBUG: cache_invalidate:  {"method":"GET","url":"http:/","invalidateInfo":{"tags":["EAV_ATTRIBUTE","MAGE"],"mode":"matchingTag"}} []
[2026-05-19T04:21:04.014329+00:00] main.DEBUG: cache_invalidate:  {"method":"GET","url":"http:/","invalidateInfo":{"tags":["EAV","EAV_ATTRIBUTE"],"mode":"matchingAnyTag"}} []
[2026-05-19T04:21:04.014386+00:00] main.DEBUG: cache_invalidate:  {"method":"GET","url":"http:/","invalidateInfo":{"tags":["EAV","MAGE"],"mode":"matchingTag"}} []
[2026-05-19T04:21:04.014442+00:00] main.DEBUG: cache_invalidate:  {"method":"GET","url":"http:/","invalidateInfo":{"tags":["EAV_ATTRIBUTE","MAGE"],"mode":"matchingTag"}} []
[2026-05-19T04:21:04.014458+00:00] main.DEBUG: cache_invalidate:  {"method":"GET","url":"http:/","invalidateInfo":{"tags":["EAV","EAV_ATTRIBUTE"],"mode":"matchingAnyTag"}} []
[2026-05-19T04:21:04.014520+00:00] main.DEBUG: cache_invalidate:  {"method":"GET","url":"http:/","invalidateInfo":{"tags":["EAV_ATTRIBUTE","MAGE"],"mode":"matchingTag"}} []
[2026-05-19T04:21:04.014537+00:00] main.DEBUG: cache_invalidate:  {"method":"GET","url":"http:/","invalidateInfo":{"tags":["EAV_ATTRIBUTE"],"mode":"matchingAnyTag"}} []
[2026-05-19T04:21:04.014914+00:00] main.DEBUG: cache_invalidate:  {"method":"GET","url":"http:/","invalidateInfo":{"tags":["EAV_ATTRIBUTE_34","FPC","MAGE"],"mode":"matchingTag"}} []
[2026-05-19T04:21:04.014941+00:00] main.DEBUG: cache_invalidate:  {"method":"GET","url":"http:/","invalidateInfo":{"tags":["EAV_ATTRIBUTE_34","FPC"],"mode":"matchingTag"}} []
[2026-05-19T04:21:04.014970+00:00] main.DEBUG: cache_invalidate:  {"method":"GET","url":"http:/","invalidateInfo":{"tags":["EAV_ENTITY_TYPES_CUSTOMER_ADDRESS_ENTITY","FPC","MAGE"],"mode":"matchingTag"}} []
[2026-05-19T04:21:04.014987+00:00] main.DEBUG: cache_invalidate:  {"method":"GET","url":"http:/","invalidateInfo":{"tags":["EAV_ENTITY_TYPES_CUSTOMER_ADDRESS_ENTITY","FPC"],"mode":"matchingTag"}} []
[2026-05-19T04:21:04.015006+00:00] main.DEBUG: cache_invalidate:  {"method":"GET","url":"http:/","invalidateInfo":{"tags":["EAV_FORM_adminhtml_customer_address_FORM","FPC","MAGE"],"mode":"matchingTag"}} []
[2026-05-19T04:21:04.015022+00:00] main.DEBUG: cache_invalidate:  {"method":"GET","url":"http:/","invalidateInfo":{"tags":["EAV_FORM_adminhtml_customer_address_FORM","FPC"],"mode":"matchingTag"}} []
[2026-05-19T04:21:04.015041+00:00] main.DEBUG: cache_invalidate:  {"method":"GET","url":"http:/","invalidateInfo":{"tags":["EAV_FORM_customer_address_edit_FORM","FPC","MAGE"],"mode":"matchingTag"}} []
[2026-05-19T04:21:04.015057+00:00] main.DEBUG: cache_invalidate:  {"method":"GET","url":"http:/","invalidateInfo":{"tags":["EAV_FORM_customer_address_edit_FORM","FPC"],"mode":"matchingTag"}} []
[2026-05-19T04:21:04.015075+00:00] main.DEBUG: cache_invalidate:  {"method":"GET","url":"http:/","invalidateInfo":{"tags":["EAV_FORM_customer_register_address_FORM","FPC","MAGE"],"mode":"matchingTag"}} []
[2026-05-19T04:21:04.015090+00:00] main.DEBUG: cache_invalidate:  {"method":"GET","url":"http:/","invalidateInfo":{"tags":["EAV_FORM_customer_register_address_FORM","FPC"],"mode":"matchingTag"}} []
[2026-05-19T04:21:04.015112+00:00] main.DEBUG: cache_invalidate:  {"method":"GET","url":"http:/","invalidateInfo":{"tags":["EAV_ATTRIBUTE_customer_address_telephone","FPC","MAGE"],"mode":"matchingTag"}} []
[2026-05-19T04:21:04.015127+00:00] main.DEBUG: cache_invalidate:  {"method":"GET","url":"http:/","invalidateInfo":{"tags":["EAV_ATTRIBUTE_customer_address_telephone","FPC"],"mode":"matchingTag"}} []
[2026-05-19T04:21:04.017019+00:00] main.DEBUG: cache_invalidate:  {"method":"GET","url":"http:/","invalidateInfo":{"tags":["EAV","MAGE"],"mode":"matchingTag"}} []
[2026-05-19T04:21:04.017094+00:00] main.DEBUG: cache_invalidate:  {"method":"GET","url":"http:/","invalidateInfo":{"tags":["EAV_ATTRIBUTE","MAGE"],"mode":"matchingTag"}} []
[2026-05-19T04:21:04.017112+00:00] main.DEBUG: cache_invalidate:  {"method":"GET","url":"http:/","invalidateInfo":{"tags":["EAV","EAV_ATTRIBUTE"],"mode":"matchingAnyTag"}} []
[2026-05-19T04:21:04.017350+00:00] main.DEBUG: cache_invalidate:  {"method":"GET","url":"http:/","invalidateInfo":{"tags":["EAV","MAGE"],"mode":"matchingTag"}} []
[2026-05-19T04:21:04.017417+00:00] main.DEBUG: cache_invalidate:  {"method":"GET","url":"http:/","invalidateInfo":{"tags":["EAV_ATTRIBUTE","MAGE"],"mode":"matchingTag"}} []
[2026-05-19T04:21:04.017436+00:00] main.DEBUG: cache_invalidate:  {"method":"GET","url":"http:/","invalidateInfo":{"tags":["EAV","EAV_ATTRIBUTE"],"mode":"matchingAnyTag"}} []
[2026-05-19T04:21:04.017495+00:00] main.DEBUG: cache_invalidate:  {"method":"GET","url":"http:/","invalidateInfo":{"tags":["EAV","MAGE"],"mode":"matchingTag"}} []
[2026-05-19T04:21:04.017569+00:00] main.DEBUG: cache_invalidate:  {"method":"GET","url":"http:/","invalidateInfo":{"tags":["EAV_ATTRIBUTE","MAGE"],"mode":"matchingTag"}} []
[2026-05-19T04:21:04.017587+00:00] main.DEBUG: cache_invalidate:  {"method":"GET","url":"http:/","invalidateInfo":{"tags":["EAV","EAV_ATTRIBUTE"],"mode":"matchingAnyTag"}} []
[2026-05-19T04:21:04.017666+00:00] main.DEBUG: cache_invalidate:  {"method":"GET","url":"http:/","invalidateInfo":{"tags":["EAV_ATTRIBUTE","MAGE"],"mode":"matchingTag"}} []
[2026-05-19T04:21:04.017683+00:00] main.DEBUG: cache_invalidate:  {"method":"GET","url":"http:/","invalidateInfo":{"tags":["EAV_ATTRIBUTE"],"mode":"matchingAnyTag"}} []
[2026-05-19T04:21:04.018040+00:00] main.DEBUG: cache_invalidate:  {"method":"GET","url":"http:/","invalidateInfo":{"tags":["EAV_ATTRIBUTE_35","FPC","MAGE"],"mode":"matchingTag"}} []
[2026-05-19T04:21:04.018068+00:00] main.DEBUG: cache_invalidate:  {"method":"GET","url":"http:/","invalidateInfo":{"tags":["EAV_ATTRIBUTE_35","FPC"],"mode":"matchingTag"}} []
[2026-05-19T04:21:04.018090+00:00] main.DEBUG: cache_invalidate:  {"method":"GET","url":"http:/","invalidateInfo":{"tags":["EAV_ENTITY_TYPES_CUSTOMER_ADDRESS_ENTITY","FPC","MAGE"],"mode":"matchingTag"}} []
[2026-05-19T04:21:04.018108+00:00] main.DEBUG: cache_invalidate:  {"method":"GET","url":"http:/","invalidateInfo":{"tags":["EAV_ENTITY_TYPES_CUSTOMER_ADDRESS_ENTITY","FPC"],"mode":"matchingTag"}} []
[2026-05-19T04:21:04.018127+00:00] main.DEBUG: cache_invalidate:  {"method":"GET","url":"http:/","invalidateInfo":{"tags":["EAV_FORM_adminhtml_customer_address_FORM","FPC","MAGE"],"mode":"matchingTag"}} []
[2026-05-19T04:21:04.018143+00:00] main.DEBUG: cache_invalidate:  {"method":"GET","url":"http:/","invalidateInfo":{"tags":["EAV_FORM_adminhtml_customer_address_FORM","FPC"],"mode":"matchingTag"}} []
[2026-05-19T04:21:04.018162+00:00] main.DEBUG: cache_invalidate:  {"method":"GET","url":"http:/","invalidateInfo":{"tags":["EAV_FORM_customer_address_edit_FORM","FPC","MAGE"],"mode":"matchingTag"}} []
[2026-05-19T04:21:04.018178+00:00] main.DEBUG: cache_invalidate:  {"method":"GET","url":"http:/","invalidateInfo":{"tags":["EAV_FORM_customer_address_edit_FORM","FPC"],"mode":"matchingTag"}} []
[2026-05-19T04:21:04.018196+00:00] main.DEBUG: cache_invalidate:  {"method":"GET","url":"http:/","invalidateInfo":{"tags":["EAV_FORM_customer_register_address_FORM","FPC","MAGE"],"mode":"matchingTag"}} []
[2026-05-19T04:21:04.018212+00:00] main.DEBUG: cache_invalidate:  {"method":"GET","url":"http:/","invalidateInfo":{"tags":["EAV_FORM_customer_register_address_FORM","FPC"],"mode":"matchingTag"}} []
[2026-05-19T04:21:04.018250+00:00] main.DEBUG: cache_invalidate:  {"method":"GET","url":"http:/","invalidateInfo":{"tags":["EAV_ATTRIBUTE_customer_address_fax","FPC","MAGE"],"mode":"matchingTag"}} []
[2026-05-19T04:21:04.018306+00:00] main.DEBUG: cache_invalidate:  {"method":"GET","url":"http:/","invalidateInfo":{"tags":["EAV_ATTRIBUTE_customer_address_fax","FPC"],"mode":"matchingTag"}} []
[2026-05-19T04:21:04.020760+00:00] main.DEBUG: cache_invalidate:  {"method":"GET","url":"http:/","invalidateInfo":{"tags":["EAV_ATTRIBUTE_1","FPC","MAGE"],"mode":"matchingTag"}} []
[2026-05-19T04:21:04.020793+00:00] main.DEBUG: cache_invalidate:  {"method":"GET","url":"http:/","invalidateInfo":{"tags":["EAV_ATTRIBUTE_1","FPC"],"mode":"matchingTag"}} []
[2026-05-19T04:21:04.020817+00:00] main.DEBUG: cache_invalidate:  {"method":"GET","url":"http:/","invalidateInfo":{"tags":["EAV_ATTRIBUTE_customer_website_id","FPC","MAGE"],"mode":"matchingTag"}} []
[2026-05-19T04:21:04.020834+00:00] main.DEBUG: cache_invalidate:  {"method":"GET","url":"http:/","invalidateInfo":{"tags":["EAV_ATTRIBUTE_customer_website_id","FPC"],"mode":"matchingTag"}} []
[2026-05-19T04:21:04.021035+00:00] main.DEBUG: cache_invalidate:  {"method":"GET","url":"http:/","invalidateInfo":{"tags":["EAV_ATTRIBUTE_3","FPC","MAGE"],"mode":"matchingTag"}} []
[2026-05-19T04:21:04.021059+00:00] main.DEBUG: cache_invalidate:  {"method":"GET","url":"http:/","invalidateInfo":{"tags":["EAV_ATTRIBUTE_3","FPC"],"mode":"matchingTag"}} []
[2026-05-19T04:21:04.021079+00:00] main.DEBUG: cache_invalidate:  {"method":"GET","url":"http:/","invalidateInfo":{"tags":["EAV_ATTRIBUTE_customer_created_in","FPC","MAGE"],"mode":"matchingTag"}} []
[2026-05-19T04:21:04.021095+00:00] main.DEBUG: cache_invalidate:  {"method":"GET","url":"http:/","invalidateInfo":{"tags":["EAV_ATTRIBUTE_customer_created_in","FPC"],"mode":"matchingTag"}} []
[2026-05-19T04:21:04.021328+00:00] main.DEBUG: cache_invalidate:  {"method":"GET","url":"http:/","invalidateInfo":{"tags":["EAV_ATTRIBUTE_9","FPC","MAGE"],"mode":"matchingTag"}} []
[2026-05-19T04:21:04.021369+00:00] main.DEBUG: cache_invalidate:  {"method":"GET","url":"http:/","invalidateInfo":{"tags":["EAV_ATTRIBUTE_9","FPC"],"mode":"matchingTag"}} []
[2026-05-19T04:21:04.021400+00:00] main.DEBUG: cache_invalidate:  {"method":"GET","url":"http:/","invalidateInfo":{"tags":["EAV_ATTRIBUTE_customer_email","FPC","MAGE"],"mode":"matchingTag"}} []
[2026-05-19T04:21:04.021419+00:00] main.DEBUG: cache_invalidate:  {"method":"GET","url":"http:/","invalidateInfo":{"tags":["EAV_ATTRIBUTE_customer_email","FPC"],"mode":"matchingTag"}} []
[2026-05-19T04:21:04.021607+00:00] main.DEBUG: cache_invalidate:  {"method":"GET","url":"http:/","invalidateInfo":{"tags":["EAV_ATTRIBUTE_10","FPC","MAGE"],"mode":"matchingTag"}} []
[2026-05-19T04:21:04.021630+00:00] main.DEBUG: cache_invalidate:  {"method":"GET","url":"http:/","invalidateInfo":{"tags":["EAV_ATTRIBUTE_10","FPC"],"mode":"matchingTag"}} []
[2026-05-19T04:21:04.021650+00:00] main.DEBUG: cache_invalidate:  {"method":"GET","url":"http:/","invalidateInfo":{"tags":["EAV_ATTRIBUTE_customer_group_id","FPC","MAGE"],"mode":"matchingTag"}} []
[2026-05-19T04:21:04.021666+00:00] main.DEBUG: cache_invalidate:  {"method":"GET","url":"http:/","invalidateInfo":{"tags":["EAV_ATTRIBUTE_customer_group_id","FPC"],"mode":"matchingTag"}} []
[2026-05-19T04:21:04.021862+00:00] main.DEBUG: cache_invalidate:  {"method":"GET","url":"http:/","invalidateInfo":{"tags":["EAV_ATTRIBUTE_11","FPC","MAGE"],"mode":"matchingTag"}} []
[2026-05-19T04:21:04.021886+00:00] main.DEBUG: cache_invalidate:  {"method":"GET","url":"http:/","invalidateInfo":{"tags":["EAV_ATTRIBUTE_11","FPC"],"mode":"matchingTag"}} []
[2026-05-19T04:21:04.021906+00:00] main.DEBUG: cache_invalidate:  {"method":"GET","url":"http:/","invalidateInfo":{"tags":["EAV_ATTRIBUTE_customer_dob","FPC","MAGE"],"mode":"matchingTag"}} []
[2026-05-19T04:21:04.021923+00:00] main.DEBUG: cache_invalidate:  {"method":"GET","url":"http:/","invalidateInfo":{"tags":["EAV_ATTRIBUTE_customer_dob","FPC"],"mode":"matchingTag"}} []
[2026-05-19T04:21:04.022126+00:00] main.DEBUG: cache_invalidate:  {"method":"GET","url":"http:/","invalidateInfo":{"tags":["EAV_ATTRIBUTE_17","FPC","MAGE"],"mode":"matchingTag"}} []
[2026-05-19T04:21:04.022154+00:00] main.DEBUG: cache_invalidate:  {"method":"GET","url":"http:/","invalidateInfo":{"tags":["EAV_ATTRIBUTE_17","FPC"],"mode":"matchingTag"}} []
[2026-05-19T04:21:04.022177+00:00] main.DEBUG: cache_invalidate:  {"method":"GET","url":"http:/","invalidateInfo":{"tags":["EAV_ATTRIBUTE_customer_taxvat","FPC","MAGE"],"mode":"matchingTag"}} []
[2026-05-19T04:21:04.022194+00:00] main.DEBUG: cache_invalidate:  {"method":"GET","url":"http:/","invalidateInfo":{"tags":["EAV_ATTRIBUTE_customer_taxvat","FPC"],"mode":"matchingTag"}} []
[2026-05-19T04:21:04.022433+00:00] main.DEBUG: cache_invalidate:  {"method":"GET","url":"http:/","invalidateInfo":{"tags":["EAV_ATTRIBUTE_18","FPC","MAGE"],"mode":"matchingTag"}} []
[2026-05-19T04:21:04.022465+00:00] main.DEBUG: cache_invalidate:  {"method":"GET","url":"http:/","invalidateInfo":{"tags":["EAV_ATTRIBUTE_18","FPC"],"mode":"matchingTag"}} []
[2026-05-19T04:21:04.022488+00:00] main.DEBUG: cache_invalidate:  {"method":"GET","url":"http:/","invalidateInfo":{"tags":["EAV_ATTRIBUTE_customer_confirmation","FPC","MAGE"],"mode":"matchingTag"}} []
[2026-05-19T04:21:04.022505+00:00] main.DEBUG: cache_invalidate:  {"method":"GET","url":"http:/","invalidateInfo":{"tags":["EAV_ATTRIBUTE_customer_confirmation","FPC"],"mode":"matchingTag"}} []
[2026-05-19T04:21:04.022661+00:00] main.DEBUG: cache_invalidate:  {"method":"GET","url":"http:/","invalidateInfo":{"tags":["EAV_ATTRIBUTE_19","FPC","MAGE"],"mode":"matchingTag"}} []
[2026-05-19T04:21:04.022680+00:00] main.DEBUG: cache_invalidate:  {"method":"GET","url":"http:/","invalidateInfo":{"tags":["EAV_ATTRIBUTE_19","FPC"],"mode":"matchingTag"}} []
[2026-05-19T04:21:04.022700+00:00] main.DEBUG: cache_invalidate:  {"method":"GET","url":"http:/","invalidateInfo":{"tags":["EAV_ATTRIBUTE_customer_created_at","FPC","MAGE"],"mode":"matchingTag"}} []
[2026-05-19T04:21:04.022717+00:00] main.DEBUG: cache_invalidate:  {"method":"GET","url":"http:/","invalidateInfo":{"tags":["EAV_ATTRIBUTE_customer_created_at","FPC"],"mode":"matchingTag"}} []
[2026-05-19T04:21:04.022856+00:00] main.DEBUG: cache_invalidate:  {"method":"GET","url":"http:/","invalidateInfo":{"tags":["EAV_ATTRIBUTE_20","FPC","MAGE"],"mode":"matchingTag"}} []
[2026-05-19T04:21:04.022875+00:00] main.DEBUG: cache_invalidate:  {"method":"GET","url":"http:/","invalidateInfo":{"tags":["EAV_ATTRIBUTE_20","FPC"],"mode":"matchingTag"}} []
[2026-05-19T04:21:04.022894+00:00] main.DEBUG: cache_invalidate:  {"method":"GET","url":"http:/","invalidateInfo":{"tags":["EAV_ATTRIBUTE_customer_gender","FPC","MAGE"],"mode":"matchingTag"}} []
[2026-05-19T04:21:04.022909+00:00] main.DEBUG: cache_invalidate:  {"method":"GET","url":"http:/","invalidateInfo":{"tags":["EAV_ATTRIBUTE_customer_gender","FPC"],"mode":"matchingTag"}} []
[2026-05-19T04:21:04.023038+00:00] main.DEBUG: cache_invalidate:  {"method":"GET","url":"http:/","invalidateInfo":{"tags":["EAV_ATTRIBUTE_27","FPC","MAGE"],"mode":"matchingTag"}} []
[2026-05-19T04:21:04.023057+00:00] main.DEBUG: cache_invalidate:  {"method":"GET","url":"http:/","invalidateInfo":{"tags":["EAV_ATTRIBUTE_27","FPC"],"mode":"matchingTag"}} []
[2026-05-19T04:21:04.023076+00:00] main.DEBUG: cache_invalidate:  {"method":"GET","url":"http:/","invalidateInfo":{"tags":["EAV_ATTRIBUTE_customer_address_company","FPC","MAGE"],"mode":"matchingTag"}} []
[2026-05-19T04:21:04.023091+00:00] main.DEBUG: cache_invalidate:  {"method":"GET","url":"http:/","invalidateInfo":{"tags":["EAV_ATTRIBUTE_customer_address_company","FPC"],"mode":"matchingTag"}} []
[2026-05-19T04:21:04.023220+00:00] main.DEBUG: cache_invalidate:  {"method":"GET","url":"http:/","invalidateInfo":{"tags":["EAV_ATTRIBUTE_28","FPC","MAGE"],"mode":"matchingTag"}} []
[2026-05-19T04:21:04.023252+00:00] main.DEBUG: cache_invalidate:  {"method":"GET","url":"http:/","invalidateInfo":{"tags":["EAV_ATTRIBUTE_28","FPC"],"mode":"matchingTag"}} []
[2026-05-19T04:21:04.023271+00:00] main.DEBUG: cache_invalidate:  {"method":"GET","url":"http:/","invalidateInfo":{"tags":["EAV_ATTRIBUTE_customer_address_street","FPC","MAGE"],"mode":"matchingTag"}} []
[2026-05-19T04:21:04.023287+00:00] main.DEBUG: cache_invalidate:  {"method":"GET","url":"http:/","invalidateInfo":{"tags":["EAV_ATTRIBUTE_customer_address_street","FPC"],"mode":"matchingTag"}} []
[2026-05-19T04:21:04.023426+00:00] main.DEBUG: cache_invalidate:  {"method":"GET","url":"http:/","invalidateInfo":{"tags":["EAV_ATTRIBUTE_29","FPC","MAGE"],"mode":"matchingTag"}} []
[2026-05-19T04:21:04.023446+00:00] main.DEBUG: cache_invalidate:  {"method":"GET","url":"http:/","invalidateInfo":{"tags":["EAV_ATTRIBUTE_29","FPC"],"mode":"matchingTag"}} []
[2026-05-19T04:21:04.023466+00:00] main.DEBUG: cache_invalidate:  {"method":"GET","url":"http:/","invalidateInfo":{"tags":["EAV_ATTRIBUTE_customer_address_city","FPC","MAGE"],"mode":"matchingTag"}} []
[2026-05-19T04:21:04.023482+00:00] main.DEBUG: cache_invalidate:  {"method":"GET","url":"http:/","invalidateInfo":{"tags":["EAV_ATTRIBUTE_customer_address_city","FPC"],"mode":"matchingTag"}} []
[2026-05-19T04:21:04.023610+00:00] main.DEBUG: cache_invalidate:  {"method":"GET","url":"http:/","invalidateInfo":{"tags":["EAV_ATTRIBUTE_30","FPC","MAGE"],"mode":"matchingTag"}} []
[2026-05-19T04:21:04.023627+00:00] main.DEBUG: cache_invalidate:  {"method":"GET","url":"http:/","invalidateInfo":{"tags":["EAV_ATTRIBUTE_30","FPC"],"mode":"matchingTag"}} []
[2026-05-19T04:21:04.023647+00:00] main.DEBUG: cache_invalidate:  {"method":"GET","url":"http:/","invalidateInfo":{"tags":["EAV_ATTRIBUTE_customer_address_country_id","FPC","MAGE"],"mode":"matchingTag"}} []
[2026-05-19T04:21:04.023663+00:00] main.DEBUG: cache_invalidate:  {"method":"GET","url":"http:/","invalidateInfo":{"tags":["EAV_ATTRIBUTE_customer_address_country_id","FPC"],"mode":"matchingTag"}} []
[2026-05-19T04:21:04.023793+00:00] main.DEBUG: cache_invalidate:  {"method":"GET","url":"http:/","invalidateInfo":{"tags":["EAV_ATTRIBUTE_31","FPC","MAGE"],"mode":"matchingTag"}} []
[2026-05-19T04:21:04.023810+00:00] main.DEBUG: cache_invalidate:  {"method":"GET","url":"http:/","invalidateInfo":{"tags":["EAV_ATTRIBUTE_31","FPC"],"mode":"matchingTag"}} []
[2026-05-19T04:21:04.023831+00:00] main.DEBUG: cache_invalidate:  {"method":"GET","url":"http:/","invalidateInfo":{"tags":["EAV_ATTRIBUTE_customer_address_region","FPC","MAGE"],"mode":"matchingTag"}} []
[2026-05-19T04:21:04.023846+00:00] main.DEBUG: cache_invalidate:  {"method":"GET","url":"http:/","invalidateInfo":{"tags":["EAV_ATTRIBUTE_customer_address_region","FPC"],"mode":"matchingTag"}} []
[2026-05-19T04:21:04.023970+00:00] main.DEBUG: cache_invalidate:  {"method":"GET","url":"http:/","invalidateInfo":{"tags":["EAV_ATTRIBUTE_32","FPC","MAGE"],"mode":"matchingTag"}} []
[2026-05-19T04:21:04.023986+00:00] main.DEBUG: cache_invalidate:  {"method":"GET","url":"http:/","invalidateInfo":{"tags":["EAV_ATTRIBUTE_32","FPC"],"mode":"matchingTag"}} []
[2026-05-19T04:21:04.024005+00:00] main.DEBUG: cache_invalidate:  {"method":"GET","url":"http:/","invalidateInfo":{"tags":["EAV_ATTRIBUTE_customer_address_region_id","FPC","MAGE"],"mode":"matchingTag"}} []
[2026-05-19T04:21:04.024020+00:00] main.DEBUG: cache_invalidate:  {"method":"GET","url":"http:/","invalidateInfo":{"tags":["EAV_ATTRIBUTE_customer_address_region_id","FPC"],"mode":"matchingTag"}} []
[2026-05-19T04:21:04.024143+00:00] main.DEBUG: cache_invalidate:  {"method":"GET","url":"http:/","invalidateInfo":{"tags":["EAV_ATTRIBUTE_33","FPC","MAGE"],"mode":"matchingTag"}} []
[2026-05-19T04:21:04.024160+00:00] main.DEBUG: cache_invalidate:  {"method":"GET","url":"http:/","invalidateInfo":{"tags":["EAV_ATTRIBUTE_33","FPC"],"mode":"matchingTag"}} []
[2026-05-19T04:21:04.024179+00:00] main.DEBUG: cache_invalidate:  {"method":"GET","url":"http:/","invalidateInfo":{"tags":["EAV_ATTRIBUTE_customer_address_postcode","FPC","MAGE"],"mode":"matchingTag"}} []
[2026-05-19T04:21:04.024194+00:00] main.DEBUG: cache_invalidate:  {"method":"GET","url":"http:/","invalidateInfo":{"tags":["EAV_ATTRIBUTE_customer_address_postcode","FPC"],"mode":"matchingTag"}} []
[2026-05-19T04:21:04.024383+00:00] main.DEBUG: cache_invalidate:  {"method":"GET","url":"http:/","invalidateInfo":{"tags":["EAV_ATTRIBUTE_34","FPC","MAGE"],"mode":"matchingTag"}} []
[2026-05-19T04:21:04.024409+00:00] main.DEBUG: cache_invalidate:  {"method":"GET","url":"http:/","invalidateInfo":{"tags":["EAV_ATTRIBUTE_34","FPC"],"mode":"matchingTag"}} []
[2026-05-19T04:21:04.024431+00:00] main.DEBUG: cache_invalidate:  {"method":"GET","url":"http:/","invalidateInfo":{"tags":["EAV_ATTRIBUTE_customer_address_telephone","FPC","MAGE"],"mode":"matchingTag"}} []
[2026-05-19T04:21:04.024450+00:00] main.DEBUG: cache_invalidate:  {"method":"GET","url":"http:/","invalidateInfo":{"tags":["EAV_ATTRIBUTE_customer_address_telephone","FPC"],"mode":"matchingTag"}} []
[2026-05-19T04:21:04.024729+00:00] main.DEBUG: cache_invalidate:  {"method":"GET","url":"http:/","invalidateInfo":{"tags":["EAV_ATTRIBUTE_35","FPC","MAGE"],"mode":"matchingTag"}} []
[2026-05-19T04:21:04.024784+00:00] main.DEBUG: cache_invalidate:  {"method":"GET","url":"http:/","invalidateInfo":{"tags":["EAV_ATTRIBUTE_35","FPC"],"mode":"matchingTag"}} []
[2026-05-19T04:21:04.024809+00:00] main.DEBUG: cache_invalidate:  {"method":"GET","url":"http:/","invalidateInfo":{"tags":["EAV_ATTRIBUTE_customer_address_fax","FPC","MAGE"],"mode":"matchingTag"}} []
[2026-05-19T04:21:04.024827+00:00] main.DEBUG: cache_invalidate:  {"method":"GET","url":"http:/","invalidateInfo":{"tags":["EAV_ATTRIBUTE_customer_address_fax","FPC"],"mode":"matchingTag"}} []
[2026-05-19T04:21:04.030028+00:00] main.DEBUG: cache_invalidate:  {"method":"GET","url":"http:/","invalidateInfo":{"tags":["EAV","MAGE"],"mode":"matchingTag"}} []
[2026-05-19T04:21:04.030132+00:00] main.DEBUG: cache_invalidate:  {"method":"GET","url":"http:/","invalidateInfo":{"tags":["EAV_ATTRIBUTE","MAGE"],"mode":"matchingTag"}} []
[2026-05-19T04:21:04.030153+00:00] main.DEBUG: cache_invalidate:  {"method":"GET","url":"http:/","invalidateInfo":{"tags":["EAV","EAV_ATTRIBUTE"],"mode":"matchingAnyTag"}} []
[2026-05-19T04:21:04.030528+00:00] main.DEBUG: cache_invalidate:  {"method":"GET","url":"http:/","invalidateInfo":{"tags":["EAV","MAGE"],"mode":"matchingTag"}} []
[2026-05-19T04:21:04.030632+00:00] main.DEBUG: cache_invalidate:  {"method":"GET","url":"http:/","invalidateInfo":{"tags":["EAV_ATTRIBUTE","MAGE"],"mode":"matchingTag"}} []
[2026-05-19T04:21:04.030652+00:00] main.DEBUG: cache_invalidate:  {"method":"GET","url":"http:/","invalidateInfo":{"tags":["EAV","EAV_ATTRIBUTE"],"mode":"matchingAnyTag"}} []
[2026-05-19T04:21:04.030713+00:00] main.DEBUG: cache_invalidate:  {"method":"GET","url":"http:/","invalidateInfo":{"tags":["EAV","MAGE"],"mode":"matchingTag"}} []
[2026-05-19T04:21:04.030772+00:00] main.DEBUG: cache_invalidate:  {"method":"GET","url":"http:/","invalidateInfo":{"tags":["EAV_ATTRIBUTE","MAGE"],"mode":"matchingTag"}} []
[2026-05-19T04:21:04.030789+00:00] main.DEBUG: cache_invalidate:  {"method":"GET","url":"http:/","invalidateInfo":{"tags":["EAV","EAV_ATTRIBUTE"],"mode":"matchingAnyTag"}} []
[2026-05-19T04:21:04.030855+00:00] main.DEBUG: cache_invalidate:  {"method":"GET","url":"http:/","invalidateInfo":{"tags":["EAV_ATTRIBUTE","MAGE"],"mode":"matchingTag"}} []
[2026-05-19T04:21:04.030872+00:00] main.DEBUG: cache_invalidate:  {"method":"GET","url":"http:/","invalidateInfo":{"tags":["EAV_ATTRIBUTE"],"mode":"matchingAnyTag"}} []
[2026-05-19T04:21:04.031313+00:00] main.DEBUG: cache_invalidate:  {"method":"GET","url":"http:/","invalidateInfo":{"tags":["EAV_ATTRIBUTE_32","FPC","MAGE"],"mode":"matchingTag"}} []
[2026-05-19T04:21:04.031341+00:00] main.DEBUG: cache_invalidate:  {"method":"GET","url":"http:/","invalidateInfo":{"tags":["EAV_ATTRIBUTE_32","FPC"],"mode":"matchingTag"}} []
[2026-05-19T04:21:04.031363+00:00] main.DEBUG: cache_invalidate:  {"method":"GET","url":"http:/","invalidateInfo":{"tags":["EAV_ENTITY_TYPES_CUSTOMER_ADDRESS_ENTITY","FPC","MAGE"],"mode":"matchingTag"}} []
[2026-05-19T04:21:04.031380+00:00] main.DEBUG: cache_invalidate:  {"method":"GET","url":"http:/","invalidateInfo":{"tags":["EAV_ENTITY_TYPES_CUSTOMER_ADDRESS_ENTITY","FPC"],"mode":"matchingTag"}} []
[2026-05-19T04:21:04.031400+00:00] main.DEBUG: cache_invalidate:  {"method":"GET","url":"http:/","invalidateInfo":{"tags":["EAV_FORM_adminhtml_customer_address_FORM","FPC","MAGE"],"mode":"matchingTag"}} []
[2026-05-19T04:21:04.031416+00:00] main.DEBUG: cache_invalidate:  {"method":"GET","url":"http:/","invalidateInfo":{"tags":["EAV_FORM_adminhtml_customer_address_FORM","FPC"],"mode":"matchingTag"}} []
[2026-05-19T04:21:04.031435+00:00] main.DEBUG: cache_invalidate:  {"method":"GET","url":"http:/","invalidateInfo":{"tags":["EAV_FORM_customer_address_edit_FORM","FPC","MAGE"],"mode":"matchingTag"}} []
[2026-05-19T04:21:04.031450+00:00] main.DEBUG: cache_invalidate:  {"method":"GET","url":"http:/","invalidateInfo":{"tags":["EAV_FORM_customer_address_edit_FORM","FPC"],"mode":"matchingTag"}} []
[2026-05-19T04:21:04.031469+00:00] main.DEBUG: cache_invalidate:  {"method":"GET","url":"http:/","invalidateInfo":{"tags":["EAV_FORM_customer_register_address_FORM","FPC","MAGE"],"mode":"matchingTag"}} []
[2026-05-19T04:21:04.031485+00:00] main.DEBUG: cache_invalidate:  {"method":"GET","url":"http:/","invalidateInfo":{"tags":["EAV_FORM_customer_register_address_FORM","FPC"],"mode":"matchingTag"}} []
[2026-05-19T04:21:04.031503+00:00] main.DEBUG: cache_invalidate:  {"method":"GET","url":"http:/","invalidateInfo":{"tags":["EAV_ATTRIBUTE_customer_address_region_id","FPC","MAGE"],"mode":"matchingTag"}} []
[2026-05-19T04:21:04.031519+00:00] main.DEBUG: cache_invalidate:  {"method":"GET","url":"http:/","invalidateInfo":{"tags":["EAV_ATTRIBUTE_customer_address_region_id","FPC"],"mode":"matchingTag"}} []
[2026-05-19T04:21:04.033592+00:00] main.DEBUG: cache_invalidate:  {"method":"GET","url":"http:/","invalidateInfo":{"tags":["EAV","MAGE"],"mode":"matchingTag"}} []
[2026-05-19T04:21:04.033688+00:00] main.DEBUG: cache_invalidate:  {"method":"GET","url":"http:/","invalidateInfo":{"tags":["EAV_ATTRIBUTE","MAGE"],"mode":"matchingTag"}} []
[2026-05-19T04:21:04.033707+00:00] main.DEBUG: cache_invalidate:  {"method":"GET","url":"http:/","invalidateInfo":{"tags":["EAV","EAV_ATTRIBUTE"],"mode":"matchingAnyTag"}} []
[2026-05-19T04:21:04.034042+00:00] main.DEBUG: cache_invalidate:  {"method":"GET","url":"http:/","invalidateInfo":{"tags":["EAV","MAGE"],"mode":"matchingTag"}} []
[2026-05-19T04:21:04.034123+00:00] main.DEBUG: cache_invalidate:  {"method":"GET","url":"http:/","invalidateInfo":{"tags":["EAV_ATTRIBUTE","MAGE"],"mode":"matchingTag"}} []
[2026-05-19T04:21:04.034143+00:00] main.DEBUG: cache_invalidate:  {"method":"GET","url":"http:/","invalidateInfo":{"tags":["EAV","EAV_ATTRIBUTE"],"mode":"matchingAnyTag"}} []
[2026-05-19T04:21:04.034205+00:00] main.DEBUG: cache_invalidate:  {"method":"GET","url":"http:/","invalidateInfo":{"tags":["EAV","MAGE"],"mode":"matchingTag"}} []
[2026-05-19T04:21:04.034286+00:00] main.DEBUG: cache_invalidate:  {"method":"GET","url":"http:/","invalidateInfo":{"tags":["EAV_ATTRIBUTE","MAGE"],"mode":"matchingTag"}} []
[2026-05-19T04:21:04.034306+00:00] main.DEBUG: cache_invalidate:  {"method":"GET","url":"http:/","invalidateInfo":{"tags":["EAV","EAV_ATTRIBUTE"],"mode":"matchingAnyTag"}} []
[2026-05-19T04:21:04.034378+00:00] main.DEBUG: cache_invalidate:  {"method":"GET","url":"http:/","invalidateInfo":{"tags":["EAV_ATTRIBUTE","MAGE"],"mode":"matchingTag"}} []
[2026-05-19T04:21:04.034395+00:00] main.DEBUG: cache_invalidate:  {"method":"GET","url":"http:/","invalidateInfo":{"tags":["EAV_ATTRIBUTE"],"mode":"matchingAnyTag"}} []
[2026-05-19T04:21:04.034828+00:00] main.DEBUG: cache_invalidate:  {"method":"GET","url":"http:/","invalidateInfo":{"tags":["EAV_ATTRIBUTE_23","FPC","MAGE"],"mode":"matchingTag"}} []
[2026-05-19T04:21:04.034853+00:00] main.DEBUG: cache_invalidate:  {"method":"GET","url":"http:/","invalidateInfo":{"tags":["EAV_ATTRIBUTE_23","FPC"],"mode":"matchingTag"}} []
[2026-05-19T04:21:04.034876+00:00] main.DEBUG: cache_invalidate:  {"method":"GET","url":"http:/","invalidateInfo":{"tags":["EAV_ENTITY_TYPES_CUSTOMER_ADDRESS_ENTITY","FPC","MAGE"],"mode":"matchingTag"}} []
[2026-05-19T04:21:04.034893+00:00] main.DEBUG: cache_invalidate:  {"method":"GET","url":"http:/","invalidateInfo":{"tags":["EAV_ENTITY_TYPES_CUSTOMER_ADDRESS_ENTITY","FPC"],"mode":"matchingTag"}} []
[2026-05-19T04:21:04.034913+00:00] main.DEBUG: cache_invalidate:  {"method":"GET","url":"http:/","invalidateInfo":{"tags":["EAV_FORM_adminhtml_customer_address_FORM","FPC","MAGE"],"mode":"matchingTag"}} []
[2026-05-19T04:21:04.034929+00:00] main.DEBUG: cache_invalidate:  {"method":"GET","url":"http:/","invalidateInfo":{"tags":["EAV_FORM_adminhtml_customer_address_FORM","FPC"],"mode":"matchingTag"}} []
[2026-05-19T04:21:04.034950+00:00] main.DEBUG: cache_invalidate:  {"method":"GET","url":"http:/","invalidateInfo":{"tags":["EAV_FORM_customer_address_edit_FORM","FPC","MAGE"],"mode":"matchingTag"}} []
[2026-05-19T04:21:04.034966+00:00] main.DEBUG: cache_invalidate:  {"method":"GET","url":"http:/","invalidateInfo":{"tags":["EAV_FORM_customer_address_edit_FORM","FPC"],"mode":"matchingTag"}} []
[2026-05-19T04:21:04.034985+00:00] main.DEBUG: cache_invalidate:  {"method":"GET","url":"http:/","invalidateInfo":{"tags":["EAV_FORM_customer_register_address_FORM","FPC","MAGE"],"mode":"matchingTag"}} []
[2026-05-19T04:21:04.035000+00:00] main.DEBUG: cache_invalidate:  {"method":"GET","url":"http:/","invalidateInfo":{"tags":["EAV_FORM_customer_register_address_FORM","FPC"],"mode":"matchingTag"}} []
[2026-05-19T04:21:04.035021+00:00] main.DEBUG: cache_invalidate:  {"method":"GET","url":"http:/","invalidateInfo":{"tags":["EAV_ATTRIBUTE_customer_address_firstname","FPC","MAGE"],"mode":"matchingTag"}} []
[2026-05-19T04:21:04.035037+00:00] main.DEBUG: cache_invalidate:  {"method":"GET","url":"http:/","invalidateInfo":{"tags":["EAV_ATTRIBUTE_customer_address_firstname","FPC"],"mode":"matchingTag"}} []
[2026-05-19T04:21:04.037863+00:00] main.DEBUG: cache_invalidate:  {"method":"GET","url":"http:/","invalidateInfo":{"tags":["EAV","MAGE"],"mode":"matchingTag"}} []
[2026-05-19T04:21:04.037976+00:00] main.DEBUG: cache_invalidate:  {"method":"GET","url":"http:/","invalidateInfo":{"tags":["EAV_ATTRIBUTE","MAGE"],"mode":"matchingTag"}} []
[2026-05-19T04:21:04.038003+00:00] main.DEBUG: cache_invalidate:  {"method":"GET","url":"http:/","invalidateInfo":{"tags":["EAV","EAV_ATTRIBUTE"],"mode":"matchingAnyTag"}} []
[2026-05-19T04:21:04.038449+00:00] main.DEBUG: cache_invalidate:  {"method":"GET","url":"http:/","invalidateInfo":{"tags":["EAV","MAGE"],"mode":"matchingTag"}} []
[2026-05-19T04:21:04.038527+00:00] main.DEBUG: cache_invalidate:  {"method":"GET","url":"http:/","invalidateInfo":{"tags":["EAV_ATTRIBUTE","MAGE"],"mode":"matchingTag"}} []
[2026-05-19T04:21:04.038546+00:00] main.DEBUG: cache_invalidate:  {"method":"GET","url":"http:/","invalidateInfo":{"tags":["EAV","EAV_ATTRIBUTE"],"mode":"matchingAnyTag"}} []
[2026-05-19T04:21:04.038609+00:00] main.DEBUG: cache_invalidate:  {"method":"GET","url":"http:/","invalidateInfo":{"tags":["EAV","MAGE"],"mode":"matchingTag"}} []
[2026-05-19T04:21:04.038671+00:00] main.DEBUG: cache_invalidate:  {"method":"GET","url":"http:/","invalidateInfo":{"tags":["EAV_ATTRIBUTE","MAGE"],"mode":"matchingTag"}} []
[2026-05-19T04:21:04.038688+00:00] main.DEBUG: cache_invalidate:  {"method":"GET","url":"http:/","invalidateInfo":{"tags":["EAV","EAV_ATTRIBUTE"],"mode":"matchingAnyTag"}} []
[2026-05-19T04:21:04.038757+00:00] main.DEBUG: cache_invalidate:  {"method":"GET","url":"http:/","invalidateInfo":{"tags":["EAV_ATTRIBUTE","MAGE"],"mode":"matchingTag"}} []
[2026-05-19T04:21:04.038774+00:00] main.DEBUG: cache_invalidate:  {"method":"GET","url":"http:/","invalidateInfo":{"tags":["EAV_ATTRIBUTE"],"mode":"matchingAnyTag"}} []
[2026-05-19T04:21:04.039381+00:00] main.DEBUG: cache_invalidate:  {"method":"GET","url":"http:/","invalidateInfo":{"tags":["EAV_ATTRIBUTE_25","FPC","MAGE"],"mode":"matchingTag"}} []
[2026-05-19T04:21:04.039435+00:00] main.DEBUG: cache_invalidate:  {"method":"GET","url":"http:/","invalidateInfo":{"tags":["EAV_ATTRIBUTE_25","FPC"],"mode":"matchingTag"}} []
[2026-05-19T04:21:04.039464+00:00] main.DEBUG: cache_invalidate:  {"method":"GET","url":"http:/","invalidateInfo":{"tags":["EAV_ENTITY_TYPES_CUSTOMER_ADDRESS_ENTITY","FPC","MAGE"],"mode":"matchingTag"}} []
[2026-05-19T04:21:04.039482+00:00] main.DEBUG: cache_invalidate:  {"method":"GET","url":"http:/","invalidateInfo":{"tags":["EAV_ENTITY_TYPES_CUSTOMER_ADDRESS_ENTITY","FPC"],"mode":"matchingTag"}} []
[2026-05-19T04:21:04.039503+00:00] main.DEBUG: cache_invalidate:  {"method":"GET","url":"http:/","invalidateInfo":{"tags":["EAV_FORM_adminhtml_customer_address_FORM","FPC","MAGE"],"mode":"matchingTag"}} []
[2026-05-19T04:21:04.039520+00:00] main.DEBUG: cache_invalidate:  {"method":"GET","url":"http:/","invalidateInfo":{"tags":["EAV_FORM_adminhtml_customer_address_FORM","FPC"],"mode":"matchingTag"}} []
[2026-05-19T04:21:04.039538+00:00] main.DEBUG: cache_invalidate:  {"method":"GET","url":"http:/","invalidateInfo":{"tags":["EAV_FORM_customer_address_edit_FORM","FPC","MAGE"],"mode":"matchingTag"}} []
[2026-05-19T04:21:04.039553+00:00] main.DEBUG: cache_invalidate:  {"method":"GET","url":"http:/","invalidateInfo":{"tags":["EAV_FORM_customer_address_edit_FORM","FPC"],"mode":"matchingTag"}} []
[2026-05-19T04:21:04.039571+00:00] main.DEBUG: cache_invalidate:  {"method":"GET","url":"http:/","invalidateInfo":{"tags":["EAV_FORM_customer_register_address_FORM","FPC","MAGE"],"mode":"matchingTag"}} []
[2026-05-19T04:21:04.039586+00:00] main.DEBUG: cache_invalidate:  {"method":"GET","url":"http:/","invalidateInfo":{"tags":["EAV_FORM_customer_register_address_FORM","FPC"],"mode":"matchingTag"}} []
[2026-05-19T04:21:04.039605+00:00] main.DEBUG: cache_invalidate:  {"method":"GET","url":"http:/","invalidateInfo":{"tags":["EAV_ATTRIBUTE_customer_address_lastname","FPC","MAGE"],"mode":"matchingTag"}} []
[2026-05-19T04:21:04.039620+00:00] main.DEBUG: cache_invalidate:  {"method":"GET","url":"http:/","invalidateInfo":{"tags":["EAV_ATTRIBUTE_customer_address_lastname","FPC"],"mode":"matchingTag"}} []
[2026-05-19T04:21:04.040963+00:00] main.DEBUG: cache_invalidate:  {"method":"GET","url":"http:/","invalidateInfo":{"tags":["EAV_ATTRIBUTE_32","FPC","MAGE"],"mode":"matchingTag"}} []
[2026-05-19T04:21:04.041015+00:00] main.DEBUG: cache_invalidate:  {"method":"GET","url":"http:/","invalidateInfo":{"tags":["EAV_ATTRIBUTE_32","FPC"],"mode":"matchingTag"}} []
[2026-05-19T04:21:04.041039+00:00] main.DEBUG: cache_invalidate:  {"method":"GET","url":"http:/","invalidateInfo":{"tags":["EAV_ATTRIBUTE_customer_address_region_id","FPC","MAGE"],"mode":"matchingTag"}} []
[2026-05-19T04:21:04.041056+00:00] main.DEBUG: cache_invalidate:  {"method":"GET","url":"http:/","invalidateInfo":{"tags":["EAV_ATTRIBUTE_customer_address_region_id","FPC"],"mode":"matchingTag"}} []
[2026-05-19T04:21:04.041329+00:00] main.DEBUG: cache_invalidate:  {"method":"GET","url":"http:/","invalidateInfo":{"tags":["EAV_ATTRIBUTE_23","FPC","MAGE"],"mode":"matchingTag"}} []
[2026-05-19T04:21:04.041362+00:00] main.DEBUG: cache_invalidate:  {"method":"GET","url":"http:/","invalidateInfo":{"tags":["EAV_ATTRIBUTE_23","FPC"],"mode":"matchingTag"}} []
[2026-05-19T04:21:04.041390+00:00] main.DEBUG: cache_invalidate:  {"method":"GET","url":"http:/","invalidateInfo":{"tags":["EAV_ATTRIBUTE_customer_address_firstname","FPC","MAGE"],"mode":"matchingTag"}} []
[2026-05-19T04:21:04.041408+00:00] main.DEBUG: cache_invalidate:  {"method":"GET","url":"http:/","invalidateInfo":{"tags":["EAV_ATTRIBUTE_customer_address_firstname","FPC"],"mode":"matchingTag"}} []
[2026-05-19T04:21:04.041574+00:00] main.DEBUG: cache_invalidate:  {"method":"GET","url":"http:/","invalidateInfo":{"tags":["EAV_ATTRIBUTE_25","FPC","MAGE"],"mode":"matchingTag"}} []
[2026-05-19T04:21:04.041595+00:00] main.DEBUG: cache_invalidate:  {"method":"GET","url":"http:/","invalidateInfo":{"tags":["EAV_ATTRIBUTE_25","FPC"],"mode":"matchingTag"}} []
[2026-05-19T04:21:04.041616+00:00] main.DEBUG: cache_invalidate:  {"method":"GET","url":"http:/","invalidateInfo":{"tags":["EAV_ATTRIBUTE_customer_address_lastname","FPC","MAGE"],"mode":"matchingTag"}} []
[2026-05-19T04:21:04.041632+00:00] main.DEBUG: cache_invalidate:  {"method":"GET","url":"http:/","invalidateInfo":{"tags":["EAV_ATTRIBUTE_customer_address_lastname","FPC"],"mode":"matchingTag"}} []
[2026-05-19T04:21:04.049894+00:00] main.DEBUG: cache_invalidate:  {"method":"GET","url":"http:/","invalidateInfo":{"tags":["EAV","MAGE"],"mode":"matchingTag"}} []
[2026-05-19T04:21:04.050001+00:00] main.DEBUG: cache_invalidate:  {"method":"GET","url":"http:/","invalidateInfo":{"tags":["EAV_ATTRIBUTE","MAGE"],"mode":"matchingTag"}} []
[2026-05-19T04:21:04.050024+00:00] main.DEBUG: cache_invalidate:  {"method":"GET","url":"http:/","invalidateInfo":{"tags":["EAV","EAV_ATTRIBUTE"],"mode":"matchingAnyTag"}} []
[2026-05-19T04:21:04.050478+00:00] main.DEBUG: cache_invalidate:  {"method":"GET","url":"http:/","invalidateInfo":{"tags":["EAV","MAGE"],"mode":"matchingTag"}} []
[2026-05-19T04:21:04.050699+00:00] main.DEBUG: cache_invalidate:  {"method":"GET","url":"http:/","invalidateInfo":{"tags":["EAV_ATTRIBUTE","MAGE"],"mode":"matchingTag"}} []
[2026-05-19T04:21:04.050723+00:00] main.DEBUG: cache_invalidate:  {"method":"GET","url":"http:/","invalidateInfo":{"tags":["EAV","EAV_ATTRIBUTE"],"mode":"matchingAnyTag"}} []
[2026-05-19T04:21:04.050789+00:00] main.DEBUG: cache_invalidate:  {"method":"GET","url":"http:/","invalidateInfo":{"tags":["EAV","MAGE"],"mode":"matchingTag"}} []
[2026-05-19T04:21:04.050853+00:00] main.DEBUG: cache_invalidate:  {"method":"GET","url":"http:/","invalidateInfo":{"tags":["EAV_ATTRIBUTE","MAGE"],"mode":"matchingTag"}} []
[2026-05-19T04:21:04.050870+00:00] main.DEBUG: cache_invalidate:  {"method":"GET","url":"http:/","invalidateInfo":{"tags":["EAV","EAV_ATTRIBUTE"],"mode":"matchingAnyTag"}} []
[2026-05-19T04:21:04.050942+00:00] main.DEBUG: cache_invalidate:  {"method":"GET","url":"http:/","invalidateInfo":{"tags":["EAV_ATTRIBUTE","MAGE"],"mode":"matchingTag"}} []
[2026-05-19T04:21:04.050962+00:00] main.DEBUG: cache_invalidate:  {"method":"GET","url":"http:/","invalidateInfo":{"tags":["EAV_ATTRIBUTE"],"mode":"matchingAnyTag"}} []
[2026-05-19T04:21:04.051520+00:00] main.DEBUG: cache_invalidate:  {"method":"GET","url":"http:/","invalidateInfo":{"tags":["EAV_ATTRIBUTE_35","FPC","MAGE"],"mode":"matchingTag"}} []
[2026-05-19T04:21:04.051562+00:00] main.DEBUG: cache_invalidate:  {"method":"GET","url":"http:/","invalidateInfo":{"tags":["EAV_ATTRIBUTE_35","FPC"],"mode":"matchingTag"}} []
[2026-05-19T04:21:04.051591+00:00] main.DEBUG: cache_invalidate:  {"method":"GET","url":"http:/","invalidateInfo":{"tags":["EAV_ENTITY_TYPES_CUSTOMER_ADDRESS_ENTITY","FPC","MAGE"],"mode":"matchingTag"}} []
[2026-05-19T04:21:04.051609+00:00] main.DEBUG: cache_invalidate:  {"method":"GET","url":"http:/","invalidateInfo":{"tags":["EAV_ENTITY_TYPES_CUSTOMER_ADDRESS_ENTITY","FPC"],"mode":"matchingTag"}} []
[2026-05-19T04:21:04.051630+00:00] main.DEBUG: cache_invalidate:  {"method":"GET","url":"http:/","invalidateInfo":{"tags":["EAV_FORM_adminhtml_customer_address_FORM","FPC","MAGE"],"mode":"matchingTag"}} []
[2026-05-19T04:21:04.051646+00:00] main.DEBUG: cache_invalidate:  {"method":"GET","url":"http:/","invalidateInfo":{"tags":["EAV_FORM_adminhtml_customer_address_FORM","FPC"],"mode":"matchingTag"}} []
[2026-05-19T04:21:04.051668+00:00] main.DEBUG: cache_invalidate:  {"method":"GET","url":"http:/","invalidateInfo":{"tags":["EAV_FORM_customer_address_edit_FORM","FPC","MAGE"],"mode":"matchingTag"}} []
[2026-05-19T04:21:04.051684+00:00] main.DEBUG: cache_invalidate:  {"method":"GET","url":"http:/","invalidateInfo":{"tags":["EAV_FORM_customer_address_edit_FORM","FPC"],"mode":"matchingTag"}} []
[2026-05-19T04:21:04.051704+00:00] main.DEBUG: cache_invalidate:  {"method":"GET","url":"http:/","invalidateInfo":{"tags":["EAV_FORM_customer_register_address_FORM","FPC","MAGE"],"mode":"matchingTag"}} []
[2026-05-19T04:21:04.051719+00:00] main.DEBUG: cache_invalidate:  {"method":"GET","url":"http:/","invalidateInfo":{"tags":["EAV_FORM_customer_register_address_FORM","FPC"],"mode":"matchingTag"}} []
[2026-05-19T04:21:04.051738+00:00] main.DEBUG: cache_invalidate:  {"method":"GET","url":"http:/","invalidateInfo":{"tags":["EAV_ATTRIBUTE_customer_address_fax","FPC","MAGE"],"mode":"matchingTag"}} []
[2026-05-19T04:21:04.051753+00:00] main.DEBUG: cache_invalidate:  {"method":"GET","url":"http:/","invalidateInfo":{"tags":["EAV_ATTRIBUTE_customer_address_fax","FPC"],"mode":"matchingTag"}} []
[2026-05-19T04:21:04.053338+00:00] main.DEBUG: cache_invalidate:  {"method":"GET","url":"http:/","invalidateInfo":{"tags":["EAV_ATTRIBUTE_35","FPC","MAGE"],"mode":"matchingTag"}} []
[2026-05-19T04:21:04.053369+00:00] main.DEBUG: cache_invalidate:  {"method":"GET","url":"http:/","invalidateInfo":{"tags":["EAV_ATTRIBUTE_35","FPC"],"mode":"matchingTag"}} []
[2026-05-19T04:21:04.053392+00:00] main.DEBUG: cache_invalidate:  {"method":"GET","url":"http:/","invalidateInfo":{"tags":["EAV_ATTRIBUTE_customer_address_fax","FPC","MAGE"],"mode":"matchingTag"}} []
[2026-05-19T04:21:04.053409+00:00] main.DEBUG: cache_invalidate:  {"method":"GET","url":"http:/","invalidateInfo":{"tags":["EAV_ATTRIBUTE_customer_address_fax","FPC"],"mode":"matchingTag"}} []
[2026-05-19T04:21:04.071707+00:00] main.DEBUG: cache_invalidate:  {"method":"GET","url":"http:/","invalidateInfo":{"tags":["EAV","MAGE"],"mode":"matchingTag"}} []
[2026-05-19T04:21:04.071818+00:00] main.DEBUG: cache_invalidate:  {"method":"GET","url":"http:/","invalidateInfo":{"tags":["EAV_ATTRIBUTE","MAGE"],"mode":"matchingTag"}} []
[2026-05-19T04:21:04.071841+00:00] main.DEBUG: cache_invalidate:  {"method":"GET","url":"http:/","invalidateInfo":{"tags":["EAV","EAV_ATTRIBUTE"],"mode":"matchingAnyTag"}} []
[2026-05-19T04:21:04.072103+00:00] main.DEBUG: cache_invalidate:  {"method":"GET","url":"http:/","invalidateInfo":{"tags":["EAV","MAGE"],"mode":"matchingTag"}} []
[2026-05-19T04:21:04.072169+00:00] main.DEBUG: cache_invalidate:  {"method":"GET","url":"http:/","invalidateInfo":{"tags":["EAV_ATTRIBUTE","MAGE"],"mode":"matchingTag"}} []
[2026-05-19T04:21:04.072187+00:00] main.DEBUG: cache_invalidate:  {"method":"GET","url":"http:/","invalidateInfo":{"tags":["EAV","EAV_ATTRIBUTE"],"mode":"matchingAnyTag"}} []
[2026-05-19T04:21:04.072258+00:00] main.DEBUG: cache_invalidate:  {"method":"GET","url":"http:/","invalidateInfo":{"tags":["EAV","MAGE"],"mode":"matchingTag"}} []
[2026-05-19T04:21:04.072325+00:00] main.DEBUG: cache_invalidate:  {"method":"GET","url":"http:/","invalidateInfo":{"tags":["EAV_ATTRIBUTE","MAGE"],"mode":"matchingTag"}} []
[2026-05-19T04:21:04.072340+00:00] main.DEBUG: cache_invalidate:  {"method":"GET","url":"http:/","invalidateInfo":{"tags":["EAV","EAV_ATTRIBUTE"],"mode":"matchingAnyTag"}} []
[2026-05-19T04:21:04.072404+00:00] main.DEBUG: cache_invalidate:  {"method":"GET","url":"http:/","invalidateInfo":{"tags":["EAV_ATTRIBUTE","MAGE"],"mode":"matchingTag"}} []
[2026-05-19T04:21:04.072420+00:00] main.DEBUG: cache_invalidate:  {"method":"GET","url":"http:/","invalidateInfo":{"tags":["EAV_ATTRIBUTE"],"mode":"matchingAnyTag"}} []
[2026-05-19T04:21:04.072884+00:00] main.DEBUG: cache_invalidate:  {"method":"GET","url":"http:/","invalidateInfo":{"tags":["EAV_ATTRIBUTE_30","FPC","MAGE"],"mode":"matchingTag"}} []
[2026-05-19T04:21:04.072931+00:00] main.DEBUG: cache_invalidate:  {"method":"GET","url":"http:/","invalidateInfo":{"tags":["EAV_ATTRIBUTE_30","FPC"],"mode":"matchingTag"}} []
[2026-05-19T04:21:04.072973+00:00] main.DEBUG: cache_invalidate:  {"method":"GET","url":"http:/","invalidateInfo":{"tags":["EAV_ENTITY_TYPES_CUSTOMER_ADDRESS_ENTITY","FPC","MAGE"],"mode":"matchingTag"}} []
[2026-05-19T04:21:04.072992+00:00] main.DEBUG: cache_invalidate:  {"method":"GET","url":"http:/","invalidateInfo":{"tags":["EAV_ENTITY_TYPES_CUSTOMER_ADDRESS_ENTITY","FPC"],"mode":"matchingTag"}} []
[2026-05-19T04:21:04.073018+00:00] main.DEBUG: cache_invalidate:  {"method":"GET","url":"http:/","invalidateInfo":{"tags":["EAV_FORM_adminhtml_customer_address_FORM","FPC","MAGE"],"mode":"matchingTag"}} []
[2026-05-19T04:21:04.073045+00:00] main.DEBUG: cache_invalidate:  {"method":"GET","url":"http:/","invalidateInfo":{"tags":["EAV_FORM_adminhtml_customer_address_FORM","FPC"],"mode":"matchingTag"}} []
[2026-05-19T04:21:04.073066+00:00] main.DEBUG: cache_invalidate:  {"method":"GET","url":"http:/","invalidateInfo":{"tags":["EAV_FORM_customer_address_edit_FORM","FPC","MAGE"],"mode":"matchingTag"}} []
[2026-05-19T04:21:04.073082+00:00] main.DEBUG: cache_invalidate:  {"method":"GET","url":"http:/","invalidateInfo":{"tags":["EAV_FORM_customer_address_edit_FORM","FPC"],"mode":"matchingTag"}} []
[2026-05-19T04:21:04.073101+00:00] main.DEBUG: cache_invalidate:  {"method":"GET","url":"http:/","invalidateInfo":{"tags":["EAV_FORM_customer_register_address_FORM","FPC","MAGE"],"mode":"matchingTag"}} []
[2026-05-19T04:21:04.073117+00:00] main.DEBUG: cache_invalidate:  {"method":"GET","url":"http:/","invalidateInfo":{"tags":["EAV_FORM_customer_register_address_FORM","FPC"],"mode":"matchingTag"}} []
[2026-05-19T04:21:04.073137+00:00] main.DEBUG: cache_invalidate:  {"method":"GET","url":"http:/","invalidateInfo":{"tags":["EAV_ATTRIBUTE_customer_address_country_id","FPC","MAGE"],"mode":"matchingTag"}} []
[2026-05-19T04:21:04.073153+00:00] main.DEBUG: cache_invalidate:  {"method":"GET","url":"http:/","invalidateInfo":{"tags":["EAV_ATTRIBUTE_customer_address_country_id","FPC"],"mode":"matchingTag"}} []
[2026-05-19T04:21:04.074866+00:00] main.DEBUG: cache_invalidate:  {"method":"GET","url":"http:/","invalidateInfo":{"tags":["EAV","MAGE"],"mode":"matchingTag"}} []
[2026-05-19T04:21:04.074950+00:00] main.DEBUG: cache_invalidate:  {"method":"GET","url":"http:/","invalidateInfo":{"tags":["EAV_ATTRIBUTE","MAGE"],"mode":"matchingTag"}} []
[2026-05-19T04:21:04.074969+00:00] main.DEBUG: cache_invalidate:  {"method":"GET","url":"http:/","invalidateInfo":{"tags":["EAV","EAV_ATTRIBUTE"],"mode":"matchingAnyTag"}} []
[2026-05-19T04:21:04.075301+00:00] main.DEBUG: cache_invalidate:  {"method":"GET","url":"http:/","invalidateInfo":{"tags":["EAV","MAGE"],"mode":"matchingTag"}} []
[2026-05-19T04:21:04.075379+00:00] main.DEBUG: cache_invalidate:  {"method":"GET","url":"http:/","invalidateInfo":{"tags":["EAV_ATTRIBUTE","MAGE"],"mode":"matchingTag"}} []
[2026-05-19T04:21:04.075398+00:00] main.DEBUG: cache_invalidate:  {"method":"GET","url":"http:/","invalidateInfo":{"tags":["EAV","EAV_ATTRIBUTE"],"mode":"matchingAnyTag"}} []
[2026-05-19T04:21:04.075466+00:00] main.DEBUG: cache_invalidate:  {"method":"GET","url":"http:/","invalidateInfo":{"tags":["EAV","MAGE"],"mode":"matchingTag"}} []
[2026-05-19T04:21:04.075529+00:00] main.DEBUG: cache_invalidate:  {"method":"GET","url":"http:/","invalidateInfo":{"tags":["EAV_ATTRIBUTE","MAGE"],"mode":"matchingTag"}} []
[2026-05-19T04:21:04.075546+00:00] main.DEBUG: cache_invalidate:  {"method":"GET","url":"http:/","invalidateInfo":{"tags":["EAV","EAV_ATTRIBUTE"],"mode":"matchingAnyTag"}} []
[2026-05-19T04:21:04.075613+00:00] main.DEBUG: cache_invalidate:  {"method":"GET","url":"http:/","invalidateInfo":{"tags":["EAV_ATTRIBUTE","MAGE"],"mode":"matchingTag"}} []
[2026-05-19T04:21:04.075629+00:00] main.DEBUG: cache_invalidate:  {"method":"GET","url":"http:/","invalidateInfo":{"tags":["EAV_ATTRIBUTE"],"mode":"matchingAnyTag"}} []
[2026-05-19T04:21:04.075994+00:00] main.DEBUG: cache_invalidate:  {"method":"GET","url":"http:/","invalidateInfo":{"tags":["EAV_ATTRIBUTE_31","FPC","MAGE"],"mode":"matchingTag"}} []
[2026-05-19T04:21:04.076020+00:00] main.DEBUG: cache_invalidate:  {"method":"GET","url":"http:/","invalidateInfo":{"tags":["EAV_ATTRIBUTE_31","FPC"],"mode":"matchingTag"}} []
[2026-05-19T04:21:04.076041+00:00] main.DEBUG: cache_invalidate:  {"method":"GET","url":"http:/","invalidateInfo":{"tags":["EAV_ENTITY_TYPES_CUSTOMER_ADDRESS_ENTITY","FPC","MAGE"],"mode":"matchingTag"}} []
[2026-05-19T04:21:04.076058+00:00] main.DEBUG: cache_invalidate:  {"method":"GET","url":"http:/","invalidateInfo":{"tags":["EAV_ENTITY_TYPES_CUSTOMER_ADDRESS_ENTITY","FPC"],"mode":"matchingTag"}} []
[2026-05-19T04:21:04.076077+00:00] main.DEBUG: cache_invalidate:  {"method":"GET","url":"http:/","invalidateInfo":{"tags":["EAV_FORM_adminhtml_customer_address_FORM","FPC","MAGE"],"mode":"matchingTag"}} []
[2026-05-19T04:21:04.076092+00:00] main.DEBUG: cache_invalidate:  {"method":"GET","url":"http:/","invalidateInfo":{"tags":["EAV_FORM_adminhtml_customer_address_FORM","FPC"],"mode":"matchingTag"}} []
[2026-05-19T04:21:04.076110+00:00] main.DEBUG: cache_invalidate:  {"method":"GET","url":"http:/","invalidateInfo":{"tags":["EAV_FORM_customer_address_edit_FORM","FPC","MAGE"],"mode":"matchingTag"}} []
[2026-05-19T04:21:04.076126+00:00] main.DEBUG: cache_invalidate:  {"method":"GET","url":"http:/","invalidateInfo":{"tags":["EAV_FORM_customer_address_edit_FORM","FPC"],"mode":"matchingTag"}} []
[2026-05-19T04:21:04.076144+00:00] main.DEBUG: cache_invalidate:  {"method":"GET","url":"http:/","invalidateInfo":{"tags":["EAV_FORM_customer_register_address_FORM","FPC","MAGE"],"mode":"matchingTag"}} []
[2026-05-19T04:21:04.076159+00:00] main.DEBUG: cache_invalidate:  {"method":"GET","url":"http:/","invalidateInfo":{"tags":["EAV_FORM_customer_register_address_FORM","FPC"],"mode":"matchingTag"}} []
[2026-05-19T04:21:04.076176+00:00] main.DEBUG: cache_invalidate:  {"method":"GET","url":"http:/","invalidateInfo":{"tags":["EAV_ATTRIBUTE_customer_address_region","FPC","MAGE"],"mode":"matchingTag"}} []
[2026-05-19T04:21:04.076191+00:00] main.DEBUG: cache_invalidate:  {"method":"GET","url":"http:/","invalidateInfo":{"tags":["EAV_ATTRIBUTE_customer_address_region","FPC"],"mode":"matchingTag"}} []
[2026-05-19T04:21:04.078036+00:00] main.DEBUG: cache_invalidate:  {"method":"GET","url":"http:/","invalidateInfo":{"tags":["EAV","MAGE"],"mode":"matchingTag"}} []
[2026-05-19T04:21:04.078129+00:00] main.DEBUG: cache_invalidate:  {"method":"GET","url":"http:/","invalidateInfo":{"tags":["EAV_ATTRIBUTE","MAGE"],"mode":"matchingTag"}} []
[2026-05-19T04:21:04.078148+00:00] main.DEBUG: cache_invalidate:  {"method":"GET","url":"http:/","invalidateInfo":{"tags":["EAV","EAV_ATTRIBUTE"],"mode":"matchingAnyTag"}} []
[2026-05-19T04:21:04.078545+00:00] main.DEBUG: cache_invalidate:  {"method":"GET","url":"http:/","invalidateInfo":{"tags":["EAV","MAGE"],"mode":"matchingTag"}} []
[2026-05-19T04:21:04.078855+00:00] main.DEBUG: cache_invalidate:  {"method":"GET","url":"http:/","invalidateInfo":{"tags":["EAV_ATTRIBUTE","MAGE"],"mode":"matchingTag"}} []
[2026-05-19T04:21:04.078892+00:00] main.DEBUG: cache_invalidate:  {"method":"GET","url":"http:/","invalidateInfo":{"tags":["EAV","EAV_ATTRIBUTE"],"mode":"matchingAnyTag"}} []
[2026-05-19T04:21:04.078964+00:00] main.DEBUG: cache_invalidate:  {"method":"GET","url":"http:/","invalidateInfo":{"tags":["EAV","MAGE"],"mode":"matchingTag"}} []
[2026-05-19T04:21:04.079035+00:00] main.DEBUG: cache_invalidate:  {"method":"GET","url":"http:/","invalidateInfo":{"tags":["EAV_ATTRIBUTE","MAGE"],"mode":"matchingTag"}} []
[2026-05-19T04:21:04.079053+00:00] main.DEBUG: cache_invalidate:  {"method":"GET","url":"http:/","invalidateInfo":{"tags":["EAV","EAV_ATTRIBUTE"],"mode":"matchingAnyTag"}} []
[2026-05-19T04:21:04.079129+00:00] main.DEBUG: cache_invalidate:  {"method":"GET","url":"http:/","invalidateInfo":{"tags":["EAV_ATTRIBUTE","MAGE"],"mode":"matchingTag"}} []
[2026-05-19T04:21:04.079147+00:00] main.DEBUG: cache_invalidate:  {"method":"GET","url":"http:/","invalidateInfo":{"tags":["EAV_ATTRIBUTE"],"mode":"matchingAnyTag"}} []
[2026-05-19T04:21:04.079679+00:00] main.DEBUG: cache_invalidate:  {"method":"GET","url":"http:/","invalidateInfo":{"tags":["EAV_ATTRIBUTE_32","FPC","MAGE"],"mode":"matchingTag"}} []
[2026-05-19T04:21:04.079712+00:00] main.DEBUG: cache_invalidate:  {"method":"GET","url":"http:/","invalidateInfo":{"tags":["EAV_ATTRIBUTE_32","FPC"],"mode":"matchingTag"}} []
[2026-05-19T04:21:04.079735+00:00] main.DEBUG: cache_invalidate:  {"method":"GET","url":"http:/","invalidateInfo":{"tags":["EAV_ENTITY_TYPES_CUSTOMER_ADDRESS_ENTITY","FPC","MAGE"],"mode":"matchingTag"}} []
[2026-05-19T04:21:04.079752+00:00] main.DEBUG: cache_invalidate:  {"method":"GET","url":"http:/","invalidateInfo":{"tags":["EAV_ENTITY_TYPES_CUSTOMER_ADDRESS_ENTITY","FPC"],"mode":"matchingTag"}} []
[2026-05-19T04:21:04.079772+00:00] main.DEBUG: cache_invalidate:  {"method":"GET","url":"http:/","invalidateInfo":{"tags":["EAV_FORM_adminhtml_customer_address_FORM","FPC","MAGE"],"mode":"matchingTag"}} []
[2026-05-19T04:21:04.079788+00:00] main.DEBUG: cache_invalidate:  {"method":"GET","url":"http:/","invalidateInfo":{"tags":["EAV_FORM_adminhtml_customer_address_FORM","FPC"],"mode":"matchingTag"}} []
[2026-05-19T04:21:04.079807+00:00] main.DEBUG: cache_invalidate:  {"method":"GET","url":"http:/","invalidateInfo":{"tags":["EAV_FORM_customer_address_edit_FORM","FPC","MAGE"],"mode":"matchingTag"}} []
[2026-05-19T04:21:04.079830+00:00] main.DEBUG: cache_invalidate:  {"method":"GET","url":"http:/","invalidateInfo":{"tags":["EAV_FORM_customer_address_edit_FORM","FPC"],"mode":"matchingTag"}} []
[2026-05-19T04:21:04.079850+00:00] main.DEBUG: cache_invalidate:  {"method":"GET","url":"http:/","invalidateInfo":{"tags":["EAV_FORM_customer_register_address_FORM","FPC","MAGE"],"mode":"matchingTag"}} []
[2026-05-19T04:21:04.079866+00:00] main.DEBUG: cache_invalidate:  {"method":"GET","url":"http:/","invalidateInfo":{"tags":["EAV_FORM_customer_register_address_FORM","FPC"],"mode":"matchingTag"}} []
[2026-05-19T04:21:04.079885+00:00] main.DEBUG: cache_invalidate:  {"method":"GET","url":"http:/","invalidateInfo":{"tags":["EAV_ATTRIBUTE_customer_address_region_id","FPC","MAGE"],"mode":"matchingTag"}} []
[2026-05-19T04:21:04.079901+00:00] main.DEBUG: cache_invalidate:  {"method":"GET","url":"http:/","invalidateInfo":{"tags":["EAV_ATTRIBUTE_customer_address_region_id","FPC"],"mode":"matchingTag"}} []
[2026-05-19T04:21:04.081725+00:00] main.DEBUG: cache_invalidate:  {"method":"GET","url":"http:/","invalidateInfo":{"tags":["EAV","MAGE"],"mode":"matchingTag"}} []
[2026-05-19T04:21:04.081819+00:00] main.DEBUG: cache_invalidate:  {"method":"GET","url":"http:/","invalidateInfo":{"tags":["EAV_ATTRIBUTE","MAGE"],"mode":"matchingTag"}} []
[2026-05-19T04:21:04.081841+00:00] main.DEBUG: cache_invalidate:  {"method":"GET","url":"http:/","invalidateInfo":{"tags":["EAV","EAV_ATTRIBUTE"],"mode":"matchingAnyTag"}} []
[2026-05-19T04:21:04.082125+00:00] main.DEBUG: cache_invalidate:  {"method":"GET","url":"http:/","invalidateInfo":{"tags":["EAV","MAGE"],"mode":"matchingTag"}} []
[2026-05-19T04:21:04.082202+00:00] main.DEBUG: cache_invalidate:  {"method":"GET","url":"http:/","invalidateInfo":{"tags":["EAV_ATTRIBUTE","MAGE"],"mode":"matchingTag"}} []
[2026-05-19T04:21:04.082221+00:00] main.DEBUG: cache_invalidate:  {"method":"GET","url":"http:/","invalidateInfo":{"tags":["EAV","EAV_ATTRIBUTE"],"mode":"matchingAnyTag"}} []
[2026-05-19T04:21:04.082306+00:00] main.DEBUG: cache_invalidate:  {"method":"GET","url":"http:/","invalidateInfo":{"tags":["EAV","MAGE"],"mode":"matchingTag"}} []
[2026-05-19T04:21:04.082387+00:00] main.DEBUG: cache_invalidate:  {"method":"GET","url":"http:/","invalidateInfo":{"tags":["EAV_ATTRIBUTE","MAGE"],"mode":"matchingTag"}} []
[2026-05-19T04:21:04.082405+00:00] main.DEBUG: cache_invalidate:  {"method":"GET","url":"http:/","invalidateInfo":{"tags":["EAV","EAV_ATTRIBUTE"],"mode":"matchingAnyTag"}} []
[2026-05-19T04:21:04.082474+00:00] main.DEBUG: cache_invalidate:  {"method":"GET","url":"http:/","invalidateInfo":{"tags":["EAV_ATTRIBUTE","MAGE"],"mode":"matchingTag"}} []
[2026-05-19T04:21:04.082491+00:00] main.DEBUG: cache_invalidate:  {"method":"GET","url":"http:/","invalidateInfo":{"tags":["EAV_ATTRIBUTE"],"mode":"matchingAnyTag"}} []
[2026-05-19T04:21:04.083069+00:00] main.DEBUG: cache_invalidate:  {"method":"GET","url":"http:/","invalidateInfo":{"tags":["EAV_ATTRIBUTE_29","FPC","MAGE"],"mode":"matchingTag"}} []
[2026-05-19T04:21:04.083130+00:00] main.DEBUG: cache_invalidate:  {"method":"GET","url":"http:/","invalidateInfo":{"tags":["EAV_ATTRIBUTE_29","FPC"],"mode":"matchingTag"}} []
[2026-05-19T04:21:04.083154+00:00] main.DEBUG: cache_invalidate:  {"method":"GET","url":"http:/","invalidateInfo":{"tags":["EAV_ENTITY_TYPES_CUSTOMER_ADDRESS_ENTITY","FPC","MAGE"],"mode":"matchingTag"}} []
[2026-05-19T04:21:04.083171+00:00] main.DEBUG: cache_invalidate:  {"method":"GET","url":"http:/","invalidateInfo":{"tags":["EAV_ENTITY_TYPES_CUSTOMER_ADDRESS_ENTITY","FPC"],"mode":"matchingTag"}} []
[2026-05-19T04:21:04.083193+00:00] main.DEBUG: cache_invalidate:  {"method":"GET","url":"http:/","invalidateInfo":{"tags":["EAV_FORM_adminhtml_customer_address_FORM","FPC","MAGE"],"mode":"matchingTag"}} []
[2026-05-19T04:21:04.083208+00:00] main.DEBUG: cache_invalidate:  {"method":"GET","url":"http:/","invalidateInfo":{"tags":["EAV_FORM_adminhtml_customer_address_FORM","FPC"],"mode":"matchingTag"}} []
[2026-05-19T04:21:04.083227+00:00] main.DEBUG: cache_invalidate:  {"method":"GET","url":"http:/","invalidateInfo":{"tags":["EAV_FORM_customer_address_edit_FORM","FPC","MAGE"],"mode":"matchingTag"}} []
[2026-05-19T04:21:04.083268+00:00] main.DEBUG: cache_invalidate:  {"method":"GET","url":"http:/","invalidateInfo":{"tags":["EAV_FORM_customer_address_edit_FORM","FPC"],"mode":"matchingTag"}} []
[2026-05-19T04:21:04.083287+00:00] main.DEBUG: cache_invalidate:  {"method":"GET","url":"http:/","invalidateInfo":{"tags":["EAV_FORM_customer_register_address_FORM","FPC","MAGE"],"mode":"matchingTag"}} []
[2026-05-19T04:21:04.083302+00:00] main.DEBUG: cache_invalidate:  {"method":"GET","url":"http:/","invalidateInfo":{"tags":["EAV_FORM_customer_register_address_FORM","FPC"],"mode":"matchingTag"}} []
[2026-05-19T04:21:04.083320+00:00] main.DEBUG: cache_invalidate:  {"method":"GET","url":"http:/","invalidateInfo":{"tags":["EAV_ATTRIBUTE_customer_address_city","FPC","MAGE"],"mode":"matchingTag"}} []
[2026-05-19T04:21:04.083334+00:00] main.DEBUG: cache_invalidate:  {"method":"GET","url":"http:/","invalidateInfo":{"tags":["EAV_ATTRIBUTE_customer_address_city","FPC"],"mode":"matchingTag"}} []
[2026-05-19T04:21:04.085061+00:00] main.DEBUG: cache_invalidate:  {"method":"GET","url":"http:/","invalidateInfo":{"tags":["EAV_ATTRIBUTE_30","FPC","MAGE"],"mode":"matchingTag"}} []
[2026-05-19T04:21:04.085109+00:00] main.DEBUG: cache_invalidate:  {"method":"GET","url":"http:/","invalidateInfo":{"tags":["EAV_ATTRIBUTE_30","FPC"],"mode":"matchingTag"}} []
[2026-05-19T04:21:04.085135+00:00] main.DEBUG: cache_invalidate:  {"method":"GET","url":"http:/","invalidateInfo":{"tags":["EAV_ATTRIBUTE_customer_address_country_id","FPC","MAGE"],"mode":"matchingTag"}} []
[2026-05-19T04:21:04.085156+00:00] main.DEBUG: cache_invalidate:  {"method":"GET","url":"http:/","invalidateInfo":{"tags":["EAV_ATTRIBUTE_customer_address_country_id","FPC"],"mode":"matchingTag"}} []
[2026-05-19T04:21:04.085372+00:00] main.DEBUG: cache_invalidate:  {"method":"GET","url":"http:/","invalidateInfo":{"tags":["EAV_ATTRIBUTE_31","FPC","MAGE"],"mode":"matchingTag"}} []
[2026-05-19T04:21:04.085399+00:00] main.DEBUG: cache_invalidate:  {"method":"GET","url":"http:/","invalidateInfo":{"tags":["EAV_ATTRIBUTE_31","FPC"],"mode":"matchingTag"}} []
[2026-05-19T04:21:04.085422+00:00] main.DEBUG: cache_invalidate:  {"method":"GET","url":"http:/","invalidateInfo":{"tags":["EAV_ATTRIBUTE_customer_address_region","FPC","MAGE"],"mode":"matchingTag"}} []
[2026-05-19T04:21:04.085439+00:00] main.DEBUG: cache_invalidate:  {"method":"GET","url":"http:/","invalidateInfo":{"tags":["EAV_ATTRIBUTE_customer_address_region","FPC"],"mode":"matchingTag"}} []
[2026-05-19T04:21:04.085586+00:00] main.DEBUG: cache_invalidate:  {"method":"GET","url":"http:/","invalidateInfo":{"tags":["EAV_ATTRIBUTE_32","FPC","MAGE"],"mode":"matchingTag"}} []
[2026-05-19T04:21:04.085604+00:00] main.DEBUG: cache_invalidate:  {"method":"GET","url":"http:/","invalidateInfo":{"tags":["EAV_ATTRIBUTE_32","FPC"],"mode":"matchingTag"}} []
[2026-05-19T04:21:04.085630+00:00] main.DEBUG: cache_invalidate:  {"method":"GET","url":"http:/","invalidateInfo":{"tags":["EAV_ATTRIBUTE_customer_address_region_id","FPC","MAGE"],"mode":"matchingTag"}} []
[2026-05-19T04:21:04.085646+00:00] main.DEBUG: cache_invalidate:  {"method":"GET","url":"http:/","invalidateInfo":{"tags":["EAV_ATTRIBUTE_customer_address_region_id","FPC"],"mode":"matchingTag"}} []
[2026-05-19T04:21:04.085830+00:00] main.DEBUG: cache_invalidate:  {"method":"GET","url":"http:/","invalidateInfo":{"tags":["EAV_ATTRIBUTE_29","FPC","MAGE"],"mode":"matchingTag"}} []
[2026-05-19T04:21:04.085859+00:00] main.DEBUG: cache_invalidate:  {"method":"GET","url":"http:/","invalidateInfo":{"tags":["EAV_ATTRIBUTE_29","FPC"],"mode":"matchingTag"}} []
[2026-05-19T04:21:04.085913+00:00] main.DEBUG: cache_invalidate:  {"method":"GET","url":"http:/","invalidateInfo":{"tags":["EAV_ATTRIBUTE_customer_address_city","FPC","MAGE"],"mode":"matchingTag"}} []
[2026-05-19T04:21:04.085934+00:00] main.DEBUG: cache_invalidate:  {"method":"GET","url":"http:/","invalidateInfo":{"tags":["EAV_ATTRIBUTE_customer_address_city","FPC"],"mode":"matchingTag"}} []
[2026-05-19T04:21:04.089887+00:00] main.DEBUG: cache_invalidate:  {"method":"GET","url":"http:/","invalidateInfo":{"tags":["EAV","MAGE"],"mode":"matchingTag"}} []
[2026-05-19T04:21:04.089988+00:00] main.DEBUG: cache_invalidate:  {"method":"GET","url":"http:/","invalidateInfo":{"tags":["EAV_ATTRIBUTE","MAGE"],"mode":"matchingTag"}} []
[2026-05-19T04:21:04.090009+00:00] main.DEBUG: cache_invalidate:  {"method":"GET","url":"http:/","invalidateInfo":{"tags":["EAV","EAV_ATTRIBUTE"],"mode":"matchingAnyTag"}} []
[2026-05-19T04:21:04.090527+00:00] main.DEBUG: cache_invalidate:  {"method":"GET","url":"http:/","invalidateInfo":{"tags":["EAV","MAGE"],"mode":"matchingTag"}} []
[2026-05-19T04:21:04.090641+00:00] main.DEBUG: cache_invalidate:  {"method":"GET","url":"http:/","invalidateInfo":{"tags":["EAV_ATTRIBUTE","MAGE"],"mode":"matchingTag"}} []
[2026-05-19T04:21:04.090662+00:00] main.DEBUG: cache_invalidate:  {"method":"GET","url":"http:/","invalidateInfo":{"tags":["EAV","EAV_ATTRIBUTE"],"mode":"matchingAnyTag"}} []
[2026-05-19T04:21:04.090726+00:00] main.DEBUG: cache_invalidate:  {"method":"GET","url":"http:/","invalidateInfo":{"tags":["EAV","MAGE"],"mode":"matchingTag"}} []
[2026-05-19T04:21:04.090789+00:00] main.DEBUG: cache_invalidate:  {"method":"GET","url":"http:/","invalidateInfo":{"tags":["EAV_ATTRIBUTE","MAGE"],"mode":"matchingTag"}} []
[2026-05-19T04:21:04.090806+00:00] main.DEBUG: cache_invalidate:  {"method":"GET","url":"http:/","invalidateInfo":{"tags":["EAV","EAV_ATTRIBUTE"],"mode":"matchingAnyTag"}} []
[2026-05-19T04:21:04.090896+00:00] main.DEBUG: cache_invalidate:  {"method":"GET","url":"http:/","invalidateInfo":{"tags":["EAV_ATTRIBUTE","MAGE"],"mode":"matchingTag"}} []
[2026-05-19T04:21:04.090919+00:00] main.DEBUG: cache_invalidate:  {"method":"GET","url":"http:/","invalidateInfo":{"tags":["EAV_ATTRIBUTE"],"mode":"matchingAnyTag"}} []
[2026-05-19T04:21:04.091414+00:00] main.DEBUG: cache_invalidate:  {"method":"GET","url":"http:/","invalidateInfo":{"tags":["EAV_ATTRIBUTE_23","FPC","MAGE"],"mode":"matchingTag"}} []
[2026-05-19T04:21:04.091444+00:00] main.DEBUG: cache_invalidate:  {"method":"GET","url":"http:/","invalidateInfo":{"tags":["EAV_ATTRIBUTE_23","FPC"],"mode":"matchingTag"}} []
[2026-05-19T04:21:04.091467+00:00] main.DEBUG: cache_invalidate:  {"method":"GET","url":"http:/","invalidateInfo":{"tags":["EAV_ENTITY_TYPES_CUSTOMER_ADDRESS_ENTITY","FPC","MAGE"],"mode":"matchingTag"}} []
[2026-05-19T04:21:04.091483+00:00] main.DEBUG: cache_invalidate:  {"method":"GET","url":"http:/","invalidateInfo":{"tags":["EAV_ENTITY_TYPES_CUSTOMER_ADDRESS_ENTITY","FPC"],"mode":"matchingTag"}} []
[2026-05-19T04:21:04.091503+00:00] main.DEBUG: cache_invalidate:  {"method":"GET","url":"http:/","invalidateInfo":{"tags":["EAV_FORM_adminhtml_customer_address_FORM","FPC","MAGE"],"mode":"matchingTag"}} []
[2026-05-19T04:21:04.091519+00:00] main.DEBUG: cache_invalidate:  {"method":"GET","url":"http:/","invalidateInfo":{"tags":["EAV_FORM_adminhtml_customer_address_FORM","FPC"],"mode":"matchingTag"}} []
[2026-05-19T04:21:04.091538+00:00] main.DEBUG: cache_invalidate:  {"method":"GET","url":"http:/","invalidateInfo":{"tags":["EAV_FORM_customer_address_edit_FORM","FPC","MAGE"],"mode":"matchingTag"}} []
[2026-05-19T04:21:04.091554+00:00] main.DEBUG: cache_invalidate:  {"method":"GET","url":"http:/","invalidateInfo":{"tags":["EAV_FORM_customer_address_edit_FORM","FPC"],"mode":"matchingTag"}} []
[2026-05-19T04:21:04.091575+00:00] main.DEBUG: cache_invalidate:  {"method":"GET","url":"http:/","invalidateInfo":{"tags":["EAV_FORM_customer_register_address_FORM","FPC","MAGE"],"mode":"matchingTag"}} []
[2026-05-19T04:21:04.091590+00:00] main.DEBUG: cache_invalidate:  {"method":"GET","url":"http:/","invalidateInfo":{"tags":["EAV_FORM_customer_register_address_FORM","FPC"],"mode":"matchingTag"}} []
[2026-05-19T04:21:04.091609+00:00] main.DEBUG: cache_invalidate:  {"method":"GET","url":"http:/","invalidateInfo":{"tags":["EAV_ATTRIBUTE_customer_address_firstname","FPC","MAGE"],"mode":"matchingTag"}} []
[2026-05-19T04:21:04.091625+00:00] main.DEBUG: cache_invalidate:  {"method":"GET","url":"http:/","invalidateInfo":{"tags":["EAV_ATTRIBUTE_customer_address_firstname","FPC"],"mode":"matchingTag"}} []
[2026-05-19T04:21:04.093248+00:00] main.DEBUG: cache_invalidate:  {"method":"GET","url":"http:/","invalidateInfo":{"tags":["EAV","MAGE"],"mode":"matchingTag"}} []
[2026-05-19T04:21:04.093331+00:00] main.DEBUG: cache_invalidate:  {"method":"GET","url":"http:/","invalidateInfo":{"tags":["EAV_ATTRIBUTE","MAGE"],"mode":"matchingTag"}} []
[2026-05-19T04:21:04.093350+00:00] main.DEBUG: cache_invalidate:  {"method":"GET","url":"http:/","invalidateInfo":{"tags":["EAV","EAV_ATTRIBUTE"],"mode":"matchingAnyTag"}} []
[2026-05-19T04:21:04.093622+00:00] main.DEBUG: cache_invalidate:  {"method":"GET","url":"http:/","invalidateInfo":{"tags":["EAV","MAGE"],"mode":"matchingTag"}} []
[2026-05-19T04:21:04.093689+00:00] main.DEBUG: cache_invalidate:  {"method":"GET","url":"http:/","invalidateInfo":{"tags":["EAV_ATTRIBUTE","MAGE"],"mode":"matchingTag"}} []
[2026-05-19T04:21:04.093708+00:00] main.DEBUG: cache_invalidate:  {"method":"GET","url":"http:/","invalidateInfo":{"tags":["EAV","EAV_ATTRIBUTE"],"mode":"matchingAnyTag"}} []
[2026-05-19T04:21:04.093771+00:00] main.DEBUG: cache_invalidate:  {"method":"GET","url":"http:/","invalidateInfo":{"tags":["EAV","MAGE"],"mode":"matchingTag"}} []
[2026-05-19T04:21:04.093831+00:00] main.DEBUG: cache_invalidate:  {"method":"GET","url":"http:/","invalidateInfo":{"tags":["EAV_ATTRIBUTE","MAGE"],"mode":"matchingTag"}} []
[2026-05-19T04:21:04.093847+00:00] main.DEBUG: cache_invalidate:  {"method":"GET","url":"http:/","invalidateInfo":{"tags":["EAV","EAV_ATTRIBUTE"],"mode":"matchingAnyTag"}} []
[2026-05-19T04:21:04.093915+00:00] main.DEBUG: cache_invalidate:  {"method":"GET","url":"http:/","invalidateInfo":{"tags":["EAV_ATTRIBUTE","MAGE"],"mode":"matchingTag"}} []
[2026-05-19T04:21:04.093930+00:00] main.DEBUG: cache_invalidate:  {"method":"GET","url":"http:/","invalidateInfo":{"tags":["EAV_ATTRIBUTE"],"mode":"matchingAnyTag"}} []
[2026-05-19T04:21:04.094306+00:00] main.DEBUG: cache_invalidate:  {"method":"GET","url":"http:/","invalidateInfo":{"tags":["EAV_ATTRIBUTE_25","FPC","MAGE"],"mode":"matchingTag"}} []
[2026-05-19T04:21:04.094334+00:00] main.DEBUG: cache_invalidate:  {"method":"GET","url":"http:/","invalidateInfo":{"tags":["EAV_ATTRIBUTE_25","FPC"],"mode":"matchingTag"}} []
[2026-05-19T04:21:04.094356+00:00] main.DEBUG: cache_invalidate:  {"method":"GET","url":"http:/","invalidateInfo":{"tags":["EAV_ENTITY_TYPES_CUSTOMER_ADDRESS_ENTITY","FPC","MAGE"],"mode":"matchingTag"}} []
[2026-05-19T04:21:04.094373+00:00] main.DEBUG: cache_invalidate:  {"method":"GET","url":"http:/","invalidateInfo":{"tags":["EAV_ENTITY_TYPES_CUSTOMER_ADDRESS_ENTITY","FPC"],"mode":"matchingTag"}} []
[2026-05-19T04:21:04.094392+00:00] main.DEBUG: cache_invalidate:  {"method":"GET","url":"http:/","invalidateInfo":{"tags":["EAV_FORM_adminhtml_customer_address_FORM","FPC","MAGE"],"mode":"matchingTag"}} []
[2026-05-19T04:21:04.094407+00:00] main.DEBUG: cache_invalidate:  {"method":"GET","url":"http:/","invalidateInfo":{"tags":["EAV_FORM_adminhtml_customer_address_FORM","FPC"],"mode":"matchingTag"}} []
[2026-05-19T04:21:04.094426+00:00] main.DEBUG: cache_invalidate:  {"method":"GET","url":"http:/","invalidateInfo":{"tags":["EAV_FORM_customer_address_edit_FORM","FPC","MAGE"],"mode":"matchingTag"}} []
[2026-05-19T04:21:04.094441+00:00] main.DEBUG: cache_invalidate:  {"method":"GET","url":"http:/","invalidateInfo":{"tags":["EAV_FORM_customer_address_edit_FORM","FPC"],"mode":"matchingTag"}} []
[2026-05-19T04:21:04.094458+00:00] main.DEBUG: cache_invalidate:  {"method":"GET","url":"http:/","invalidateInfo":{"tags":["EAV_FORM_customer_register_address_FORM","FPC","MAGE"],"mode":"matchingTag"}} []
[2026-05-19T04:21:04.094473+00:00] main.DEBUG: cache_invalidate:  {"method":"GET","url":"http:/","invalidateInfo":{"tags":["EAV_FORM_customer_register_address_FORM","FPC"],"mode":"matchingTag"}} []
[2026-05-19T04:21:04.094492+00:00] main.DEBUG: cache_invalidate:  {"method":"GET","url":"http:/","invalidateInfo":{"tags":["EAV_ATTRIBUTE_customer_address_lastname","FPC","MAGE"],"mode":"matchingTag"}} []
[2026-05-19T04:21:04.094507+00:00] main.DEBUG: cache_invalidate:  {"method":"GET","url":"http:/","invalidateInfo":{"tags":["EAV_ATTRIBUTE_customer_address_lastname","FPC"],"mode":"matchingTag"}} []
[2026-05-19T04:21:04.097172+00:00] main.DEBUG: cache_invalidate:  {"method":"GET","url":"http:/","invalidateInfo":{"tags":["EAV","MAGE"],"mode":"matchingTag"}} []
[2026-05-19T04:21:04.097273+00:00] main.DEBUG: cache_invalidate:  {"method":"GET","url":"http:/","invalidateInfo":{"tags":["EAV_ATTRIBUTE","MAGE"],"mode":"matchingTag"}} []
[2026-05-19T04:21:04.097293+00:00] main.DEBUG: cache_invalidate:  {"method":"GET","url":"http:/","invalidateInfo":{"tags":["EAV","EAV_ATTRIBUTE"],"mode":"matchingAnyTag"}} []
[2026-05-19T04:21:04.097644+00:00] main.DEBUG: cache_invalidate:  {"method":"GET","url":"http:/","invalidateInfo":{"tags":["EAV","MAGE"],"mode":"matchingTag"}} []
[2026-05-19T04:21:04.097737+00:00] main.DEBUG: cache_invalidate:  {"method":"GET","url":"http:/","invalidateInfo":{"tags":["EAV_ATTRIBUTE","MAGE"],"mode":"matchingTag"}} []
[2026-05-19T04:21:04.097758+00:00] main.DEBUG: cache_invalidate:  {"method":"GET","url":"http:/","invalidateInfo":{"tags":["EAV","EAV_ATTRIBUTE"],"mode":"matchingAnyTag"}} []
[2026-05-19T04:21:04.097824+00:00] main.DEBUG: cache_invalidate:  {"method":"GET","url":"http:/","invalidateInfo":{"tags":["EAV","MAGE"],"mode":"matchingTag"}} []
[2026-05-19T04:21:04.097883+00:00] main.DEBUG: cache_invalidate:  {"method":"GET","url":"http:/","invalidateInfo":{"tags":["EAV_ATTRIBUTE","MAGE"],"mode":"matchingTag"}} []
[2026-05-19T04:21:04.097904+00:00] main.DEBUG: cache_invalidate:  {"method":"GET","url":"http:/","invalidateInfo":{"tags":["EAV","EAV_ATTRIBUTE"],"mode":"matchingAnyTag"}} []
[2026-05-19T04:21:04.097974+00:00] main.DEBUG: cache_invalidate:  {"method":"GET","url":"http:/","invalidateInfo":{"tags":["EAV_ATTRIBUTE","MAGE"],"mode":"matchingTag"}} []
[2026-05-19T04:21:04.097990+00:00] main.DEBUG: cache_invalidate:  {"method":"GET","url":"http:/","invalidateInfo":{"tags":["EAV_ATTRIBUTE"],"mode":"matchingAnyTag"}} []
[2026-05-19T04:21:04.098421+00:00] main.DEBUG: cache_invalidate:  {"method":"GET","url":"http:/","invalidateInfo":{"tags":["EAV_ATTRIBUTE_24","FPC","MAGE"],"mode":"matchingTag"}} []
[2026-05-19T04:21:04.098448+00:00] main.DEBUG: cache_invalidate:  {"method":"GET","url":"http:/","invalidateInfo":{"tags":["EAV_ATTRIBUTE_24","FPC"],"mode":"matchingTag"}} []
[2026-05-19T04:21:04.098471+00:00] main.DEBUG: cache_invalidate:  {"method":"GET","url":"http:/","invalidateInfo":{"tags":["EAV_ENTITY_TYPES_CUSTOMER_ADDRESS_ENTITY","FPC","MAGE"],"mode":"matchingTag"}} []
[2026-05-19T04:21:04.098487+00:00] main.DEBUG: cache_invalidate:  {"method":"GET","url":"http:/","invalidateInfo":{"tags":["EAV_ENTITY_TYPES_CUSTOMER_ADDRESS_ENTITY","FPC"],"mode":"matchingTag"}} []
[2026-05-19T04:21:04.098507+00:00] main.DEBUG: cache_invalidate:  {"method":"GET","url":"http:/","invalidateInfo":{"tags":["EAV_FORM_adminhtml_customer_address_FORM","FPC","MAGE"],"mode":"matchingTag"}} []
[2026-05-19T04:21:04.098523+00:00] main.DEBUG: cache_invalidate:  {"method":"GET","url":"http:/","invalidateInfo":{"tags":["EAV_FORM_adminhtml_customer_address_FORM","FPC"],"mode":"matchingTag"}} []
[2026-05-19T04:21:04.098541+00:00] main.DEBUG: cache_invalidate:  {"method":"GET","url":"http:/","invalidateInfo":{"tags":["EAV_FORM_customer_address_edit_FORM","FPC","MAGE"],"mode":"matchingTag"}} []
[2026-05-19T04:21:04.098557+00:00] main.DEBUG: cache_invalidate:  {"method":"GET","url":"http:/","invalidateInfo":{"tags":["EAV_FORM_customer_address_edit_FORM","FPC"],"mode":"matchingTag"}} []
[2026-05-19T04:21:04.098575+00:00] main.DEBUG: cache_invalidate:  {"method":"GET","url":"http:/","invalidateInfo":{"tags":["EAV_FORM_customer_register_address_FORM","FPC","MAGE"],"mode":"matchingTag"}} []
[2026-05-19T04:21:04.098591+00:00] main.DEBUG: cache_invalidate:  {"method":"GET","url":"http:/","invalidateInfo":{"tags":["EAV_FORM_customer_register_address_FORM","FPC"],"mode":"matchingTag"}} []
[2026-05-19T04:21:04.098611+00:00] main.DEBUG: cache_invalidate:  {"method":"GET","url":"http:/","invalidateInfo":{"tags":["EAV_ATTRIBUTE_customer_address_middlename","FPC","MAGE"],"mode":"matchingTag"}} []
[2026-05-19T04:21:04.098627+00:00] main.DEBUG: cache_invalidate:  {"method":"GET","url":"http:/","invalidateInfo":{"tags":["EAV_ATTRIBUTE_customer_address_middlename","FPC"],"mode":"matchingTag"}} []
[2026-05-19T04:21:04.100816+00:00] main.DEBUG: cache_invalidate:  {"method":"GET","url":"http:/","invalidateInfo":{"tags":["EAV","MAGE"],"mode":"matchingTag"}} []
[2026-05-19T04:21:04.100912+00:00] main.DEBUG: cache_invalidate:  {"method":"GET","url":"http:/","invalidateInfo":{"tags":["EAV_ATTRIBUTE","MAGE"],"mode":"matchingTag"}} []
[2026-05-19T04:21:04.100932+00:00] main.DEBUG: cache_invalidate:  {"method":"GET","url":"http:/","invalidateInfo":{"tags":["EAV","EAV_ATTRIBUTE"],"mode":"matchingAnyTag"}} []
[2026-05-19T04:21:04.101223+00:00] main.DEBUG: cache_invalidate:  {"method":"GET","url":"http:/","invalidateInfo":{"tags":["EAV","MAGE"],"mode":"matchingTag"}} []
[2026-05-19T04:21:04.101309+00:00] main.DEBUG: cache_invalidate:  {"method":"GET","url":"http:/","invalidateInfo":{"tags":["EAV_ATTRIBUTE","MAGE"],"mode":"matchingTag"}} []
[2026-05-19T04:21:04.101327+00:00] main.DEBUG: cache_invalidate:  {"method":"GET","url":"http:/","invalidateInfo":{"tags":["EAV","EAV_ATTRIBUTE"],"mode":"matchingAnyTag"}} []
[2026-05-19T04:21:04.101390+00:00] main.DEBUG: cache_invalidate:  {"method":"GET","url":"http:/","invalidateInfo":{"tags":["EAV","MAGE"],"mode":"matchingTag"}} []
[2026-05-19T04:21:04.101455+00:00] main.DEBUG: cache_invalidate:  {"method":"GET","url":"http:/","invalidateInfo":{"tags":["EAV_ATTRIBUTE","MAGE"],"mode":"matchingTag"}} []
[2026-05-19T04:21:04.101471+00:00] main.DEBUG: cache_invalidate:  {"method":"GET","url":"http:/","invalidateInfo":{"tags":["EAV","EAV_ATTRIBUTE"],"mode":"matchingAnyTag"}} []
[2026-05-19T04:21:04.101541+00:00] main.DEBUG: cache_invalidate:  {"method":"GET","url":"http:/","invalidateInfo":{"tags":["EAV_ATTRIBUTE","MAGE"],"mode":"matchingTag"}} []
[2026-05-19T04:21:04.101558+00:00] main.DEBUG: cache_invalidate:  {"method":"GET","url":"http:/","invalidateInfo":{"tags":["EAV_ATTRIBUTE"],"mode":"matchingAnyTag"}} []
[2026-05-19T04:21:04.101881+00:00] main.DEBUG: cache_invalidate:  {"method":"GET","url":"http:/","invalidateInfo":{"tags":["EAV_ATTRIBUTE_5","FPC","MAGE"],"mode":"matchingTag"}} []
[2026-05-19T04:21:04.101903+00:00] main.DEBUG: cache_invalidate:  {"method":"GET","url":"http:/","invalidateInfo":{"tags":["EAV_ATTRIBUTE_5","FPC"],"mode":"matchingTag"}} []
[2026-05-19T04:21:04.101924+00:00] main.DEBUG: cache_invalidate:  {"method":"GET","url":"http:/","invalidateInfo":{"tags":["EAV_ENTITY_TYPES_CUSTOMER_ENTITY","FPC","MAGE"],"mode":"matchingTag"}} []
[2026-05-19T04:21:04.101940+00:00] main.DEBUG: cache_invalidate:  {"method":"GET","url":"http:/","invalidateInfo":{"tags":["EAV_ENTITY_TYPES_CUSTOMER_ENTITY","FPC"],"mode":"matchingTag"}} []
[2026-05-19T04:21:04.101959+00:00] main.DEBUG: cache_invalidate:  {"method":"GET","url":"http:/","invalidateInfo":{"tags":["EAV_FORM_adminhtml_customer_FORM","FPC","MAGE"],"mode":"matchingTag"}} []
[2026-05-19T04:21:04.101974+00:00] main.DEBUG: cache_invalidate:  {"method":"GET","url":"http:/","invalidateInfo":{"tags":["EAV_FORM_adminhtml_customer_FORM","FPC"],"mode":"matchingTag"}} []
[2026-05-19T04:21:04.101992+00:00] main.DEBUG: cache_invalidate:  {"method":"GET","url":"http:/","invalidateInfo":{"tags":["EAV_FORM_customer_account_create_FORM","FPC","MAGE"],"mode":"matchingTag"}} []
[2026-05-19T04:21:04.102008+00:00] main.DEBUG: cache_invalidate:  {"method":"GET","url":"http:/","invalidateInfo":{"tags":["EAV_FORM_customer_account_create_FORM","FPC"],"mode":"matchingTag"}} []
[2026-05-19T04:21:04.102026+00:00] main.DEBUG: cache_invalidate:  {"method":"GET","url":"http:/","invalidateInfo":{"tags":["EAV_FORM_customer_account_edit_FORM","FPC","MAGE"],"mode":"matchingTag"}} []
[2026-05-19T04:21:04.102042+00:00] main.DEBUG: cache_invalidate:  {"method":"GET","url":"http:/","invalidateInfo":{"tags":["EAV_FORM_customer_account_edit_FORM","FPC"],"mode":"matchingTag"}} []
[2026-05-19T04:21:04.102072+00:00] main.DEBUG: cache_invalidate:  {"method":"GET","url":"http:/","invalidateInfo":{"tags":["EAV_ATTRIBUTE_customer_firstname","FPC","MAGE"],"mode":"matchingTag"}} []
[2026-05-19T04:21:04.102095+00:00] main.DEBUG: cache_invalidate:  {"method":"GET","url":"http:/","invalidateInfo":{"tags":["EAV_ATTRIBUTE_customer_firstname","FPC"],"mode":"matchingTag"}} []
[2026-05-19T04:21:04.104359+00:00] main.DEBUG: cache_invalidate:  {"method":"GET","url":"http:/","invalidateInfo":{"tags":["EAV","MAGE"],"mode":"matchingTag"}} []
[2026-05-19T04:21:04.104460+00:00] main.DEBUG: cache_invalidate:  {"method":"GET","url":"http:/","invalidateInfo":{"tags":["EAV_ATTRIBUTE","MAGE"],"mode":"matchingTag"}} []
[2026-05-19T04:21:04.104480+00:00] main.DEBUG: cache_invalidate:  {"method":"GET","url":"http:/","invalidateInfo":{"tags":["EAV","EAV_ATTRIBUTE"],"mode":"matchingAnyTag"}} []
[2026-05-19T04:21:04.104775+00:00] main.DEBUG: cache_invalidate:  {"method":"GET","url":"http:/","invalidateInfo":{"tags":["EAV","MAGE"],"mode":"matchingTag"}} []
[2026-05-19T04:21:04.104866+00:00] main.DEBUG: cache_invalidate:  {"method":"GET","url":"http:/","invalidateInfo":{"tags":["EAV_ATTRIBUTE","MAGE"],"mode":"matchingTag"}} []
[2026-05-19T04:21:04.104898+00:00] main.DEBUG: cache_invalidate:  {"method":"GET","url":"http:/","invalidateInfo":{"tags":["EAV","EAV_ATTRIBUTE"],"mode":"matchingAnyTag"}} []
[2026-05-19T04:21:04.104973+00:00] main.DEBUG: cache_invalidate:  {"method":"GET","url":"http:/","invalidateInfo":{"tags":["EAV","MAGE"],"mode":"matchingTag"}} []
[2026-05-19T04:21:04.105039+00:00] main.DEBUG: cache_invalidate:  {"method":"GET","url":"http:/","invalidateInfo":{"tags":["EAV_ATTRIBUTE","MAGE"],"mode":"matchingTag"}} []
[2026-05-19T04:21:04.105056+00:00] main.DEBUG: cache_invalidate:  {"method":"GET","url":"http:/","invalidateInfo":{"tags":["EAV","EAV_ATTRIBUTE"],"mode":"matchingAnyTag"}} []
[2026-05-19T04:21:04.105128+00:00] main.DEBUG: cache_invalidate:  {"method":"GET","url":"http:/","invalidateInfo":{"tags":["EAV_ATTRIBUTE","MAGE"],"mode":"matchingTag"}} []
[2026-05-19T04:21:04.105144+00:00] main.DEBUG: cache_invalidate:  {"method":"GET","url":"http:/","invalidateInfo":{"tags":["EAV_ATTRIBUTE"],"mode":"matchingAnyTag"}} []
[2026-05-19T04:21:04.105552+00:00] main.DEBUG: cache_invalidate:  {"method":"GET","url":"http:/","invalidateInfo":{"tags":["EAV_ATTRIBUTE_7","FPC","MAGE"],"mode":"matchingTag"}} []
[2026-05-19T04:21:04.105579+00:00] main.DEBUG: cache_invalidate:  {"method":"GET","url":"http:/","invalidateInfo":{"tags":["EAV_ATTRIBUTE_7","FPC"],"mode":"matchingTag"}} []
[2026-05-19T04:21:04.105602+00:00] main.DEBUG: cache_invalidate:  {"method":"GET","url":"http:/","invalidateInfo":{"tags":["EAV_ENTITY_TYPES_CUSTOMER_ENTITY","FPC","MAGE"],"mode":"matchingTag"}} []
[2026-05-19T04:21:04.105619+00:00] main.DEBUG: cache_invalidate:  {"method":"GET","url":"http:/","invalidateInfo":{"tags":["EAV_ENTITY_TYPES_CUSTOMER_ENTITY","FPC"],"mode":"matchingTag"}} []
[2026-05-19T04:21:04.105649+00:00] main.DEBUG: cache_invalidate:  {"method":"GET","url":"http:/","invalidateInfo":{"tags":["EAV_FORM_adminhtml_customer_FORM","FPC","MAGE"],"mode":"matchingTag"}} []
[2026-05-19T04:21:04.105665+00:00] main.DEBUG: cache_invalidate:  {"method":"GET","url":"http:/","invalidateInfo":{"tags":["EAV_FORM_adminhtml_customer_FORM","FPC"],"mode":"matchingTag"}} []
[2026-05-19T04:21:04.105684+00:00] main.DEBUG: cache_invalidate:  {"method":"GET","url":"http:/","invalidateInfo":{"tags":["EAV_FORM_customer_account_create_FORM","FPC","MAGE"],"mode":"matchingTag"}} []
[2026-05-19T04:21:04.105700+00:00] main.DEBUG: cache_invalidate:  {"method":"GET","url":"http:/","invalidateInfo":{"tags":["EAV_FORM_customer_account_create_FORM","FPC"],"mode":"matchingTag"}} []
[2026-05-19T04:21:04.105719+00:00] main.DEBUG: cache_invalidate:  {"method":"GET","url":"http:/","invalidateInfo":{"tags":["EAV_FORM_customer_account_edit_FORM","FPC","MAGE"],"mode":"matchingTag"}} []
[2026-05-19T04:21:04.105734+00:00] main.DEBUG: cache_invalidate:  {"method":"GET","url":"http:/","invalidateInfo":{"tags":["EAV_FORM_customer_account_edit_FORM","FPC"],"mode":"matchingTag"}} []
[2026-05-19T04:21:04.105754+00:00] main.DEBUG: cache_invalidate:  {"method":"GET","url":"http:/","invalidateInfo":{"tags":["EAV_ATTRIBUTE_customer_lastname","FPC","MAGE"],"mode":"matchingTag"}} []
[2026-05-19T04:21:04.105770+00:00] main.DEBUG: cache_invalidate:  {"method":"GET","url":"http:/","invalidateInfo":{"tags":["EAV_ATTRIBUTE_customer_lastname","FPC"],"mode":"matchingTag"}} []
[2026-05-19T04:21:04.107987+00:00] main.DEBUG: cache_invalidate:  {"method":"GET","url":"http:/","invalidateInfo":{"tags":["EAV","MAGE"],"mode":"matchingTag"}} []
[2026-05-19T04:21:04.108076+00:00] main.DEBUG: cache_invalidate:  {"method":"GET","url":"http:/","invalidateInfo":{"tags":["EAV_ATTRIBUTE","MAGE"],"mode":"matchingTag"}} []
[2026-05-19T04:21:04.108094+00:00] main.DEBUG: cache_invalidate:  {"method":"GET","url":"http:/","invalidateInfo":{"tags":["EAV","EAV_ATTRIBUTE"],"mode":"matchingAnyTag"}} []
[2026-05-19T04:21:04.108373+00:00] main.DEBUG: cache_invalidate:  {"method":"GET","url":"http:/","invalidateInfo":{"tags":["EAV","MAGE"],"mode":"matchingTag"}} []
[2026-05-19T04:21:04.108445+00:00] main.DEBUG: cache_invalidate:  {"method":"GET","url":"http:/","invalidateInfo":{"tags":["EAV_ATTRIBUTE","MAGE"],"mode":"matchingTag"}} []
[2026-05-19T04:21:04.108464+00:00] main.DEBUG: cache_invalidate:  {"method":"GET","url":"http:/","invalidateInfo":{"tags":["EAV","EAV_ATTRIBUTE"],"mode":"matchingAnyTag"}} []
[2026-05-19T04:21:04.108536+00:00] main.DEBUG: cache_invalidate:  {"method":"GET","url":"http:/","invalidateInfo":{"tags":["EAV","MAGE"],"mode":"matchingTag"}} []
[2026-05-19T04:21:04.108611+00:00] main.DEBUG: cache_invalidate:  {"method":"GET","url":"http:/","invalidateInfo":{"tags":["EAV_ATTRIBUTE","MAGE"],"mode":"matchingTag"}} []
[2026-05-19T04:21:04.108632+00:00] main.DEBUG: cache_invalidate:  {"method":"GET","url":"http:/","invalidateInfo":{"tags":["EAV","EAV_ATTRIBUTE"],"mode":"matchingAnyTag"}} []
[2026-05-19T04:21:04.108713+00:00] main.DEBUG: cache_invalidate:  {"method":"GET","url":"http:/","invalidateInfo":{"tags":["EAV_ATTRIBUTE","MAGE"],"mode":"matchingTag"}} []
[2026-05-19T04:21:04.108730+00:00] main.DEBUG: cache_invalidate:  {"method":"GET","url":"http:/","invalidateInfo":{"tags":["EAV_ATTRIBUTE"],"mode":"matchingAnyTag"}} []
[2026-05-19T04:21:04.109100+00:00] main.DEBUG: cache_invalidate:  {"method":"GET","url":"http:/","invalidateInfo":{"tags":["EAV_ATTRIBUTE_6","FPC","MAGE"],"mode":"matchingTag"}} []
[2026-05-19T04:21:04.109124+00:00] main.DEBUG: cache_invalidate:  {"method":"GET","url":"http:/","invalidateInfo":{"tags":["EAV_ATTRIBUTE_6","FPC"],"mode":"matchingTag"}} []
[2026-05-19T04:21:04.109147+00:00] main.DEBUG: cache_invalidate:  {"method":"GET","url":"http:/","invalidateInfo":{"tags":["EAV_ENTITY_TYPES_CUSTOMER_ENTITY","FPC","MAGE"],"mode":"matchingTag"}} []
[2026-05-19T04:21:04.109163+00:00] main.DEBUG: cache_invalidate:  {"method":"GET","url":"http:/","invalidateInfo":{"tags":["EAV_ENTITY_TYPES_CUSTOMER_ENTITY","FPC"],"mode":"matchingTag"}} []
[2026-05-19T04:21:04.109182+00:00] main.DEBUG: cache_invalidate:  {"method":"GET","url":"http:/","invalidateInfo":{"tags":["EAV_FORM_adminhtml_customer_FORM","FPC","MAGE"],"mode":"matchingTag"}} []
[2026-05-19T04:21:04.109198+00:00] main.DEBUG: cache_invalidate:  {"method":"GET","url":"http:/","invalidateInfo":{"tags":["EAV_FORM_adminhtml_customer_FORM","FPC"],"mode":"matchingTag"}} []
[2026-05-19T04:21:04.109217+00:00] main.DEBUG: cache_invalidate:  {"method":"GET","url":"http:/","invalidateInfo":{"tags":["EAV_FORM_customer_account_create_FORM","FPC","MAGE"],"mode":"matchingTag"}} []
[2026-05-19T04:21:04.109241+00:00] main.DEBUG: cache_invalidate:  {"method":"GET","url":"http:/","invalidateInfo":{"tags":["EAV_FORM_customer_account_create_FORM","FPC"],"mode":"matchingTag"}} []
[2026-05-19T04:21:04.109263+00:00] main.DEBUG: cache_invalidate:  {"method":"GET","url":"http:/","invalidateInfo":{"tags":["EAV_FORM_customer_account_edit_FORM","FPC","MAGE"],"mode":"matchingTag"}} []
[2026-05-19T04:21:04.109279+00:00] main.DEBUG: cache_invalidate:  {"method":"GET","url":"http:/","invalidateInfo":{"tags":["EAV_FORM_customer_account_edit_FORM","FPC"],"mode":"matchingTag"}} []
[2026-05-19T04:21:04.109301+00:00] main.DEBUG: cache_invalidate:  {"method":"GET","url":"http:/","invalidateInfo":{"tags":["EAV_ATTRIBUTE_customer_middlename","FPC","MAGE"],"mode":"matchingTag"}} []
[2026-05-19T04:21:04.109316+00:00] main.DEBUG: cache_invalidate:  {"method":"GET","url":"http:/","invalidateInfo":{"tags":["EAV_ATTRIBUTE_customer_middlename","FPC"],"mode":"matchingTag"}} []
[2026-05-19T04:21:04.111169+00:00] main.DEBUG: cache_invalidate:  {"method":"GET","url":"http:/","invalidateInfo":{"tags":["EAV_ATTRIBUTE_23","FPC","MAGE"],"mode":"matchingTag"}} []
[2026-05-19T04:21:04.111196+00:00] main.DEBUG: cache_invalidate:  {"method":"GET","url":"http:/","invalidateInfo":{"tags":["EAV_ATTRIBUTE_23","FPC"],"mode":"matchingTag"}} []
[2026-05-19T04:21:04.111218+00:00] main.DEBUG: cache_invalidate:  {"method":"GET","url":"http:/","invalidateInfo":{"tags":["EAV_ATTRIBUTE_customer_address_firstname","FPC","MAGE"],"mode":"matchingTag"}} []
[2026-05-19T04:21:04.111248+00:00] main.DEBUG: cache_invalidate:  {"method":"GET","url":"http:/","invalidateInfo":{"tags":["EAV_ATTRIBUTE_customer_address_firstname","FPC"],"mode":"matchingTag"}} []
[2026-05-19T04:21:04.111472+00:00] main.DEBUG: cache_invalidate:  {"method":"GET","url":"http:/","invalidateInfo":{"tags":["EAV_ATTRIBUTE_25","FPC","MAGE"],"mode":"matchingTag"}} []
[2026-05-19T04:21:04.111650+00:00] main.DEBUG: cache_invalidate:  {"method":"GET","url":"http:/","invalidateInfo":{"tags":["EAV_ATTRIBUTE_25","FPC"],"mode":"matchingTag"}} []
[2026-05-19T04:21:04.111693+00:00] main.DEBUG: cache_invalidate:  {"method":"GET","url":"http:/","invalidateInfo":{"tags":["EAV_ATTRIBUTE_customer_address_lastname","FPC","MAGE"],"mode":"matchingTag"}} []
[2026-05-19T04:21:04.111714+00:00] main.DEBUG: cache_invalidate:  {"method":"GET","url":"http:/","invalidateInfo":{"tags":["EAV_ATTRIBUTE_customer_address_lastname","FPC"],"mode":"matchingTag"}} []
[2026-05-19T04:21:04.111950+00:00] main.DEBUG: cache_invalidate:  {"method":"GET","url":"http:/","invalidateInfo":{"tags":["EAV_ATTRIBUTE_24","FPC","MAGE"],"mode":"matchingTag"}} []
[2026-05-19T04:21:04.111977+00:00] main.DEBUG: cache_invalidate:  {"method":"GET","url":"http:/","invalidateInfo":{"tags":["EAV_ATTRIBUTE_24","FPC"],"mode":"matchingTag"}} []
[2026-05-19T04:21:04.112000+00:00] main.DEBUG: cache_invalidate:  {"method":"GET","url":"http:/","invalidateInfo":{"tags":["EAV_ATTRIBUTE_customer_address_middlename","FPC","MAGE"],"mode":"matchingTag"}} []
[2026-05-19T04:21:04.112017+00:00] main.DEBUG: cache_invalidate:  {"method":"GET","url":"http:/","invalidateInfo":{"tags":["EAV_ATTRIBUTE_customer_address_middlename","FPC"],"mode":"matchingTag"}} []
[2026-05-19T04:21:04.112165+00:00] main.DEBUG: cache_invalidate:  {"method":"GET","url":"http:/","invalidateInfo":{"tags":["EAV_ATTRIBUTE_5","FPC","MAGE"],"mode":"matchingTag"}} []
[2026-05-19T04:21:04.112184+00:00] main.DEBUG: cache_invalidate:  {"method":"GET","url":"http:/","invalidateInfo":{"tags":["EAV_ATTRIBUTE_5","FPC"],"mode":"matchingTag"}} []
[2026-05-19T04:21:04.112204+00:00] main.DEBUG: cache_invalidate:  {"method":"GET","url":"http:/","invalidateInfo":{"tags":["EAV_ATTRIBUTE_customer_firstname","FPC","MAGE"],"mode":"matchingTag"}} []
[2026-05-19T04:21:04.112220+00:00] main.DEBUG: cache_invalidate:  {"method":"GET","url":"http:/","invalidateInfo":{"tags":["EAV_ATTRIBUTE_customer_firstname","FPC"],"mode":"matchingTag"}} []
[2026-05-19T04:21:04.112436+00:00] main.DEBUG: cache_invalidate:  {"method":"GET","url":"http:/","invalidateInfo":{"tags":["EAV_ATTRIBUTE_7","FPC","MAGE"],"mode":"matchingTag"}} []
[2026-05-19T04:21:04.112458+00:00] main.DEBUG: cache_invalidate:  {"method":"GET","url":"http:/","invalidateInfo":{"tags":["EAV_ATTRIBUTE_7","FPC"],"mode":"matchingTag"}} []
[2026-05-19T04:21:04.112478+00:00] main.DEBUG: cache_invalidate:  {"method":"GET","url":"http:/","invalidateInfo":{"tags":["EAV_ATTRIBUTE_customer_lastname","FPC","MAGE"],"mode":"matchingTag"}} []
[2026-05-19T04:21:04.112495+00:00] main.DEBUG: cache_invalidate:  {"method":"GET","url":"http:/","invalidateInfo":{"tags":["EAV_ATTRIBUTE_customer_lastname","FPC"],"mode":"matchingTag"}} []
[2026-05-19T04:21:04.112633+00:00] main.DEBUG: cache_invalidate:  {"method":"GET","url":"http:/","invalidateInfo":{"tags":["EAV_ATTRIBUTE_6","FPC","MAGE"],"mode":"matchingTag"}} []
[2026-05-19T04:21:04.112652+00:00] main.DEBUG: cache_invalidate:  {"method":"GET","url":"http:/","invalidateInfo":{"tags":["EAV_ATTRIBUTE_6","FPC"],"mode":"matchingTag"}} []
[2026-05-19T04:21:04.112671+00:00] main.DEBUG: cache_invalidate:  {"method":"GET","url":"http:/","invalidateInfo":{"tags":["EAV_ATTRIBUTE_customer_middlename","FPC","MAGE"],"mode":"matchingTag"}} []
[2026-05-19T04:21:04.112687+00:00] main.DEBUG: cache_invalidate:  {"method":"GET","url":"http:/","invalidateInfo":{"tags":["EAV_ATTRIBUTE_customer_middlename","FPC"],"mode":"matchingTag"}} []
[2026-05-19T04:21:04.142324+00:00] main.DEBUG: cache_invalidate:  {"method":"GET","url":"http:/","invalidateInfo":{"tags":["cms_p","MAGE"],"mode":"matchingTag"}} []
[2026-05-19T04:21:04.142380+00:00] main.DEBUG: cache_invalidate:  {"method":"GET","url":"http:/","invalidateInfo":{"tags":["cms_p"],"mode":"matchingAnyTag"}} []
[2026-05-19T04:21:04.142443+00:00] main.DEBUG: cache_invalidate:  {"method":"GET","url":"http:/","invalidateInfo":{"tags":["cms_p_1","GRAPHQL_QUERY_RESOLVER_RESULT","MAGE"],"mode":"matchingTag"}} []
[2026-05-19T04:21:04.142468+00:00] main.DEBUG: cache_invalidate:  {"method":"GET","url":"http:/","invalidateInfo":{"tags":["cms_p_1","GRAPHQL_QUERY_RESOLVER_RESULT"],"mode":"matchingTag"}} []
[2026-05-19T04:21:04.142505+00:00] main.DEBUG: cache_invalidate:  {"method":"GET","url":"http:/","invalidateInfo":{"tags":["cms_p_1","FPC","MAGE"],"mode":"matchingTag"}} []
[2026-05-19T04:21:04.142529+00:00] main.DEBUG: cache_invalidate:  {"method":"GET","url":"http:/","invalidateInfo":{"tags":["cms_p_1","FPC"],"mode":"matchingTag"}} []
[2026-05-19T04:21:04.153442+00:00] main.DEBUG: cache_invalidate:  {"method":"GET","url":"http:/","invalidateInfo":{"tags":["cms_p","MAGE"],"mode":"matchingTag"}} []
[2026-05-19T04:21:04.153496+00:00] main.DEBUG: cache_invalidate:  {"method":"GET","url":"http:/","invalidateInfo":{"tags":["cms_p"],"mode":"matchingAnyTag"}} []
[2026-05-19T04:21:04.153550+00:00] main.DEBUG: cache_invalidate:  {"method":"GET","url":"http:/","invalidateInfo":{"tags":["cms_p_2","GRAPHQL_QUERY_RESOLVER_RESULT","MAGE"],"mode":"matchingTag"}} []
[2026-05-19T04:21:04.153571+00:00] main.DEBUG: cache_invalidate:  {"method":"GET","url":"http:/","invalidateInfo":{"tags":["cms_p_2","GRAPHQL_QUERY_RESOLVER_RESULT"],"mode":"matchingTag"}} []
[2026-05-19T04:21:04.153604+00:00] main.DEBUG: cache_invalidate:  {"method":"GET","url":"http:/","invalidateInfo":{"tags":["cms_p_2","FPC","MAGE"],"mode":"matchingTag"}} []
[2026-05-19T04:21:04.153622+00:00] main.DEBUG: cache_invalidate:  {"method":"GET","url":"http:/","invalidateInfo":{"tags":["cms_p_2","FPC"],"mode":"matchingTag"}} []
[2026-05-19T04:21:04.155098+00:00] main.DEBUG: cache_invalidate:  {"method":"GET","url":"http:/","invalidateInfo":{"tags":["cms_p","MAGE"],"mode":"matchingTag"}} []
[2026-05-19T04:21:04.155133+00:00] main.DEBUG: cache_invalidate:  {"method":"GET","url":"http:/","invalidateInfo":{"tags":["cms_p"],"mode":"matchingAnyTag"}} []
[2026-05-19T04:21:04.155178+00:00] main.DEBUG: cache_invalidate:  {"method":"GET","url":"http:/","invalidateInfo":{"tags":["cms_p_3","GRAPHQL_QUERY_RESOLVER_RESULT","MAGE"],"mode":"matchingTag"}} []
[2026-05-19T04:21:04.155196+00:00] main.DEBUG: cache_invalidate:  {"method":"GET","url":"http:/","invalidateInfo":{"tags":["cms_p_3","GRAPHQL_QUERY_RESOLVER_RESULT"],"mode":"matchingTag"}} []
[2026-05-19T04:21:04.155225+00:00] main.DEBUG: cache_invalidate:  {"method":"GET","url":"http:/","invalidateInfo":{"tags":["cms_p_3","FPC","MAGE"],"mode":"matchingTag"}} []
[2026-05-19T04:21:04.155257+00:00] main.DEBUG: cache_invalidate:  {"method":"GET","url":"http:/","invalidateInfo":{"tags":["cms_p_3","FPC"],"mode":"matchingTag"}} []
[2026-05-19T04:21:04.157090+00:00] main.DEBUG: cache_invalidate:  {"method":"GET","url":"http:/","invalidateInfo":{"tags":["cms_p","MAGE"],"mode":"matchingTag"}} []
[2026-05-19T04:21:04.157123+00:00] main.DEBUG: cache_invalidate:  {"method":"GET","url":"http:/","invalidateInfo":{"tags":["cms_p"],"mode":"matchingAnyTag"}} []
[2026-05-19T04:21:04.157163+00:00] main.DEBUG: cache_invalidate:  {"method":"GET","url":"http:/","invalidateInfo":{"tags":["cms_p_4","GRAPHQL_QUERY_RESOLVER_RESULT","MAGE"],"mode":"matchingTag"}} []
[2026-05-19T04:21:04.157181+00:00] main.DEBUG: cache_invalidate:  {"method":"GET","url":"http:/","invalidateInfo":{"tags":["cms_p_4","GRAPHQL_QUERY_RESOLVER_RESULT"],"mode":"matchingTag"}} []
[2026-05-19T04:21:04.157210+00:00] main.DEBUG: cache_invalidate:  {"method":"GET","url":"http:/","invalidateInfo":{"tags":["cms_p_4","FPC","MAGE"],"mode":"matchingTag"}} []
[2026-05-19T04:21:04.157227+00:00] main.DEBUG: cache_invalidate:  {"method":"GET","url":"http:/","invalidateInfo":{"tags":["cms_p_4","FPC"],"mode":"matchingTag"}} []
[2026-05-19T04:21:04.163181+00:00] main.DEBUG: cache_invalidate:  {"method":"GET","url":"http:/","invalidateInfo":{"tags":["cms_p_1","FPC","MAGE"],"mode":"matchingTag"}} []
[2026-05-19T04:21:04.163241+00:00] main.DEBUG: cache_invalidate:  {"method":"GET","url":"http:/","invalidateInfo":{"tags":["cms_p_1","FPC"],"mode":"matchingTag"}} []
[2026-05-19T04:21:04.163296+00:00] main.DEBUG: cache_invalidate:  {"method":"GET","url":"http:/","invalidateInfo":{"tags":["cms_p_2","FPC","MAGE"],"mode":"matchingTag"}} []
[2026-05-19T04:21:04.163315+00:00] main.DEBUG: cache_invalidate:  {"method":"GET","url":"http:/","invalidateInfo":{"tags":["cms_p_2","FPC"],"mode":"matchingTag"}} []
[2026-05-19T04:21:04.163345+00:00] main.DEBUG: cache_invalidate:  {"method":"GET","url":"http:/","invalidateInfo":{"tags":["cms_p_3","FPC","MAGE"],"mode":"matchingTag"}} []
[2026-05-19T04:21:04.163363+00:00] main.DEBUG: cache_invalidate:  {"method":"GET","url":"http:/","invalidateInfo":{"tags":["cms_p_3","FPC"],"mode":"matchingTag"}} []
[2026-05-19T04:21:04.163392+00:00] main.DEBUG: cache_invalidate:  {"method":"GET","url":"http:/","invalidateInfo":{"tags":["cms_p_4","FPC","MAGE"],"mode":"matchingTag"}} []
[2026-05-19T04:21:04.163409+00:00] main.DEBUG: cache_invalidate:  {"method":"GET","url":"http:/","invalidateInfo":{"tags":["cms_p_4","FPC"],"mode":"matchingTag"}} []
[2026-05-19T04:21:04.168645+00:00] main.DEBUG: cache_invalidate:  {"method":"GET","url":"http:/","invalidateInfo":{"tags":["cms_p","MAGE"],"mode":"matchingTag"}} []
[2026-05-19T04:21:04.168694+00:00] main.DEBUG: cache_invalidate:  {"method":"GET","url":"http:/","invalidateInfo":{"tags":["cms_p"],"mode":"matchingAnyTag"}} []
[2026-05-19T04:21:04.168751+00:00] main.DEBUG: cache_invalidate:  {"method":"GET","url":"http:/","invalidateInfo":{"tags":["cms_p_4","GRAPHQL_QUERY_RESOLVER_RESULT","MAGE"],"mode":"matchingTag"}} []
[2026-05-19T04:21:04.168776+00:00] main.DEBUG: cache_invalidate:  {"method":"GET","url":"http:/","invalidateInfo":{"tags":["cms_p_4","GRAPHQL_QUERY_RESOLVER_RESULT"],"mode":"matchingTag"}} []
[2026-05-19T04:21:04.168809+00:00] main.DEBUG: cache_invalidate:  {"method":"GET","url":"http:/","invalidateInfo":{"tags":["cms_p_4","FPC","MAGE"],"mode":"matchingTag"}} []
[2026-05-19T04:21:04.168826+00:00] main.DEBUG: cache_invalidate:  {"method":"GET","url":"http:/","invalidateInfo":{"tags":["cms_p_4","FPC"],"mode":"matchingTag"}} []
[2026-05-19T04:21:04.172265+00:00] main.DEBUG: cache_invalidate:  {"method":"GET","url":"http:/","invalidateInfo":{"tags":["cms_p_4","FPC","MAGE"],"mode":"matchingTag"}} []
[2026-05-19T04:21:04.172300+00:00] main.DEBUG: cache_invalidate:  {"method":"GET","url":"http:/","invalidateInfo":{"tags":["cms_p_4","FPC"],"mode":"matchingTag"}} []
[2026-05-19T04:21:04.194341+00:00] main.DEBUG: cache_invalidate:  {"method":"GET","url":"http:/","invalidateInfo":{"tags":["EAV","MAGE"],"mode":"matchingTag"}} []
[2026-05-19T04:21:04.194397+00:00] main.DEBUG: cache_invalidate:  {"method":"GET","url":"http:/","invalidateInfo":{"tags":["EAV"],"mode":"matchingAnyTag"}} []
[2026-05-19T04:21:04.196171+00:00] main.DEBUG: cache_invalidate:  {"method":"GET","url":"http:/","invalidateInfo":{"tags":["EAV","MAGE"],"mode":"matchingTag"}} []
[2026-05-19T04:21:04.196278+00:00] main.DEBUG: cache_invalidate:  {"method":"GET","url":"http:/","invalidateInfo":{"tags":["EAV_ATTRIBUTE","MAGE"],"mode":"matchingTag"}} []
[2026-05-19T04:21:04.196301+00:00] main.DEBUG: cache_invalidate:  {"method":"GET","url":"http:/","invalidateInfo":{"tags":["EAV","EAV_ATTRIBUTE"],"mode":"matchingAnyTag"}} []
[2026-05-19T04:21:04.232712+00:00] main.DEBUG: cache_invalidate:  {"method":"GET","url":"http:/","invalidateInfo":{"tags":["EAV","MAGE"],"mode":"matchingTag"}} []
[2026-05-19T04:21:04.232843+00:00] main.DEBUG: cache_invalidate:  {"method":"GET","url":"http:/","invalidateInfo":{"tags":["EAV_ATTRIBUTE","MAGE"],"mode":"matchingTag"}} []
[2026-05-19T04:21:04.232865+00:00] main.DEBUG: cache_invalidate:  {"method":"GET","url":"http:/","invalidateInfo":{"tags":["EAV","EAV_ATTRIBUTE"],"mode":"matchingAnyTag"}} []
[2026-05-19T04:21:04.335284+00:00] main.DEBUG: cache_invalidate:  {"method":"GET","url":"http:/","invalidateInfo":{"tags":["cat_c_1","MAGE"],"mode":"matchingTag"}} []
[2026-05-19T04:21:04.335361+00:00] main.DEBUG: cache_invalidate:  {"method":"GET","url":"http:/","invalidateInfo":{"tags":["cat_c_p_1","MAGE"],"mode":"matchingTag"}} []
[2026-05-19T04:21:04.335392+00:00] main.DEBUG: cache_invalidate:  {"method":"GET","url":"http:/","invalidateInfo":{"tags":["cat_c","MAGE"],"mode":"matchingTag"}} []
[2026-05-19T04:21:04.335410+00:00] main.DEBUG: cache_invalidate:  {"method":"GET","url":"http:/","invalidateInfo":{"tags":["cat_c_1","cat_c_p_1","cat_c"],"mode":"matchingAnyTag"}} []
[2026-05-19T04:21:04.335492+00:00] main.DEBUG: cache_invalidate:  {"method":"GET","url":"http:/","invalidateInfo":{"tags":["cat_c_1","FPC","MAGE"],"mode":"matchingTag"}} []
[2026-05-19T04:21:04.335511+00:00] main.DEBUG: cache_invalidate:  {"method":"GET","url":"http:/","invalidateInfo":{"tags":["cat_c_1","FPC"],"mode":"matchingTag"}} []
[2026-05-19T04:21:04.335531+00:00] main.DEBUG: cache_invalidate:  {"method":"GET","url":"http:/","invalidateInfo":{"tags":["cat_c_p_1","FPC","MAGE"],"mode":"matchingTag"}} []
[2026-05-19T04:21:04.335547+00:00] main.DEBUG: cache_invalidate:  {"method":"GET","url":"http:/","invalidateInfo":{"tags":["cat_c_p_1","FPC"],"mode":"matchingTag"}} []
[2026-05-19T04:21:04.335566+00:00] main.DEBUG: cache_invalidate:  {"method":"GET","url":"http:/","invalidateInfo":{"tags":["cat_c","FPC","MAGE"],"mode":"matchingTag"}} []
[2026-05-19T04:21:04.335583+00:00] main.DEBUG: cache_invalidate:  {"method":"GET","url":"http:/","invalidateInfo":{"tags":["cat_c","FPC"],"mode":"matchingTag"}} []
[2026-05-19T04:21:04.340181+00:00] main.DEBUG: cache_invalidate:  {"method":"GET","url":"http:/","invalidateInfo":{"tags":["cat_c_1","MAGE"],"mode":"matchingTag"}} []
[2026-05-19T04:21:04.340251+00:00] main.DEBUG: cache_invalidate:  {"method":"GET","url":"http:/","invalidateInfo":{"tags":["cat_c","MAGE"],"mode":"matchingTag"}} []
[2026-05-19T04:21:04.340278+00:00] main.DEBUG: cache_invalidate:  {"method":"GET","url":"http:/","invalidateInfo":{"tags":["cat_c_p_1","MAGE"],"mode":"matchingTag"}} []
[2026-05-19T04:21:04.340297+00:00] main.DEBUG: cache_invalidate:  {"method":"GET","url":"http:/","invalidateInfo":{"tags":["cat_c_1","cat_c","cat_c_p_1"],"mode":"matchingAnyTag"}} []
[2026-05-19T04:21:04.340317+00:00] main.DEBUG: cache_invalidate:  {"method":"GET","url":"http:/","invalidateInfo":{"tags":["cat_c_1","MAGE"],"mode":"matchingTag"}} []
[2026-05-19T04:21:04.340336+00:00] main.DEBUG: cache_invalidate:  {"method":"GET","url":"http:/","invalidateInfo":{"tags":["cat_c","MAGE"],"mode":"matchingTag"}} []
[2026-05-19T04:21:04.340355+00:00] main.DEBUG: cache_invalidate:  {"method":"GET","url":"http:/","invalidateInfo":{"tags":["cat_c_p_1","MAGE"],"mode":"matchingTag"}} []
[2026-05-19T04:21:04.340370+00:00] main.DEBUG: cache_invalidate:  {"method":"GET","url":"http:/","invalidateInfo":{"tags":["cat_c_1","cat_c","cat_c_p_1"],"mode":"matchingAnyTag"}} []
[2026-05-19T04:21:04.345688+00:00] main.DEBUG: cache_invalidate:  {"method":"GET","url":"http:/","invalidateInfo":{"tags":["cat_c_2","MAGE"],"mode":"matchingTag"}} []
[2026-05-19T04:21:04.345774+00:00] main.DEBUG: cache_invalidate:  {"method":"GET","url":"http:/","invalidateInfo":{"tags":["cat_c_p_2","MAGE"],"mode":"matchingTag"}} []
[2026-05-19T04:21:04.345802+00:00] main.DEBUG: cache_invalidate:  {"method":"GET","url":"http:/","invalidateInfo":{"tags":["cat_c_p_1","MAGE"],"mode":"matchingTag"}} []
[2026-05-19T04:21:04.345824+00:00] main.DEBUG: cache_invalidate:  {"method":"GET","url":"http:/","invalidateInfo":{"tags":["cat_c","MAGE"],"mode":"matchingTag"}} []
[2026-05-19T04:21:04.345842+00:00] main.DEBUG: cache_invalidate:  {"method":"GET","url":"http:/","invalidateInfo":{"tags":{"0":"cat_c_2","1":"cat_c_p_2","2":"cat_c_p_1","4":"cat_c"},"mode":"matchingAnyTag"}} []
[2026-05-19T04:21:04.345934+00:00] main.DEBUG: cache_invalidate:  {"method":"GET","url":"http:/","invalidateInfo":{"tags":["cat_c_2","FPC","MAGE"],"mode":"matchingTag"}} []
[2026-05-19T04:21:04.345953+00:00] main.DEBUG: cache_invalidate:  {"method":"GET","url":"http:/","invalidateInfo":{"tags":["cat_c_2","FPC"],"mode":"matchingTag"}} []
[2026-05-19T04:21:04.345974+00:00] main.DEBUG: cache_invalidate:  {"method":"GET","url":"http:/","invalidateInfo":{"tags":["cat_c_p_2","FPC","MAGE"],"mode":"matchingTag"}} []
[2026-05-19T04:21:04.345998+00:00] main.DEBUG: cache_invalidate:  {"method":"GET","url":"http:/","invalidateInfo":{"tags":["cat_c_p_2","FPC"],"mode":"matchingTag"}} []
[2026-05-19T04:21:04.346018+00:00] main.DEBUG: cache_invalidate:  {"method":"GET","url":"http:/","invalidateInfo":{"tags":["cat_c_p_1","FPC","MAGE"],"mode":"matchingTag"}} []
[2026-05-19T04:21:04.346034+00:00] main.DEBUG: cache_invalidate:  {"method":"GET","url":"http:/","invalidateInfo":{"tags":["cat_c_p_1","FPC"],"mode":"matchingTag"}} []
[2026-05-19T04:21:04.346053+00:00] main.DEBUG: cache_invalidate:  {"method":"GET","url":"http:/","invalidateInfo":{"tags":["cat_c","FPC","MAGE"],"mode":"matchingTag"}} []
[2026-05-19T04:21:04.346070+00:00] main.DEBUG: cache_invalidate:  {"method":"GET","url":"http:/","invalidateInfo":{"tags":["cat_c","FPC"],"mode":"matchingTag"}} []
[2026-05-19T04:21:04.346175+00:00] main.DEBUG: cache_invalidate:  {"method":"GET","url":"http:/","invalidateInfo":{"tags":["cat_c_2","MAGE"],"mode":"matchingTag"}} []
[2026-05-19T04:21:04.346199+00:00] main.DEBUG: cache_invalidate:  {"method":"GET","url":"http:/","invalidateInfo":{"tags":["cat_c_p_1","MAGE"],"mode":"matchingTag"}} []
[2026-05-19T04:21:04.346219+00:00] main.DEBUG: cache_invalidate:  {"method":"GET","url":"http:/","invalidateInfo":{"tags":["cat_c_p_2","MAGE"],"mode":"matchingTag"}} []
[2026-05-19T04:21:04.346257+00:00] main.DEBUG: cache_invalidate:  {"method":"GET","url":"http:/","invalidateInfo":{"tags":["cat_c","MAGE"],"mode":"matchingTag"}} []
[2026-05-19T04:21:04.346274+00:00] main.DEBUG: cache_invalidate:  {"method":"GET","url":"http:/","invalidateInfo":{"tags":["cat_c_2","cat_c_p_1","cat_c_p_2","cat_c"],"mode":"matchingAnyTag"}} []
[2026-05-19T04:21:04.346294+00:00] main.DEBUG: cache_invalidate:  {"method":"GET","url":"http:/","invalidateInfo":{"tags":["cat_c_2","MAGE"],"mode":"matchingTag"}} []
[2026-05-19T04:21:04.346313+00:00] main.DEBUG: cache_invalidate:  {"method":"GET","url":"http:/","invalidateInfo":{"tags":["cat_c_p_1","MAGE"],"mode":"matchingTag"}} []
[2026-05-19T04:21:04.346331+00:00] main.DEBUG: cache_invalidate:  {"method":"GET","url":"http:/","invalidateInfo":{"tags":["cat_c_p_2","MAGE"],"mode":"matchingTag"}} []
[2026-05-19T04:21:04.346350+00:00] main.DEBUG: cache_invalidate:  {"method":"GET","url":"http:/","invalidateInfo":{"tags":["cat_c","MAGE"],"mode":"matchingTag"}} []
[2026-05-19T04:21:04.346366+00:00] main.DEBUG: cache_invalidate:  {"method":"GET","url":"http:/","invalidateInfo":{"tags":["cat_c_2","cat_c_p_1","cat_c_p_2","cat_c"],"mode":"matchingAnyTag"}} []
[2026-05-19T04:21:04.361983+00:00] main.DEBUG: cache_invalidate:  {"method":"GET","url":"http:/","invalidateInfo":{"tags":["cat_c_1","FPC","MAGE"],"mode":"matchingTag"}} []
[2026-05-19T04:21:04.362045+00:00] main.DEBUG: cache_invalidate:  {"method":"GET","url":"http:/","invalidateInfo":{"tags":["cat_c_1","FPC"],"mode":"matchingTag"}} []
[2026-05-19T04:21:04.362073+00:00] main.DEBUG: cache_invalidate:  {"method":"GET","url":"http:/","invalidateInfo":{"tags":["cat_c","FPC","MAGE"],"mode":"matchingTag"}} []
[2026-05-19T04:21:04.362091+00:00] main.DEBUG: cache_invalidate:  {"method":"GET","url":"http:/","invalidateInfo":{"tags":["cat_c","FPC"],"mode":"matchingTag"}} []
[2026-05-19T04:21:04.362110+00:00] main.DEBUG: cache_invalidate:  {"method":"GET","url":"http:/","invalidateInfo":{"tags":["cat_c_p_1","FPC","MAGE"],"mode":"matchingTag"}} []
[2026-05-19T04:21:04.362126+00:00] main.DEBUG: cache_invalidate:  {"method":"GET","url":"http:/","invalidateInfo":{"tags":["cat_c_p_1","FPC"],"mode":"matchingTag"}} []
[2026-05-19T04:21:04.362446+00:00] main.DEBUG: cache_invalidate:  {"method":"GET","url":"http:/","invalidateInfo":{"tags":["cat_c_2","FPC","MAGE"],"mode":"matchingTag"}} []
[2026-05-19T04:21:04.362487+00:00] main.DEBUG: cache_invalidate:  {"method":"GET","url":"http:/","invalidateInfo":{"tags":["cat_c_2","FPC"],"mode":"matchingTag"}} []
[2026-05-19T04:21:04.362515+00:00] main.DEBUG: cache_invalidate:  {"method":"GET","url":"http:/","invalidateInfo":{"tags":["cat_c_p_1","FPC","MAGE"],"mode":"matchingTag"}} []
[2026-05-19T04:21:04.362540+00:00] main.DEBUG: cache_invalidate:  {"method":"GET","url":"http:/","invalidateInfo":{"tags":["cat_c_p_1","FPC"],"mode":"matchingTag"}} []
[2026-05-19T04:21:04.362562+00:00] main.DEBUG: cache_invalidate:  {"method":"GET","url":"http:/","invalidateInfo":{"tags":["cat_c_p_2","FPC","MAGE"],"mode":"matchingTag"}} []
[2026-05-19T04:21:04.362579+00:00] main.DEBUG: cache_invalidate:  {"method":"GET","url":"http:/","invalidateInfo":{"tags":["cat_c_p_2","FPC"],"mode":"matchingTag"}} []
[2026-05-19T04:21:04.362599+00:00] main.DEBUG: cache_invalidate:  {"method":"GET","url":"http:/","invalidateInfo":{"tags":["cat_c","FPC","MAGE"],"mode":"matchingTag"}} []
[2026-05-19T04:21:04.362615+00:00] main.DEBUG: cache_invalidate:  {"method":"GET","url":"http:/","invalidateInfo":{"tags":["cat_c","FPC"],"mode":"matchingTag"}} []
[2026-05-19T04:21:04.544006+00:00] main.DEBUG: cache_invalidate:  {"method":"GET","url":"http:/","invalidateInfo":{"tags":["EAV","MAGE"],"mode":"matchingTag"}} []
[2026-05-19T04:21:04.544063+00:00] main.DEBUG: cache_invalidate:  {"method":"GET","url":"http:/","invalidateInfo":{"tags":["EAV"],"mode":"matchingAnyTag"}} []
[2026-05-19T04:21:04.545715+00:00] main.DEBUG: cache_invalidate:  {"method":"GET","url":"http:/","invalidateInfo":{"tags":["EAV","MAGE"],"mode":"matchingTag"}} []
[2026-05-19T04:21:04.545816+00:00] main.DEBUG: cache_invalidate:  {"method":"GET","url":"http:/","invalidateInfo":{"tags":["EAV_ATTRIBUTE","MAGE"],"mode":"matchingTag"}} []
[2026-05-19T04:21:04.545840+00:00] main.DEBUG: cache_invalidate:  {"method":"GET","url":"http:/","invalidateInfo":{"tags":["EAV","EAV_ATTRIBUTE"],"mode":"matchingAnyTag"}} []
[2026-05-19T04:21:04.547341+00:00] main.DEBUG: cache_invalidate:  {"method":"GET","url":"http:/","invalidateInfo":{"tags":["EAV","MAGE"],"mode":"matchingTag"}} []
[2026-05-19T04:21:04.547425+00:00] main.DEBUG: cache_invalidate:  {"method":"GET","url":"http:/","invalidateInfo":{"tags":["EAV_ATTRIBUTE","MAGE"],"mode":"matchingTag"}} []
[2026-05-19T04:21:04.547445+00:00] main.DEBUG: cache_invalidate:  {"method":"GET","url":"http:/","invalidateInfo":{"tags":["EAV","EAV_ATTRIBUTE"],"mode":"matchingAnyTag"}} []
[2026-05-19T04:21:04.548681+00:00] main.DEBUG: cache_invalidate:  {"method":"GET","url":"http:/","invalidateInfo":{"tags":["EAV","MAGE"],"mode":"matchingTag"}} []
[2026-05-19T04:21:04.548779+00:00] main.DEBUG: cache_invalidate:  {"method":"GET","url":"http:/","invalidateInfo":{"tags":["EAV_ATTRIBUTE","MAGE"],"mode":"matchingTag"}} []
[2026-05-19T04:21:04.548803+00:00] main.DEBUG: cache_invalidate:  {"method":"GET","url":"http:/","invalidateInfo":{"tags":["EAV","EAV_ATTRIBUTE"],"mode":"matchingAnyTag"}} []
[2026-05-19T04:21:04.550058+00:00] main.DEBUG: cache_invalidate:  {"method":"GET","url":"http:/","invalidateInfo":{"tags":["EAV","MAGE"],"mode":"matchingTag"}} []
[2026-05-19T04:21:04.550134+00:00] main.DEBUG: cache_invalidate:  {"method":"GET","url":"http:/","invalidateInfo":{"tags":["EAV_ATTRIBUTE","MAGE"],"mode":"matchingTag"}} []
[2026-05-19T04:21:04.550152+00:00] main.DEBUG: cache_invalidate:  {"method":"GET","url":"http:/","invalidateInfo":{"tags":["EAV","EAV_ATTRIBUTE"],"mode":"matchingAnyTag"}} []
[2026-05-19T04:21:04.563744+00:00] main.DEBUG: cache_invalidate:  {"method":"GET","url":"http:/","invalidateInfo":{"tags":["EAV","MAGE"],"mode":"matchingTag"}} []
[2026-05-19T04:21:04.563857+00:00] main.DEBUG: cache_invalidate:  {"method":"GET","url":"http:/","invalidateInfo":{"tags":["EAV_ATTRIBUTE","MAGE"],"mode":"matchingTag"}} []
[2026-05-19T04:21:04.563880+00:00] main.DEBUG: cache_invalidate:  {"method":"GET","url":"http:/","invalidateInfo":{"tags":["EAV","EAV_ATTRIBUTE"],"mode":"matchingAnyTag"}} []
[2026-05-19T04:21:04.572056+00:00] main.DEBUG: cache_invalidate:  {"method":"GET","url":"http:/","invalidateInfo":{"tags":["EAV","MAGE"],"mode":"matchingTag"}} []
[2026-05-19T04:21:04.572158+00:00] main.DEBUG: cache_invalidate:  {"method":"GET","url":"http:/","invalidateInfo":{"tags":["EAV_ATTRIBUTE","MAGE"],"mode":"matchingTag"}} []
[2026-05-19T04:21:04.572182+00:00] main.DEBUG: cache_invalidate:  {"method":"GET","url":"http:/","invalidateInfo":{"tags":["EAV","EAV_ATTRIBUTE"],"mode":"matchingAnyTag"}} []
[2026-05-19T04:21:04.576833+00:00] main.DEBUG: cache_invalidate:  {"method":"GET","url":"http:/","invalidateInfo":{"tags":["EAV","MAGE"],"mode":"matchingTag"}} []
[2026-05-19T04:21:04.576921+00:00] main.DEBUG: cache_invalidate:  {"method":"GET","url":"http:/","invalidateInfo":{"tags":["EAV_ATTRIBUTE","MAGE"],"mode":"matchingTag"}} []
[2026-05-19T04:21:04.576939+00:00] main.DEBUG: cache_invalidate:  {"method":"GET","url":"http:/","invalidateInfo":{"tags":["EAV","EAV_ATTRIBUTE"],"mode":"matchingAnyTag"}} []
[2026-05-19T04:21:04.578445+00:00] main.DEBUG: cache_invalidate:  {"method":"GET","url":"http:/","invalidateInfo":{"tags":["EAV","MAGE"],"mode":"matchingTag"}} []
[2026-05-19T04:21:04.578541+00:00] main.DEBUG: cache_invalidate:  {"method":"GET","url":"http:/","invalidateInfo":{"tags":["EAV_ATTRIBUTE","MAGE"],"mode":"matchingTag"}} []
[2026-05-19T04:21:04.578564+00:00] main.DEBUG: cache_invalidate:  {"method":"GET","url":"http:/","invalidateInfo":{"tags":["EAV","EAV_ATTRIBUTE"],"mode":"matchingAnyTag"}} []
[2026-05-19T04:21:04.710272+00:00] main.DEBUG: cache_invalidate:  {"method":"GET","url":"http:/","invalidateInfo":{"tags":["EAV","MAGE"],"mode":"matchingTag"}} []
[2026-05-19T04:21:04.710391+00:00] main.DEBUG: cache_invalidate:  {"method":"GET","url":"http:/","invalidateInfo":{"tags":["EAV_ATTRIBUTE","MAGE"],"mode":"matchingTag"}} []
[2026-05-19T04:21:04.710413+00:00] main.DEBUG: cache_invalidate:  {"method":"GET","url":"http:/","invalidateInfo":{"tags":["EAV","EAV_ATTRIBUTE"],"mode":"matchingAnyTag"}} []
[2026-05-19T04:21:04.710785+00:00] main.DEBUG: cache_invalidate:  {"method":"GET","url":"http:/","invalidateInfo":{"tags":["EAV","MAGE"],"mode":"matchingTag"}} []
[2026-05-19T04:21:04.710880+00:00] main.DEBUG: cache_invalidate:  {"method":"GET","url":"http:/","invalidateInfo":{"tags":["EAV_ATTRIBUTE","MAGE"],"mode":"matchingTag"}} []
[2026-05-19T04:21:04.710913+00:00] main.DEBUG: cache_invalidate:  {"method":"GET","url":"http:/","invalidateInfo":{"tags":["EAV","EAV_ATTRIBUTE"],"mode":"matchingAnyTag"}} []
[2026-05-19T04:21:04.711030+00:00] main.DEBUG: cache_invalidate:  {"method":"GET","url":"http:/","invalidateInfo":{"tags":["EAV_ATTRIBUTE","MAGE"],"mode":"matchingTag"}} []
[2026-05-19T04:21:04.711049+00:00] main.DEBUG: cache_invalidate:  {"method":"GET","url":"http:/","invalidateInfo":{"tags":["EAV_ATTRIBUTE"],"mode":"matchingAnyTag"}} []
[2026-05-19T04:21:04.711448+00:00] main.DEBUG: cache_invalidate:  {"method":"GET","url":"http:/","invalidateInfo":{"tags":["EAV_ATTRIBUTE_74","FPC","MAGE"],"mode":"matchingTag"}} []
[2026-05-19T04:21:04.711511+00:00] main.DEBUG: cache_invalidate:  {"method":"GET","url":"http:/","invalidateInfo":{"tags":["EAV_ATTRIBUTE_74","FPC"],"mode":"matchingTag"}} []
[2026-05-19T04:21:04.711541+00:00] main.DEBUG: cache_invalidate:  {"method":"GET","url":"http:/","invalidateInfo":{"tags":["EAV_ENTITY_TYPES_CATALOG_PRODUCT_ENTITY","FPC","MAGE"],"mode":"matchingTag"}} []
[2026-05-19T04:21:04.711559+00:00] main.DEBUG: cache_invalidate:  {"method":"GET","url":"http:/","invalidateInfo":{"tags":["EAV_ENTITY_TYPES_CATALOG_PRODUCT_ENTITY","FPC"],"mode":"matchingTag"}} []
[2026-05-19T04:21:04.711582+00:00] main.DEBUG: cache_invalidate:  {"method":"GET","url":"http:/","invalidateInfo":{"tags":["EAV_ATTRIBUTE_catalog_product_sku","FPC","MAGE"],"mode":"matchingTag"}} []
[2026-05-19T04:21:04.711600+00:00] main.DEBUG: cache_invalidate:  {"method":"GET","url":"http:/","invalidateInfo":{"tags":["EAV_ATTRIBUTE_catalog_product_sku","FPC"],"mode":"matchingTag"}} []
[2026-05-19T04:21:04.711894+00:00] main.DEBUG: cache_invalidate:  {"method":"GET","url":"http:/","invalidateInfo":{"identifier":"request_declaration"}} []
[2026-05-19T04:21:04.711917+00:00] main.DEBUG: cache_invalidate:  {"method":"GET","url":"http:/","invalidateInfo":{"identifier":"request_declaration"}} []
[2026-05-19T04:21:04.715725+00:00] main.DEBUG: cache_invalidate:  {"method":"GET","url":"http:/","invalidateInfo":{"identifier":"request_declaration"}} []
[2026-05-19T04:21:04.715762+00:00] main.DEBUG: cache_invalidate:  {"method":"GET","url":"http:/","invalidateInfo":{"identifier":"request_declaration"}} []
[2026-05-19T04:21:04.721661+00:00] main.DEBUG: cache_invalidate:  {"method":"GET","url":"http:/","invalidateInfo":{"tags":["EAV","MAGE"],"mode":"matchingTag"}} []
[2026-05-19T04:21:04.721771+00:00] main.DEBUG: cache_invalidate:  {"method":"GET","url":"http:/","invalidateInfo":{"tags":["EAV_ATTRIBUTE","MAGE"],"mode":"matchingTag"}} []
[2026-05-19T04:21:04.721793+00:00] main.DEBUG: cache_invalidate:  {"method":"GET","url":"http:/","invalidateInfo":{"tags":["EAV","EAV_ATTRIBUTE"],"mode":"matchingAnyTag"}} []
[2026-05-19T04:21:04.722592+00:00] main.DEBUG: cache_invalidate:  {"method":"GET","url":"http:/","invalidateInfo":{"tags":["EAV","MAGE"],"mode":"matchingTag"}} []
[2026-05-19T04:21:04.722699+00:00] main.DEBUG: cache_invalidate:  {"method":"GET","url":"http:/","invalidateInfo":{"tags":["EAV_ATTRIBUTE","MAGE"],"mode":"matchingTag"}} []
[2026-05-19T04:21:04.722719+00:00] main.DEBUG: cache_invalidate:  {"method":"GET","url":"http:/","invalidateInfo":{"tags":["EAV","EAV_ATTRIBUTE"],"mode":"matchingAnyTag"}} []
[2026-05-19T04:21:04.722824+00:00] main.DEBUG: cache_invalidate:  {"method":"GET","url":"http:/","invalidateInfo":{"tags":["EAV_ATTRIBUTE","MAGE"],"mode":"matchingTag"}} []
[2026-05-19T04:21:04.722842+00:00] main.DEBUG: cache_invalidate:  {"method":"GET","url":"http:/","invalidateInfo":{"tags":["EAV_ATTRIBUTE"],"mode":"matchingAnyTag"}} []
[2026-05-19T04:21:04.723280+00:00] main.DEBUG: cache_invalidate:  {"method":"GET","url":"http:/","invalidateInfo":{"tags":["EAV_ATTRIBUTE_73","FPC","MAGE"],"mode":"matchingTag"}} []
[2026-05-19T04:21:04.723311+00:00] main.DEBUG: cache_invalidate:  {"method":"GET","url":"http:/","invalidateInfo":{"tags":["EAV_ATTRIBUTE_73","FPC"],"mode":"matchingTag"}} []
[2026-05-19T04:21:04.723333+00:00] main.DEBUG: cache_invalidate:  {"method":"GET","url":"http:/","invalidateInfo":{"tags":["EAV_ENTITY_TYPES_CATALOG_PRODUCT_ENTITY","FPC","MAGE"],"mode":"matchingTag"}} []
[2026-05-19T04:21:04.723350+00:00] main.DEBUG: cache_invalidate:  {"method":"GET","url":"http:/","invalidateInfo":{"tags":["EAV_ENTITY_TYPES_CATALOG_PRODUCT_ENTITY","FPC"],"mode":"matchingTag"}} []
[2026-05-19T04:21:04.723370+00:00] main.DEBUG: cache_invalidate:  {"method":"GET","url":"http:/","invalidateInfo":{"tags":["EAV_ATTRIBUTE_catalog_product_name","FPC","MAGE"],"mode":"matchingTag"}} []
[2026-05-19T04:21:04.723386+00:00] main.DEBUG: cache_invalidate:  {"method":"GET","url":"http:/","invalidateInfo":{"tags":["EAV_ATTRIBUTE_catalog_product_name","FPC"],"mode":"matchingTag"}} []
[2026-05-19T04:21:04.723565+00:00] main.DEBUG: cache_invalidate:  {"method":"GET","url":"http:/","invalidateInfo":{"identifier":"request_declaration"}} []
[2026-05-19T04:21:04.723584+00:00] main.DEBUG: cache_invalidate:  {"method":"GET","url":"http:/","invalidateInfo":{"identifier":"request_declaration"}} []
[2026-05-19T04:21:04.728052+00:00] main.DEBUG: cache_invalidate:  {"method":"GET","url":"http:/","invalidateInfo":{"identifier":"request_declaration"}} []
[2026-05-19T04:21:04.728102+00:00] main.DEBUG: cache_invalidate:  {"method":"GET","url":"http:/","invalidateInfo":{"identifier":"request_declaration"}} []
[2026-05-19T04:21:04.734336+00:00] main.DEBUG: cache_invalidate:  {"method":"GET","url":"http:/","invalidateInfo":{"tags":["EAV_ATTRIBUTE_74","FPC","MAGE"],"mode":"matchingTag"}} []
[2026-05-19T04:21:04.734391+00:00] main.DEBUG: cache_invalidate:  {"method":"GET","url":"http:/","invalidateInfo":{"tags":["EAV_ATTRIBUTE_74","FPC"],"mode":"matchingTag"}} []
[2026-05-19T04:21:04.734419+00:00] main.DEBUG: cache_invalidate:  {"method":"GET","url":"http:/","invalidateInfo":{"tags":["EAV_ATTRIBUTE_catalog_product_sku","FPC","MAGE"],"mode":"matchingTag"}} []
[2026-05-19T04:21:04.734439+00:00] main.DEBUG: cache_invalidate:  {"method":"GET","url":"http:/","invalidateInfo":{"tags":["EAV_ATTRIBUTE_catalog_product_sku","FPC"],"mode":"matchingTag"}} []
[2026-05-19T04:21:04.734490+00:00] main.DEBUG: cache_invalidate:  {"method":"GET","url":"http:/","invalidateInfo":{"tags":["EAV_ATTRIBUTE_73","FPC","MAGE"],"mode":"matchingTag"}} []
[2026-05-19T04:21:04.734508+00:00] main.DEBUG: cache_invalidate:  {"method":"GET","url":"http:/","invalidateInfo":{"tags":["EAV_ATTRIBUTE_73","FPC"],"mode":"matchingTag"}} []
[2026-05-19T04:21:04.734528+00:00] main.DEBUG: cache_invalidate:  {"method":"GET","url":"http:/","invalidateInfo":{"tags":["EAV_ATTRIBUTE_catalog_product_name","FPC","MAGE"],"mode":"matchingTag"}} []
[2026-05-19T04:21:04.734544+00:00] main.DEBUG: cache_invalidate:  {"method":"GET","url":"http:/","invalidateInfo":{"tags":["EAV_ATTRIBUTE_catalog_product_name","FPC"],"mode":"matchingTag"}} []
[2026-05-19T04:21:04.785386+00:00] main.DEBUG: cache_invalidate:  {"method":"GET","url":"http:/","invalidateInfo":{"tags":["cms_p","MAGE"],"mode":"matchingTag"}} []
[2026-05-19T04:21:04.785450+00:00] main.DEBUG: cache_invalidate:  {"method":"GET","url":"http:/","invalidateInfo":{"tags":["cms_p"],"mode":"matchingAnyTag"}} []
[2026-05-19T04:21:04.785509+00:00] main.DEBUG: cache_invalidate:  {"method":"GET","url":"http:/","invalidateInfo":{"tags":["cms_p_2","GRAPHQL_QUERY_RESOLVER_RESULT","MAGE"],"mode":"matchingTag"}} []
[2026-05-19T04:21:04.785529+00:00] main.DEBUG: cache_invalidate:  {"method":"GET","url":"http:/","invalidateInfo":{"tags":["cms_p_2","GRAPHQL_QUERY_RESOLVER_RESULT"],"mode":"matchingTag"}} []
[2026-05-19T04:21:04.785564+00:00] main.DEBUG: cache_invalidate:  {"method":"GET","url":"http:/","invalidateInfo":{"tags":["cms_p_2","FPC","MAGE"],"mode":"matchingTag"}} []
[2026-05-19T04:21:04.785582+00:00] main.DEBUG: cache_invalidate:  {"method":"GET","url":"http:/","invalidateInfo":{"tags":["cms_p_2","FPC"],"mode":"matchingTag"}} []
[2026-05-19T04:21:04.786725+00:00] main.DEBUG: cache_invalidate:  {"method":"GET","url":"http:/","invalidateInfo":{"tags":["cms_p_2","FPC","MAGE"],"mode":"matchingTag"}} []
[2026-05-19T04:21:04.786754+00:00] main.DEBUG: cache_invalidate:  {"method":"GET","url":"http:/","invalidateInfo":{"tags":["cms_p_2","FPC"],"mode":"matchingTag"}} []
[2026-05-19T04:21:04.911727+00:00] main.DEBUG: cache_invalidate:  {"method":"GET","url":"http:/","invalidateInfo":{"tags":["CONFIG","MAGE"],"mode":"matchingTag"}} []
[2026-05-19T04:21:04.911798+00:00] main.DEBUG: cache_invalidate:  {"method":"GET","url":"http:/","invalidateInfo":{"tags":["CONFIG"],"mode":"matchingTag"}} []
[2026-05-19T04:21:05.171362+00:00] main.DEBUG: cache_invalidate:  {"method":"GET","url":"http:/","invalidateInfo":{"identifier":"DB_PDO_MYSQL_DDL_design_config_grid_flat_1"}} []
[2026-05-19T04:21:05.171433+00:00] main.DEBUG: cache_invalidate:  {"method":"GET","url":"http:/","invalidateInfo":{"identifier":"DB_PDO_MYSQL_DDL_design_config_grid_flat_1"}} []
[2026-05-19T04:21:05.171516+00:00] main.DEBUG: cache_invalidate:  {"method":"GET","url":"http:/","invalidateInfo":{"identifier":"DB_PDO_MYSQL_DDL_design_config_grid_flat_2"}} []
[2026-05-19T04:21:05.171535+00:00] main.DEBUG: cache_invalidate:  {"method":"GET","url":"http:/","invalidateInfo":{"identifier":"DB_PDO_MYSQL_DDL_design_config_grid_flat_2"}} []
[2026-05-19T04:21:05.171606+00:00] main.DEBUG: cache_invalidate:  {"method":"GET","url":"http:/","invalidateInfo":{"identifier":"DB_PDO_MYSQL_DDL_design_config_grid_flat_3"}} []
[2026-05-19T04:21:05.171623+00:00] main.DEBUG: cache_invalidate:  {"method":"GET","url":"http:/","invalidateInfo":{"identifier":"DB_PDO_MYSQL_DDL_design_config_grid_flat_3"}} []
[2026-05-19T04:21:05.171688+00:00] main.DEBUG: cache_invalidate:  {"method":"GET","url":"http:/","invalidateInfo":{"identifier":"DB_PDO_MYSQL_DDL_design_config_grid_flat_4"}} []
[2026-05-19T04:21:05.171705+00:00] main.DEBUG: cache_invalidate:  {"method":"GET","url":"http:/","invalidateInfo":{"identifier":"DB_PDO_MYSQL_DDL_design_config_grid_flat_4"}} []
[2026-05-19T04:21:05.171766+00:00] main.DEBUG: cache_invalidate:  {"method":"GET","url":"http:/","invalidateInfo":{"identifier":"DB_PDO_MYSQL_DDL_design_config_grid_flat_5"}} []
[2026-05-19T04:21:05.171786+00:00] main.DEBUG: cache_invalidate:  {"method":"GET","url":"http:/","invalidateInfo":{"identifier":"DB_PDO_MYSQL_DDL_design_config_grid_flat_5"}} []
[2026-05-19T04:21:05.336860+00:00] main.DEBUG: cache_invalidate:  {"method":"GET","url":"http:/","invalidateInfo":{"identifier":"DB_PDO_MYSQL_DDL_customer_grid_flat_1"}} []
[2026-05-19T04:21:05.336944+00:00] main.DEBUG: cache_invalidate:  {"method":"GET","url":"http:/","invalidateInfo":{"identifier":"DB_PDO_MYSQL_DDL_customer_grid_flat_1"}} []
[2026-05-19T04:21:05.337024+00:00] main.DEBUG: cache_invalidate:  {"method":"GET","url":"http:/","invalidateInfo":{"identifier":"DB_PDO_MYSQL_DDL_customer_grid_flat_2"}} []
[2026-05-19T04:21:05.337042+00:00] main.DEBUG: cache_invalidate:  {"method":"GET","url":"http:/","invalidateInfo":{"identifier":"DB_PDO_MYSQL_DDL_customer_grid_flat_2"}} []
[2026-05-19T04:21:05.337107+00:00] main.DEBUG: cache_invalidate:  {"method":"GET","url":"http:/","invalidateInfo":{"identifier":"DB_PDO_MYSQL_DDL_customer_grid_flat_3"}} []
[2026-05-19T04:21:05.337124+00:00] main.DEBUG: cache_invalidate:  {"method":"GET","url":"http:/","invalidateInfo":{"identifier":"DB_PDO_MYSQL_DDL_customer_grid_flat_3"}} []
[2026-05-19T04:21:05.337184+00:00] main.DEBUG: cache_invalidate:  {"method":"GET","url":"http:/","invalidateInfo":{"identifier":"DB_PDO_MYSQL_DDL_customer_grid_flat_4"}} []
[2026-05-19T04:21:05.337200+00:00] main.DEBUG: cache_invalidate:  {"method":"GET","url":"http:/","invalidateInfo":{"identifier":"DB_PDO_MYSQL_DDL_customer_grid_flat_4"}} []
[2026-05-19T04:21:05.337285+00:00] main.DEBUG: cache_invalidate:  {"method":"GET","url":"http:/","invalidateInfo":{"identifier":"DB_PDO_MYSQL_DDL_customer_grid_flat_5"}} []
[2026-05-19T04:21:05.337302+00:00] main.DEBUG: cache_invalidate:  {"method":"GET","url":"http:/","invalidateInfo":{"identifier":"DB_PDO_MYSQL_DDL_customer_grid_flat_5"}} []
[2026-05-19T04:21:05.569821+00:00] main.DEBUG: cache_invalidate:  {"method":"GET","url":"http:/","invalidateInfo":{"tags":["CONFIG","MAGE"],"mode":"matchingTag"}} []
[2026-05-19T04:21:05.569891+00:00] main.DEBUG: cache_invalidate:  {"method":"GET","url":"http:/","invalidateInfo":{"tags":["CONFIG"],"mode":"matchingTag"}} []
[2026-05-19T04:21:05.572598+00:00] main.DEBUG: cache_invalidate:  {"method":"GET","url":"http:/","invalidateInfo":{"tags":["LAYOUT_GENERAL_CACHE_TAG","MAGE"],"mode":"matchingTag"}} []
[2026-05-19T04:21:05.572656+00:00] main.DEBUG: cache_invalidate:  {"method":"GET","url":"http:/","invalidateInfo":{"tags":["LAYOUT_GENERAL_CACHE_TAG"],"mode":"matchingTag"}} []
[2026-05-19T04:21:05.572863+00:00] main.DEBUG: cache_invalidate:  {"method":"GET","url":"http:/","invalidateInfo":{"tags":["BLOCK_HTML","MAGE"],"mode":"matchingTag"}} []
[2026-05-19T04:21:05.572891+00:00] main.DEBUG: cache_invalidate:  {"method":"GET","url":"http:/","invalidateInfo":{"tags":["BLOCK_HTML"],"mode":"matchingTag"}} []
[2026-05-19T04:21:05.573012+00:00] main.DEBUG: cache_invalidate:  {"method":"GET","url":"http:/","invalidateInfo":{"tags":["COLLECTION_DATA","MAGE"],"mode":"matchingTag"}} []
[2026-05-19T04:21:05.573031+00:00] main.DEBUG: cache_invalidate:  {"method":"GET","url":"http:/","invalidateInfo":{"tags":["COLLECTION_DATA"],"mode":"matchingTag"}} []
[2026-05-19T04:21:05.573137+00:00] main.DEBUG: cache_invalidate:  {"method":"GET","url":"http:/","invalidateInfo":{"tags":["REFLECTION","MAGE"],"mode":"matchingTag"}} []
[2026-05-19T04:21:05.573157+00:00] main.DEBUG: cache_invalidate:  {"method":"GET","url":"http:/","invalidateInfo":{"tags":["REFLECTION"],"mode":"matchingTag"}} []
[2026-05-19T04:21:05.573764+00:00] main.DEBUG: cache_invalidate:  {"method":"GET","url":"http:/","invalidateInfo":{"tags":["DB_DDL","MAGE"],"mode":"matchingTag"}} []
[2026-05-19T04:21:05.573787+00:00] main.DEBUG: cache_invalidate:  {"method":"GET","url":"http:/","invalidateInfo":{"tags":["DB_DDL"],"mode":"matchingTag"}} []
[2026-05-19T04:21:05.573927+00:00] main.DEBUG: cache_invalidate:  {"method":"GET","url":"http:/","invalidateInfo":{"tags":["COMPILED_CONFIG","MAGE"],"mode":"matchingTag"}} []
[2026-05-19T04:21:05.573951+00:00] main.DEBUG: cache_invalidate:  {"method":"GET","url":"http:/","invalidateInfo":{"tags":["COMPILED_CONFIG"],"mode":"matchingTag"}} []
[2026-05-19T04:21:05.574149+00:00] main.DEBUG: cache_invalidate:  {"method":"GET","url":"http:/","invalidateInfo":{"tags":["EAV","MAGE"],"mode":"matchingTag"}} []
[2026-05-19T04:21:05.574171+00:00] main.DEBUG: cache_invalidate:  {"method":"GET","url":"http:/","invalidateInfo":{"tags":["EAV"],"mode":"matchingTag"}} []
[2026-05-19T04:21:05.574294+00:00] main.DEBUG: cache_invalidate:  {"method":"GET","url":"http:/","invalidateInfo":{"tags":["CUSTOMER_NOTIFICATION","MAGE"],"mode":"matchingTag"}} []
[2026-05-19T04:21:05.574314+00:00] main.DEBUG: cache_invalidate:  {"method":"GET","url":"http:/","invalidateInfo":{"tags":["CUSTOMER_NOTIFICATION"],"mode":"matchingTag"}} []
[2026-05-19T04:21:05.574413+00:00] main.DEBUG: cache_invalidate:  {"method":"GET","url":"http:/","invalidateInfo":{"tags":["INTEGRATION","MAGE"],"mode":"matchingTag"}} []
[2026-05-19T04:21:05.574430+00:00] main.DEBUG: cache_invalidate:  {"method":"GET","url":"http:/","invalidateInfo":{"tags":["INTEGRATION"],"mode":"matchingTag"}} []
[2026-05-19T04:21:05.574526+00:00] main.DEBUG: cache_invalidate:  {"method":"GET","url":"http:/","invalidateInfo":{"tags":["INTEGRATION_API_CONFIG","MAGE"],"mode":"matchingTag"}} []
[2026-05-19T04:21:05.574546+00:00] main.DEBUG: cache_invalidate:  {"method":"GET","url":"http:/","invalidateInfo":{"tags":["INTEGRATION_API_CONFIG"],"mode":"matchingTag"}} []
[2026-05-19T04:21:05.574642+00:00] main.DEBUG: cache_invalidate:  {"method":"GET","url":"http:/","invalidateInfo":{"tags":["GRAPHQL_QUERY_RESOLVER_RESULT","MAGE"],"mode":"matchingTag"}} []
[2026-05-19T04:21:05.574660+00:00] main.DEBUG: cache_invalidate:  {"method":"GET","url":"http:/","invalidateInfo":{"tags":["GRAPHQL_QUERY_RESOLVER_RESULT"],"mode":"matchingTag"}} []
[2026-05-19T04:21:05.574773+00:00] main.DEBUG: cache_invalidate:  {"method":"GET","url":"http:/","invalidateInfo":{"tags":["FPC","MAGE"],"mode":"matchingTag"}} []
[2026-05-19T04:21:05.574795+00:00] main.DEBUG: cache_invalidate:  {"method":"GET","url":"http:/","invalidateInfo":{"tags":["FPC"],"mode":"matchingTag"}} []
[2026-05-19T04:21:05.574891+00:00] main.DEBUG: cache_invalidate:  {"method":"GET","url":"http:/","invalidateInfo":{"tags":["WEBSERVICE","MAGE"],"mode":"matchingTag"}} []
[2026-05-19T04:21:05.574909+00:00] main.DEBUG: cache_invalidate:  {"method":"GET","url":"http:/","invalidateInfo":{"tags":["WEBSERVICE"],"mode":"matchingTag"}} []
[2026-05-19T04:21:05.575003+00:00] main.DEBUG: cache_invalidate:  {"method":"GET","url":"http:/","invalidateInfo":{"tags":["TRANSLATE","MAGE"],"mode":"matchingTag"}} []
[2026-05-19T04:21:05.575025+00:00] main.DEBUG: cache_invalidate:  {"method":"GET","url":"http:/","invalidateInfo":{"tags":["TRANSLATE"],"mode":"matchingTag"}} []
[2026-05-19T04:21:05.643797+00:00] main.DEBUG: cache_invalidate:  {"method":"GET","url":"http:/","invalidateInfo":{"identifier":"DB_PDO_MYSQL_DDL_cataloginventory_stock_status_1"}} []
[2026-05-19T04:21:05.643862+00:00] main.DEBUG: cache_invalidate:  {"method":"GET","url":"http:/","invalidateInfo":{"identifier":"DB_PDO_MYSQL_DDL_cataloginventory_stock_status_1"}} []
[2026-05-19T04:21:05.643942+00:00] main.DEBUG: cache_invalidate:  {"method":"GET","url":"http:/","invalidateInfo":{"identifier":"DB_PDO_MYSQL_DDL_cataloginventory_stock_status_2"}} []
[2026-05-19T04:21:05.643961+00:00] main.DEBUG: cache_invalidate:  {"method":"GET","url":"http:/","invalidateInfo":{"identifier":"DB_PDO_MYSQL_DDL_cataloginventory_stock_status_2"}} []
[2026-05-19T04:21:05.644025+00:00] main.DEBUG: cache_invalidate:  {"method":"GET","url":"http:/","invalidateInfo":{"identifier":"DB_PDO_MYSQL_DDL_cataloginventory_stock_status_3"}} []
[2026-05-19T04:21:05.644041+00:00] main.DEBUG: cache_invalidate:  {"method":"GET","url":"http:/","invalidateInfo":{"identifier":"DB_PDO_MYSQL_DDL_cataloginventory_stock_status_3"}} []
[2026-05-19T04:21:05.644107+00:00] main.DEBUG: cache_invalidate:  {"method":"GET","url":"http:/","invalidateInfo":{"identifier":"DB_PDO_MYSQL_DDL_cataloginventory_stock_status_4"}} []
[2026-05-19T04:21:05.644128+00:00] main.DEBUG: cache_invalidate:  {"method":"GET","url":"http:/","invalidateInfo":{"identifier":"DB_PDO_MYSQL_DDL_cataloginventory_stock_status_4"}} []
[2026-05-19T04:21:05.644193+00:00] main.DEBUG: cache_invalidate:  {"method":"GET","url":"http:/","invalidateInfo":{"identifier":"DB_PDO_MYSQL_DDL_cataloginventory_stock_status_5"}} []
[2026-05-19T04:21:05.644208+00:00] main.DEBUG: cache_invalidate:  {"method":"GET","url":"http:/","invalidateInfo":{"identifier":"DB_PDO_MYSQL_DDL_cataloginventory_stock_status_5"}} []
[2026-05-19T04:21:05.644286+00:00] main.DEBUG: cache_invalidate:  {"method":"GET","url":"http:/","invalidateInfo":{"identifier":"DB_PDO_MYSQL_DDL_cataloginventory_stock_status_outdated_1"}} []
[2026-05-19T04:21:05.644304+00:00] main.DEBUG: cache_invalidate:  {"method":"GET","url":"http:/","invalidateInfo":{"identifier":"DB_PDO_MYSQL_DDL_cataloginventory_stock_status_outdated_1"}} []
[2026-05-19T04:21:05.644365+00:00] main.DEBUG: cache_invalidate:  {"method":"GET","url":"http:/","invalidateInfo":{"identifier":"DB_PDO_MYSQL_DDL_cataloginventory_stock_status_outdated_2"}} []
[2026-05-19T04:21:05.644381+00:00] main.DEBUG: cache_invalidate:  {"method":"GET","url":"http:/","invalidateInfo":{"identifier":"DB_PDO_MYSQL_DDL_cataloginventory_stock_status_outdated_2"}} []
[2026-05-19T04:21:05.644442+00:00] main.DEBUG: cache_invalidate:  {"method":"GET","url":"http:/","invalidateInfo":{"identifier":"DB_PDO_MYSQL_DDL_cataloginventory_stock_status_outdated_3"}} []
[2026-05-19T04:21:05.644459+00:00] main.DEBUG: cache_invalidate:  {"method":"GET","url":"http:/","invalidateInfo":{"identifier":"DB_PDO_MYSQL_DDL_cataloginventory_stock_status_outdated_3"}} []
[2026-05-19T04:21:05.644522+00:00] main.DEBUG: cache_invalidate:  {"method":"GET","url":"http:/","invalidateInfo":{"identifier":"DB_PDO_MYSQL_DDL_cataloginventory_stock_status_outdated_4"}} []
[2026-05-19T04:21:05.644538+00:00] main.DEBUG: cache_invalidate:  {"method":"GET","url":"http:/","invalidateInfo":{"identifier":"DB_PDO_MYSQL_DDL_cataloginventory_stock_status_outdated_4"}} []
[2026-05-19T04:21:05.644603+00:00] main.DEBUG: cache_invalidate:  {"method":"GET","url":"http:/","invalidateInfo":{"identifier":"DB_PDO_MYSQL_DDL_cataloginventory_stock_status_outdated_5"}} []
[2026-05-19T04:21:05.644619+00:00] main.DEBUG: cache_invalidate:  {"method":"GET","url":"http:/","invalidateInfo":{"identifier":"DB_PDO_MYSQL_DDL_cataloginventory_stock_status_outdated_5"}} []
[2026-05-19T04:21:05.644683+00:00] main.DEBUG: cache_invalidate:  {"method":"GET","url":"http:/","invalidateInfo":{"identifier":"DB_PDO_MYSQL_DDL_cataloginventory_stock_status_replica_1"}} []
[2026-05-19T04:21:05.644699+00:00] main.DEBUG: cache_invalidate:  {"method":"GET","url":"http:/","invalidateInfo":{"identifier":"DB_PDO_MYSQL_DDL_cataloginventory_stock_status_replica_1"}} []
[2026-05-19T04:21:05.644762+00:00] main.DEBUG: cache_invalidate:  {"method":"GET","url":"http:/","invalidateInfo":{"identifier":"DB_PDO_MYSQL_DDL_cataloginventory_stock_status_replica_2"}} []
[2026-05-19T04:21:05.644778+00:00] main.DEBUG: cache_invalidate:  {"method":"GET","url":"http:/","invalidateInfo":{"identifier":"DB_PDO_MYSQL_DDL_cataloginventory_stock_status_replica_2"}} []
[2026-05-19T04:21:05.644837+00:00] main.DEBUG: cache_invalidate:  {"method":"GET","url":"http:/","invalidateInfo":{"identifier":"DB_PDO_MYSQL_DDL_cataloginventory_stock_status_replica_3"}} []
[2026-05-19T04:21:05.644852+00:00] main.DEBUG: cache_invalidate:  {"method":"GET","url":"http:/","invalidateInfo":{"identifier":"DB_PDO_MYSQL_DDL_cataloginventory_stock_status_replica_3"}} []
[2026-05-19T04:21:05.644909+00:00] main.DEBUG: cache_invalidate:  {"method":"GET","url":"http:/","invalidateInfo":{"identifier":"DB_PDO_MYSQL_DDL_cataloginventory_stock_status_replica_4"}} []
[2026-05-19T04:21:05.644925+00:00] main.DEBUG: cache_invalidate:  {"method":"GET","url":"http:/","invalidateInfo":{"identifier":"DB_PDO_MYSQL_DDL_cataloginventory_stock_status_replica_4"}} []
[2026-05-19T04:21:05.645101+00:00] main.DEBUG: cache_invalidate:  {"method":"GET","url":"http:/","invalidateInfo":{"identifier":"DB_PDO_MYSQL_DDL_cataloginventory_stock_status_replica_5"}} []
[2026-05-19T04:21:05.645119+00:00] main.DEBUG: cache_invalidate:  {"method":"GET","url":"http:/","invalidateInfo":{"identifier":"DB_PDO_MYSQL_DDL_cataloginventory_stock_status_replica_5"}} []
[2026-05-19T04:21:05.645264+00:00] main.DEBUG: cache_invalidate:  {"method":"GET","url":"http:/","invalidateInfo":{"tags":["cat_c","FPC","MAGE"],"mode":"matchingTag"}} []
[2026-05-19T04:21:05.645285+00:00] main.DEBUG: cache_invalidate:  {"method":"GET","url":"http:/","invalidateInfo":{"tags":["cat_c","FPC"],"mode":"matchingTag"}} []
[2026-05-19T04:21:05.645308+00:00] main.DEBUG: cache_invalidate:  {"method":"GET","url":"http:/","invalidateInfo":{"tags":["cat_p","FPC","MAGE"],"mode":"matchingTag"}} []
[2026-05-19T04:21:05.645325+00:00] main.DEBUG: cache_invalidate:  {"method":"GET","url":"http:/","invalidateInfo":{"tags":["cat_p","FPC"],"mode":"matchingTag"}} []
[2026-05-19T04:21:05.645348+00:00] main.DEBUG: cache_invalidate:  {"method":"GET","url":"http:/","invalidateInfo":{"tags":["cat_c","MAGE"],"mode":"matchingTag"}} []
[2026-05-19T04:21:05.645367+00:00] main.DEBUG: cache_invalidate:  {"method":"GET","url":"http:/","invalidateInfo":{"tags":["cat_p","MAGE"],"mode":"matchingTag"}} []
[2026-05-19T04:21:05.645382+00:00] main.DEBUG: cache_invalidate:  {"method":"GET","url":"http:/","invalidateInfo":{"tags":["cat_c","cat_p"],"mode":"matchingAnyTag"}} []
[2026-05-19T04:21:05.695282+00:00] main.DEBUG: cache_invalidate:  {"method":"GET","url":"http:/","invalidateInfo":{"identifier":"DB_PDO_MYSQL_DDL_customer_grid_flat_1"}} []
[2026-05-19T04:21:05.695353+00:00] main.DEBUG: cache_invalidate:  {"method":"GET","url":"http:/","invalidateInfo":{"identifier":"DB_PDO_MYSQL_DDL_customer_grid_flat_1"}} []
[2026-05-19T04:21:05.695428+00:00] main.DEBUG: cache_invalidate:  {"method":"GET","url":"http:/","invalidateInfo":{"identifier":"DB_PDO_MYSQL_DDL_customer_grid_flat_2"}} []
[2026-05-19T04:21:05.695448+00:00] main.DEBUG: cache_invalidate:  {"method":"GET","url":"http:/","invalidateInfo":{"identifier":"DB_PDO_MYSQL_DDL_customer_grid_flat_2"}} []
[2026-05-19T04:21:05.695514+00:00] main.DEBUG: cache_invalidate:  {"method":"GET","url":"http:/","invalidateInfo":{"identifier":"DB_PDO_MYSQL_DDL_customer_grid_flat_3"}} []
[2026-05-19T04:21:05.695531+00:00] main.DEBUG: cache_invalidate:  {"method":"GET","url":"http:/","invalidateInfo":{"identifier":"DB_PDO_MYSQL_DDL_customer_grid_flat_3"}} []
[2026-05-19T04:21:05.695594+00:00] main.DEBUG: cache_invalidate:  {"method":"GET","url":"http:/","invalidateInfo":{"identifier":"DB_PDO_MYSQL_DDL_customer_grid_flat_4"}} []
[2026-05-19T04:21:05.695610+00:00] main.DEBUG: cache_invalidate:  {"method":"GET","url":"http:/","invalidateInfo":{"identifier":"DB_PDO_MYSQL_DDL_customer_grid_flat_4"}} []
[2026-05-19T04:21:05.695765+00:00] main.DEBUG: cache_invalidate:  {"method":"GET","url":"http:/","invalidateInfo":{"identifier":"DB_PDO_MYSQL_DDL_customer_grid_flat_5"}} []
[2026-05-19T04:21:05.695783+00:00] main.DEBUG: cache_invalidate:  {"method":"GET","url":"http:/","invalidateInfo":{"identifier":"DB_PDO_MYSQL_DDL_customer_grid_flat_5"}} []
[2026-05-19T04:21:05.817788+00:00] main.DEBUG: cache_invalidate:  {"method":"GET","url":"http:/","invalidateInfo":{"identifier":"DB_PDO_MYSQL_DDL_customer_grid_flat_1"}} []
[2026-05-19T04:21:05.817867+00:00] main.DEBUG: cache_invalidate:  {"method":"GET","url":"http:/","invalidateInfo":{"identifier":"DB_PDO_MYSQL_DDL_customer_grid_flat_1"}} []
[2026-05-19T04:21:05.817940+00:00] main.DEBUG: cache_invalidate:  {"method":"GET","url":"http:/","invalidateInfo":{"identifier":"DB_PDO_MYSQL_DDL_customer_grid_flat_2"}} []
[2026-05-19T04:21:05.817958+00:00] main.DEBUG: cache_invalidate:  {"method":"GET","url":"http:/","invalidateInfo":{"identifier":"DB_PDO_MYSQL_DDL_customer_grid_flat_2"}} []
[2026-05-19T04:21:05.818020+00:00] main.DEBUG: cache_invalidate:  {"method":"GET","url":"http:/","invalidateInfo":{"identifier":"DB_PDO_MYSQL_DDL_customer_grid_flat_3"}} []
[2026-05-19T04:21:05.818039+00:00] main.DEBUG: cache_invalidate:  {"method":"GET","url":"http:/","invalidateInfo":{"identifier":"DB_PDO_MYSQL_DDL_customer_grid_flat_3"}} []
[2026-05-19T04:21:05.818099+00:00] main.DEBUG: cache_invalidate:  {"method":"GET","url":"http:/","invalidateInfo":{"identifier":"DB_PDO_MYSQL_DDL_customer_grid_flat_4"}} []
[2026-05-19T04:21:05.818114+00:00] main.DEBUG: cache_invalidate:  {"method":"GET","url":"http:/","invalidateInfo":{"identifier":"DB_PDO_MYSQL_DDL_customer_grid_flat_4"}} []
[2026-05-19T04:21:05.818173+00:00] main.DEBUG: cache_invalidate:  {"method":"GET","url":"http:/","invalidateInfo":{"identifier":"DB_PDO_MYSQL_DDL_customer_grid_flat_5"}} []
[2026-05-19T04:21:05.818188+00:00] main.DEBUG: cache_invalidate:  {"method":"GET","url":"http:/","invalidateInfo":{"identifier":"DB_PDO_MYSQL_DDL_customer_grid_flat_5"}} []
[2026-05-19T04:21:05.909970+00:00] main.DEBUG: cache_invalidate:  {"method":"GET","url":"http:/","invalidateInfo":{"identifier":"DB_PDO_MYSQL_DDL_catalog_category_product_index_store1_1"}} []
[2026-05-19T04:21:05.910036+00:00] main.DEBUG: cache_invalidate:  {"method":"GET","url":"http:/","invalidateInfo":{"identifier":"DB_PDO_MYSQL_DDL_catalog_category_product_index_store1_1"}} []
[2026-05-19T04:21:05.910121+00:00] main.DEBUG: cache_invalidate:  {"method":"GET","url":"http:/","invalidateInfo":{"identifier":"DB_PDO_MYSQL_DDL_catalog_category_product_index_store1_2"}} []
[2026-05-19T04:21:05.910145+00:00] main.DEBUG: cache_invalidate:  {"method":"GET","url":"http:/","invalidateInfo":{"identifier":"DB_PDO_MYSQL_DDL_catalog_category_product_index_store1_2"}} []
[2026-05-19T04:21:05.910219+00:00] main.DEBUG: cache_invalidate:  {"method":"GET","url":"http:/","invalidateInfo":{"identifier":"DB_PDO_MYSQL_DDL_catalog_category_product_index_store1_3"}} []
[2026-05-19T04:21:05.910254+00:00] main.DEBUG: cache_invalidate:  {"method":"GET","url":"http:/","invalidateInfo":{"identifier":"DB_PDO_MYSQL_DDL_catalog_category_product_index_store1_3"}} []
[2026-05-19T04:21:05.910321+00:00] main.DEBUG: cache_invalidate:  {"method":"GET","url":"http:/","invalidateInfo":{"identifier":"DB_PDO_MYSQL_DDL_catalog_category_product_index_store1_4"}} []
[2026-05-19T04:21:05.910338+00:00] main.DEBUG: cache_invalidate:  {"method":"GET","url":"http:/","invalidateInfo":{"identifier":"DB_PDO_MYSQL_DDL_catalog_category_product_index_store1_4"}} []
[2026-05-19T04:21:05.910510+00:00] main.DEBUG: cache_invalidate:  {"method":"GET","url":"http:/","invalidateInfo":{"identifier":"DB_PDO_MYSQL_DDL_catalog_category_product_index_store1_5"}} []
[2026-05-19T04:21:05.910528+00:00] main.DEBUG: cache_invalidate:  {"method":"GET","url":"http:/","invalidateInfo":{"identifier":"DB_PDO_MYSQL_DDL_catalog_category_product_index_store1_5"}} []
[2026-05-19T04:21:05.910613+00:00] main.DEBUG: cache_invalidate:  {"method":"GET","url":"http:/","invalidateInfo":{"identifier":"DB_PDO_MYSQL_DDL_catalog_category_product_index_store1_outdated_1"}} []
[2026-05-19T04:21:05.910630+00:00] main.DEBUG: cache_invalidate:  {"method":"GET","url":"http:/","invalidateInfo":{"identifier":"DB_PDO_MYSQL_DDL_catalog_category_product_index_store1_outdated_1"}} []
[2026-05-19T04:21:05.910695+00:00] main.DEBUG: cache_invalidate:  {"method":"GET","url":"http:/","invalidateInfo":{"identifier":"DB_PDO_MYSQL_DDL_catalog_category_product_index_store1_outdated_2"}} []
[2026-05-19T04:21:05.910711+00:00] main.DEBUG: cache_invalidate:  {"method":"GET","url":"http:/","invalidateInfo":{"identifier":"DB_PDO_MYSQL_DDL_catalog_category_product_index_store1_outdated_2"}} []
[2026-05-19T04:21:05.910776+00:00] main.DEBUG: cache_invalidate:  {"method":"GET","url":"http:/","invalidateInfo":{"identifier":"DB_PDO_MYSQL_DDL_catalog_category_product_index_store1_outdated_3"}} []
[2026-05-19T04:21:05.910792+00:00] main.DEBUG: cache_invalidate:  {"method":"GET","url":"http:/","invalidateInfo":{"identifier":"DB_PDO_MYSQL_DDL_catalog_category_product_index_store1_outdated_3"}} []
[2026-05-19T04:21:05.910864+00:00] main.DEBUG: cache_invalidate:  {"method":"GET","url":"http:/","invalidateInfo":{"identifier":"DB_PDO_MYSQL_DDL_catalog_category_product_index_store1_outdated_4"}} []
[2026-05-19T04:21:05.910880+00:00] main.DEBUG: cache_invalidate:  {"method":"GET","url":"http:/","invalidateInfo":{"identifier":"DB_PDO_MYSQL_DDL_catalog_category_product_index_store1_outdated_4"}} []
[2026-05-19T04:21:05.910942+00:00] main.DEBUG: cache_invalidate:  {"method":"GET","url":"http:/","invalidateInfo":{"identifier":"DB_PDO_MYSQL_DDL_catalog_category_product_index_store1_outdated_5"}} []
[2026-05-19T04:21:05.910958+00:00] main.DEBUG: cache_invalidate:  {"method":"GET","url":"http:/","invalidateInfo":{"identifier":"DB_PDO_MYSQL_DDL_catalog_category_product_index_store1_outdated_5"}} []
[2026-05-19T04:21:05.911082+00:00] main.DEBUG: cache_invalidate:  {"method":"GET","url":"http:/","invalidateInfo":{"identifier":"DB_PDO_MYSQL_DDL_catalog_category_product_index_store1_replica_1"}} []
[2026-05-19T04:21:05.911099+00:00] main.DEBUG: cache_invalidate:  {"method":"GET","url":"http:/","invalidateInfo":{"identifier":"DB_PDO_MYSQL_DDL_catalog_category_product_index_store1_replica_1"}} []
[2026-05-19T04:21:05.911173+00:00] main.DEBUG: cache_invalidate:  {"method":"GET","url":"http:/","invalidateInfo":{"identifier":"DB_PDO_MYSQL_DDL_catalog_category_product_index_store1_replica_2"}} []
[2026-05-19T04:21:05.911190+00:00] main.DEBUG: cache_invalidate:  {"method":"GET","url":"http:/","invalidateInfo":{"identifier":"DB_PDO_MYSQL_DDL_catalog_category_product_index_store1_replica_2"}} []
[2026-05-19T04:21:05.911271+00:00] main.DEBUG: cache_invalidate:  {"method":"GET","url":"http:/","invalidateInfo":{"identifier":"DB_PDO_MYSQL_DDL_catalog_category_product_index_store1_replica_3"}} []
[2026-05-19T04:21:05.911288+00:00] main.DEBUG: cache_invalidate:  {"method":"GET","url":"http:/","invalidateInfo":{"identifier":"DB_PDO_MYSQL_DDL_catalog_category_product_index_store1_replica_3"}} []
[2026-05-19T04:21:05.911351+00:00] main.DEBUG: cache_invalidate:  {"method":"GET","url":"http:/","invalidateInfo":{"identifier":"DB_PDO_MYSQL_DDL_catalog_category_product_index_store1_replica_4"}} []
[2026-05-19T04:21:05.911367+00:00] main.DEBUG: cache_invalidate:  {"method":"GET","url":"http:/","invalidateInfo":{"identifier":"DB_PDO_MYSQL_DDL_catalog_category_product_index_store1_replica_4"}} []
[2026-05-19T04:21:05.911488+00:00] main.DEBUG: cache_invalidate:  {"method":"GET","url":"http:/","invalidateInfo":{"identifier":"DB_PDO_MYSQL_DDL_catalog_category_product_index_store1_replica_5"}} []
[2026-05-19T04:21:05.911506+00:00] main.DEBUG: cache_invalidate:  {"method":"GET","url":"http:/","invalidateInfo":{"identifier":"DB_PDO_MYSQL_DDL_catalog_category_product_index_store1_replica_5"}} []
[2026-05-19T04:21:05.911750+00:00] main.DEBUG: cache_invalidate:  {"method":"GET","url":"http:/","invalidateInfo":{"tags":["cat_c","FPC","MAGE"],"mode":"matchingTag"}} []
[2026-05-19T04:21:05.911772+00:00] main.DEBUG: cache_invalidate:  {"method":"GET","url":"http:/","invalidateInfo":{"tags":["cat_c","FPC"],"mode":"matchingTag"}} []
[2026-05-19T04:21:05.911797+00:00] main.DEBUG: cache_invalidate:  {"method":"GET","url":"http:/","invalidateInfo":{"tags":["cat_c","MAGE"],"mode":"matchingTag"}} []
[2026-05-19T04:21:05.911813+00:00] main.DEBUG: cache_invalidate:  {"method":"GET","url":"http:/","invalidateInfo":{"tags":["cat_c"],"mode":"matchingAnyTag"}} []
[2026-05-19T04:21:05.991275+00:00] main.DEBUG: cache_invalidate:  {"method":"GET","url":"http:/","invalidateInfo":{"identifier":"DB_PDO_MYSQL_DDL_catalog_category_product_index_store1_1"}} []
[2026-05-19T04:21:05.991337+00:00] main.DEBUG: cache_invalidate:  {"method":"GET","url":"http:/","invalidateInfo":{"identifier":"DB_PDO_MYSQL_DDL_catalog_category_product_index_store1_1"}} []
[2026-05-19T04:21:05.991420+00:00] main.DEBUG: cache_invalidate:  {"method":"GET","url":"http:/","invalidateInfo":{"identifier":"DB_PDO_MYSQL_DDL_catalog_category_product_index_store1_2"}} []
[2026-05-19T04:21:05.991439+00:00] main.DEBUG: cache_invalidate:  {"method":"GET","url":"http:/","invalidateInfo":{"identifier":"DB_PDO_MYSQL_DDL_catalog_category_product_index_store1_2"}} []
[2026-05-19T04:21:05.991513+00:00] main.DEBUG: cache_invalidate:  {"method":"GET","url":"http:/","invalidateInfo":{"identifier":"DB_PDO_MYSQL_DDL_catalog_category_product_index_store1_3"}} []
[2026-05-19T04:21:05.991530+00:00] main.DEBUG: cache_invalidate:  {"method":"GET","url":"http:/","invalidateInfo":{"identifier":"DB_PDO_MYSQL_DDL_catalog_category_product_index_store1_3"}} []
[2026-05-19T04:21:05.991594+00:00] main.DEBUG: cache_invalidate:  {"method":"GET","url":"http:/","invalidateInfo":{"identifier":"DB_PDO_MYSQL_DDL_catalog_category_product_index_store1_4"}} []
[2026-05-19T04:21:05.991610+00:00] main.DEBUG: cache_invalidate:  {"method":"GET","url":"http:/","invalidateInfo":{"identifier":"DB_PDO_MYSQL_DDL_catalog_category_product_index_store1_4"}} []
[2026-05-19T04:21:05.991772+00:00] main.DEBUG: cache_invalidate:  {"method":"GET","url":"http:/","invalidateInfo":{"identifier":"DB_PDO_MYSQL_DDL_catalog_category_product_index_store1_5"}} []
[2026-05-19T04:21:05.991791+00:00] main.DEBUG: cache_invalidate:  {"method":"GET","url":"http:/","invalidateInfo":{"identifier":"DB_PDO_MYSQL_DDL_catalog_category_product_index_store1_5"}} []
[2026-05-19T04:21:05.991871+00:00] main.DEBUG: cache_invalidate:  {"method":"GET","url":"http:/","invalidateInfo":{"identifier":"DB_PDO_MYSQL_DDL_catalog_category_product_index_store1_outdated_1"}} []
[2026-05-19T04:21:05.991888+00:00] main.DEBUG: cache_invalidate:  {"method":"GET","url":"http:/","invalidateInfo":{"identifier":"DB_PDO_MYSQL_DDL_catalog_category_product_index_store1_outdated_1"}} []
[2026-05-19T04:21:05.991952+00:00] main.DEBUG: cache_invalidate:  {"method":"GET","url":"http:/","invalidateInfo":{"identifier":"DB_PDO_MYSQL_DDL_catalog_category_product_index_store1_outdated_2"}} []
[2026-05-19T04:21:05.991968+00:00] main.DEBUG: cache_invalidate:  {"method":"GET","url":"http:/","invalidateInfo":{"identifier":"DB_PDO_MYSQL_DDL_catalog_category_product_index_store1_outdated_2"}} []
[2026-05-19T04:21:05.992030+00:00] main.DEBUG: cache_invalidate:  {"method":"GET","url":"http:/","invalidateInfo":{"identifier":"DB_PDO_MYSQL_DDL_catalog_category_product_index_store1_outdated_3"}} []
[2026-05-19T04:21:05.992046+00:00] main.DEBUG: cache_invalidate:  {"method":"GET","url":"http:/","invalidateInfo":{"identifier":"DB_PDO_MYSQL_DDL_catalog_category_product_index_store1_outdated_3"}} []
[2026-05-19T04:21:05.992104+00:00] main.DEBUG: cache_invalidate:  {"method":"GET","url":"http:/","invalidateInfo":{"identifier":"DB_PDO_MYSQL_DDL_catalog_category_product_index_store1_outdated_4"}} []
[2026-05-19T04:21:05.992119+00:00] main.DEBUG: cache_invalidate:  {"method":"GET","url":"http:/","invalidateInfo":{"identifier":"DB_PDO_MYSQL_DDL_catalog_category_product_index_store1_outdated_4"}} []
[2026-05-19T04:21:05.992177+00:00] main.DEBUG: cache_invalidate:  {"method":"GET","url":"http:/","invalidateInfo":{"identifier":"DB_PDO_MYSQL_DDL_catalog_category_product_index_store1_outdated_5"}} []
[2026-05-19T04:21:05.992192+00:00] main.DEBUG: cache_invalidate:  {"method":"GET","url":"http:/","invalidateInfo":{"identifier":"DB_PDO_MYSQL_DDL_catalog_category_product_index_store1_outdated_5"}} []
[2026-05-19T04:21:05.992323+00:00] main.DEBUG: cache_invalidate:  {"method":"GET","url":"http:/","invalidateInfo":{"identifier":"DB_PDO_MYSQL_DDL_catalog_category_product_index_store1_replica_1"}} []
[2026-05-19T04:21:05.992342+00:00] main.DEBUG: cache_invalidate:  {"method":"GET","url":"http:/","invalidateInfo":{"identifier":"DB_PDO_MYSQL_DDL_catalog_category_product_index_store1_replica_1"}} []
[2026-05-19T04:21:05.992414+00:00] main.DEBUG: cache_invalidate:  {"method":"GET","url":"http:/","invalidateInfo":{"identifier":"DB_PDO_MYSQL_DDL_catalog_category_product_index_store1_replica_2"}} []
[2026-05-19T04:21:05.992431+00:00] main.DEBUG: cache_invalidate:  {"method":"GET","url":"http:/","invalidateInfo":{"identifier":"DB_PDO_MYSQL_DDL_catalog_category_product_index_store1_replica_2"}} []
[2026-05-19T04:21:05.992493+00:00] main.DEBUG: cache_invalidate:  {"method":"GET","url":"http:/","invalidateInfo":{"identifier":"DB_PDO_MYSQL_DDL_catalog_category_product_index_store1_replica_3"}} []
[2026-05-19T04:21:05.992509+00:00] main.DEBUG: cache_invalidate:  {"method":"GET","url":"http:/","invalidateInfo":{"identifier":"DB_PDO_MYSQL_DDL_catalog_category_product_index_store1_replica_3"}} []
[2026-05-19T04:21:05.992569+00:00] main.DEBUG: cache_invalidate:  {"method":"GET","url":"http:/","invalidateInfo":{"identifier":"DB_PDO_MYSQL_DDL_catalog_category_product_index_store1_replica_4"}} []
[2026-05-19T04:21:05.992585+00:00] main.DEBUG: cache_invalidate:  {"method":"GET","url":"http:/","invalidateInfo":{"identifier":"DB_PDO_MYSQL_DDL_catalog_category_product_index_store1_replica_4"}} []
[2026-05-19T04:21:05.992707+00:00] main.DEBUG: cache_invalidate:  {"method":"GET","url":"http:/","invalidateInfo":{"identifier":"DB_PDO_MYSQL_DDL_catalog_category_product_index_store1_replica_5"}} []
[2026-05-19T04:21:05.992724+00:00] main.DEBUG: cache_invalidate:  {"method":"GET","url":"http:/","invalidateInfo":{"identifier":"DB_PDO_MYSQL_DDL_catalog_category_product_index_store1_replica_5"}} []
[2026-05-19T04:21:05.992967+00:00] main.DEBUG: cache_invalidate:  {"method":"GET","url":"http:/","invalidateInfo":{"tags":["cat_c","FPC","MAGE"],"mode":"matchingTag"}} []
[2026-05-19T04:21:05.992990+00:00] main.DEBUG: cache_invalidate:  {"method":"GET","url":"http:/","invalidateInfo":{"tags":["cat_c","FPC"],"mode":"matchingTag"}} []
[2026-05-19T04:21:05.993012+00:00] main.DEBUG: cache_invalidate:  {"method":"GET","url":"http:/","invalidateInfo":{"tags":["cat_p","FPC","MAGE"],"mode":"matchingTag"}} []
[2026-05-19T04:21:05.993028+00:00] main.DEBUG: cache_invalidate:  {"method":"GET","url":"http:/","invalidateInfo":{"tags":["cat_p","FPC"],"mode":"matchingTag"}} []
[2026-05-19T04:21:05.993050+00:00] main.DEBUG: cache_invalidate:  {"method":"GET","url":"http:/","invalidateInfo":{"tags":["cat_c","MAGE"],"mode":"matchingTag"}} []
[2026-05-19T04:21:05.993068+00:00] main.DEBUG: cache_invalidate:  {"method":"GET","url":"http:/","invalidateInfo":{"tags":["cat_p","MAGE"],"mode":"matchingTag"}} []
[2026-05-19T04:21:05.993083+00:00] main.DEBUG: cache_invalidate:  {"method":"GET","url":"http:/","invalidateInfo":{"tags":["cat_c","cat_p"],"mode":"matchingAnyTag"}} []
[2026-05-19T04:21:06.119270+00:00] main.DEBUG: cache_invalidate:  {"method":"GET","url":"http:/","invalidateInfo":{"identifier":"DB_PDO_MYSQL_DDL_catalogrule_product_1"}} []
[2026-05-19T04:21:06.119341+00:00] main.DEBUG: cache_invalidate:  {"method":"GET","url":"http:/","invalidateInfo":{"identifier":"DB_PDO_MYSQL_DDL_catalogrule_product_1"}} []
[2026-05-19T04:21:06.119435+00:00] main.DEBUG: cache_invalidate:  {"method":"GET","url":"http:/","invalidateInfo":{"identifier":"DB_PDO_MYSQL_DDL_catalogrule_product_2"}} []
[2026-05-19T04:21:06.119455+00:00] main.DEBUG: cache_invalidate:  {"method":"GET","url":"http:/","invalidateInfo":{"identifier":"DB_PDO_MYSQL_DDL_catalogrule_product_2"}} []
[2026-05-19T04:21:06.119535+00:00] main.DEBUG: cache_invalidate:  {"method":"GET","url":"http:/","invalidateInfo":{"identifier":"DB_PDO_MYSQL_DDL_catalogrule_product_3"}} []
[2026-05-19T04:21:06.119553+00:00] main.DEBUG: cache_invalidate:  {"method":"GET","url":"http:/","invalidateInfo":{"identifier":"DB_PDO_MYSQL_DDL_catalogrule_product_3"}} []
[2026-05-19T04:21:06.119628+00:00] main.DEBUG: cache_invalidate:  {"method":"GET","url":"http:/","invalidateInfo":{"identifier":"DB_PDO_MYSQL_DDL_catalogrule_product_4"}} []
[2026-05-19T04:21:06.119645+00:00] main.DEBUG: cache_invalidate:  {"method":"GET","url":"http:/","invalidateInfo":{"identifier":"DB_PDO_MYSQL_DDL_catalogrule_product_4"}} []
[2026-05-19T04:21:06.119723+00:00] main.DEBUG: cache_invalidate:  {"method":"GET","url":"http:/","invalidateInfo":{"identifier":"DB_PDO_MYSQL_DDL_catalogrule_product_5"}} []
[2026-05-19T04:21:06.119738+00:00] main.DEBUG: cache_invalidate:  {"method":"GET","url":"http:/","invalidateInfo":{"identifier":"DB_PDO_MYSQL_DDL_catalogrule_product_5"}} []
[2026-05-19T04:21:06.119826+00:00] main.DEBUG: cache_invalidate:  {"method":"GET","url":"http:/","invalidateInfo":{"identifier":"DB_PDO_MYSQL_DDL_catalogrule_product035d8efb_1"}} []
[2026-05-19T04:21:06.119842+00:00] main.DEBUG: cache_invalidate:  {"method":"GET","url":"http:/","invalidateInfo":{"identifier":"DB_PDO_MYSQL_DDL_catalogrule_product035d8efb_1"}} []
[2026-05-19T04:21:06.119914+00:00] main.DEBUG: cache_invalidate:  {"method":"GET","url":"http:/","invalidateInfo":{"identifier":"DB_PDO_MYSQL_DDL_catalogrule_product035d8efb_2"}} []
[2026-05-19T04:21:06.119930+00:00] main.DEBUG: cache_invalidate:  {"method":"GET","url":"http:/","invalidateInfo":{"identifier":"DB_PDO_MYSQL_DDL_catalogrule_product035d8efb_2"}} []
[2026-05-19T04:21:06.120000+00:00] main.DEBUG: cache_invalidate:  {"method":"GET","url":"http:/","invalidateInfo":{"identifier":"DB_PDO_MYSQL_DDL_catalogrule_product035d8efb_3"}} []
[2026-05-19T04:21:06.120016+00:00] main.DEBUG: cache_invalidate:  {"method":"GET","url":"http:/","invalidateInfo":{"identifier":"DB_PDO_MYSQL_DDL_catalogrule_product035d8efb_3"}} []
[2026-05-19T04:21:06.120091+00:00] main.DEBUG: cache_invalidate:  {"method":"GET","url":"http:/","invalidateInfo":{"identifier":"DB_PDO_MYSQL_DDL_catalogrule_product035d8efb_4"}} []
[2026-05-19T04:21:06.120106+00:00] main.DEBUG: cache_invalidate:  {"method":"GET","url":"http:/","invalidateInfo":{"identifier":"DB_PDO_MYSQL_DDL_catalogrule_product035d8efb_4"}} []
[2026-05-19T04:21:06.120175+00:00] main.DEBUG: cache_invalidate:  {"method":"GET","url":"http:/","invalidateInfo":{"identifier":"DB_PDO_MYSQL_DDL_catalogrule_product035d8efb_5"}} []
[2026-05-19T04:21:06.120191+00:00] main.DEBUG: cache_invalidate:  {"method":"GET","url":"http:/","invalidateInfo":{"identifier":"DB_PDO_MYSQL_DDL_catalogrule_product035d8efb_5"}} []
[2026-05-19T04:21:06.120282+00:00] main.DEBUG: cache_invalidate:  {"method":"GET","url":"http:/","invalidateInfo":{"identifier":"DB_PDO_MYSQL_DDL_catalogrule_product__temp4644bff5_1"}} []
[2026-05-19T04:21:06.120300+00:00] main.DEBUG: cache_invalidate:  {"method":"GET","url":"http:/","invalidateInfo":{"identifier":"DB_PDO_MYSQL_DDL_catalogrule_product__temp4644bff5_1"}} []
[2026-05-19T04:21:06.120371+00:00] main.DEBUG: cache_invalidate:  {"method":"GET","url":"http:/","invalidateInfo":{"identifier":"DB_PDO_MYSQL_DDL_catalogrule_product__temp4644bff5_2"}} []
[2026-05-19T04:21:06.120387+00:00] main.DEBUG: cache_invalidate:  {"method":"GET","url":"http:/","invalidateInfo":{"identifier":"DB_PDO_MYSQL_DDL_catalogrule_product__temp4644bff5_2"}} []
[2026-05-19T04:21:06.120458+00:00] main.DEBUG: cache_invalidate:  {"method":"GET","url":"http:/","invalidateInfo":{"identifier":"DB_PDO_MYSQL_DDL_catalogrule_product__temp4644bff5_3"}} []
[2026-05-19T04:21:06.120474+00:00] main.DEBUG: cache_invalidate:  {"method":"GET","url":"http:/","invalidateInfo":{"identifier":"DB_PDO_MYSQL_DDL_catalogrule_product__temp4644bff5_3"}} []
[2026-05-19T04:21:06.120544+00:00] main.DEBUG: cache_invalidate:  {"method":"GET","url":"http:/","invalidateInfo":{"identifier":"DB_PDO_MYSQL_DDL_catalogrule_product__temp4644bff5_4"}} []
[2026-05-19T04:21:06.120560+00:00] main.DEBUG: cache_invalidate:  {"method":"GET","url":"http:/","invalidateInfo":{"identifier":"DB_PDO_MYSQL_DDL_catalogrule_product__temp4644bff5_4"}} []
[2026-05-19T04:21:06.120630+00:00] main.DEBUG: cache_invalidate:  {"method":"GET","url":"http:/","invalidateInfo":{"identifier":"DB_PDO_MYSQL_DDL_catalogrule_product__temp4644bff5_5"}} []
[2026-05-19T04:21:06.120646+00:00] main.DEBUG: cache_invalidate:  {"method":"GET","url":"http:/","invalidateInfo":{"identifier":"DB_PDO_MYSQL_DDL_catalogrule_product__temp4644bff5_5"}} []
[2026-05-19T04:21:06.120722+00:00] main.DEBUG: cache_invalidate:  {"method":"GET","url":"http:/","invalidateInfo":{"identifier":"DB_PDO_MYSQL_DDL_catalogrule_product_price_1"}} []
[2026-05-19T04:21:06.120738+00:00] main.DEBUG: cache_invalidate:  {"method":"GET","url":"http:/","invalidateInfo":{"identifier":"DB_PDO_MYSQL_DDL_catalogrule_product_price_1"}} []
[2026-05-19T04:21:06.120809+00:00] main.DEBUG: cache_invalidate:  {"method":"GET","url":"http:/","invalidateInfo":{"identifier":"DB_PDO_MYSQL_DDL_catalogrule_product_price_2"}} []
[2026-05-19T04:21:06.120827+00:00] main.DEBUG: cache_invalidate:  {"method":"GET","url":"http:/","invalidateInfo":{"identifier":"DB_PDO_MYSQL_DDL_catalogrule_product_price_2"}} []
[2026-05-19T04:21:06.120900+00:00] main.DEBUG: cache_invalidate:  {"method":"GET","url":"http:/","invalidateInfo":{"identifier":"DB_PDO_MYSQL_DDL_catalogrule_product_price_3"}} []
[2026-05-19T04:21:06.120917+00:00] main.DEBUG: cache_invalidate:  {"method":"GET","url":"http:/","invalidateInfo":{"identifier":"DB_PDO_MYSQL_DDL_catalogrule_product_price_3"}} []
[2026-05-19T04:21:06.120984+00:00] main.DEBUG: cache_invalidate:  {"method":"GET","url":"http:/","invalidateInfo":{"identifier":"DB_PDO_MYSQL_DDL_catalogrule_product_price_4"}} []
[2026-05-19T04:21:06.120999+00:00] main.DEBUG: cache_invalidate:  {"method":"GET","url":"http:/","invalidateInfo":{"identifier":"DB_PDO_MYSQL_DDL_catalogrule_product_price_4"}} []
[2026-05-19T04:21:06.121065+00:00] main.DEBUG: cache_invalidate:  {"method":"GET","url":"http:/","invalidateInfo":{"identifier":"DB_PDO_MYSQL_DDL_catalogrule_product_price_5"}} []
[2026-05-19T04:21:06.121080+00:00] main.DEBUG: cache_invalidate:  {"method":"GET","url":"http:/","invalidateInfo":{"identifier":"DB_PDO_MYSQL_DDL_catalogrule_product_price_5"}} []
[2026-05-19T04:21:06.121147+00:00] main.DEBUG: cache_invalidate:  {"method":"GET","url":"http:/","invalidateInfo":{"identifier":"DB_PDO_MYSQL_DDL_catalogrule_product_price39a74769_1"}} []
[2026-05-19T04:21:06.121162+00:00] main.DEBUG: cache_invalidate:  {"method":"GET","url":"http:/","invalidateInfo":{"identifier":"DB_PDO_MYSQL_DDL_catalogrule_product_price39a74769_1"}} []
[2026-05-19T04:21:06.121237+00:00] main.DEBUG: cache_invalidate:  {"method":"GET","url":"http:/","invalidateInfo":{"identifier":"DB_PDO_MYSQL_DDL_catalogrule_product_price39a74769_2"}} []
[2026-05-19T04:21:06.121253+00:00] main.DEBUG: cache_invalidate:  {"method":"GET","url":"http:/","invalidateInfo":{"identifier":"DB_PDO_MYSQL_DDL_catalogrule_product_price39a74769_2"}} []
[2026-05-19T04:21:06.121324+00:00] main.DEBUG: cache_invalidate:  {"method":"GET","url":"http:/","invalidateInfo":{"identifier":"DB_PDO_MYSQL_DDL_catalogrule_product_price39a74769_3"}} []
[2026-05-19T04:21:06.121339+00:00] main.DEBUG: cache_invalidate:  {"method":"GET","url":"http:/","invalidateInfo":{"identifier":"DB_PDO_MYSQL_DDL_catalogrule_product_price39a74769_3"}} []
[2026-05-19T04:21:06.121405+00:00] main.DEBUG: cache_invalidate:  {"method":"GET","url":"http:/","invalidateInfo":{"identifier":"DB_PDO_MYSQL_DDL_catalogrule_product_price39a74769_4"}} []
[2026-05-19T04:21:06.121420+00:00] main.DEBUG: cache_invalidate:  {"method":"GET","url":"http:/","invalidateInfo":{"identifier":"DB_PDO_MYSQL_DDL_catalogrule_product_price39a74769_4"}} []
[2026-05-19T04:21:06.121486+00:00] main.DEBUG: cache_invalidate:  {"method":"GET","url":"http:/","invalidateInfo":{"identifier":"DB_PDO_MYSQL_DDL_catalogrule_product_price39a74769_5"}} []
[2026-05-19T04:21:06.121501+00:00] main.DEBUG: cache_invalidate:  {"method":"GET","url":"http:/","invalidateInfo":{"identifier":"DB_PDO_MYSQL_DDL_catalogrule_product_price39a74769_5"}} []
[2026-05-19T04:21:06.121568+00:00] main.DEBUG: cache_invalidate:  {"method":"GET","url":"http:/","invalidateInfo":{"identifier":"DB_PDO_MYSQL_DDL_catalogrule_product_price__temp93f6787f_1"}} []
[2026-05-19T04:21:06.121583+00:00] main.DEBUG: cache_invalidate:  {"method":"GET","url":"http:/","invalidateInfo":{"identifier":"DB_PDO_MYSQL_DDL_catalogrule_product_price__temp93f6787f_1"}} []
[2026-05-19T04:21:06.121655+00:00] main.DEBUG: cache_invalidate:  {"method":"GET","url":"http:/","invalidateInfo":{"identifier":"DB_PDO_MYSQL_DDL_catalogrule_product_price__temp93f6787f_2"}} []
[2026-05-19T04:21:06.121672+00:00] main.DEBUG: cache_invalidate:  {"method":"GET","url":"http:/","invalidateInfo":{"identifier":"DB_PDO_MYSQL_DDL_catalogrule_product_price__temp93f6787f_2"}} []
[2026-05-19T04:21:06.121742+00:00] main.DEBUG: cache_invalidate:  {"method":"GET","url":"http:/","invalidateInfo":{"identifier":"DB_PDO_MYSQL_DDL_catalogrule_product_price__temp93f6787f_3"}} []
[2026-05-19T04:21:06.121759+00:00] main.DEBUG: cache_invalidate:  {"method":"GET","url":"http:/","invalidateInfo":{"identifier":"DB_PDO_MYSQL_DDL_catalogrule_product_price__temp93f6787f_3"}} []
[2026-05-19T04:21:06.121831+00:00] main.DEBUG: cache_invalidate:  {"method":"GET","url":"http:/","invalidateInfo":{"identifier":"DB_PDO_MYSQL_DDL_catalogrule_product_price__temp93f6787f_4"}} []
[2026-05-19T04:21:06.121848+00:00] main.DEBUG: cache_invalidate:  {"method":"GET","url":"http:/","invalidateInfo":{"identifier":"DB_PDO_MYSQL_DDL_catalogrule_product_price__temp93f6787f_4"}} []
[2026-05-19T04:21:06.121920+00:00] main.DEBUG: cache_invalidate:  {"method":"GET","url":"http:/","invalidateInfo":{"identifier":"DB_PDO_MYSQL_DDL_catalogrule_product_price__temp93f6787f_5"}} []
[2026-05-19T04:21:06.121936+00:00] main.DEBUG: cache_invalidate:  {"method":"GET","url":"http:/","invalidateInfo":{"identifier":"DB_PDO_MYSQL_DDL_catalogrule_product_price__temp93f6787f_5"}} []
[2026-05-19T04:21:06.122005+00:00] main.DEBUG: cache_invalidate:  {"method":"GET","url":"http:/","invalidateInfo":{"identifier":"DB_PDO_MYSQL_DDL_catalogrule_group_website_1"}} []
[2026-05-19T04:21:06.122020+00:00] main.DEBUG: cache_invalidate:  {"method":"GET","url":"http:/","invalidateInfo":{"identifier":"DB_PDO_MYSQL_DDL_catalogrule_group_website_1"}} []
[2026-05-19T04:21:06.122086+00:00] main.DEBUG: cache_invalidate:  {"method":"GET","url":"http:/","invalidateInfo":{"identifier":"DB_PDO_MYSQL_DDL_catalogrule_group_website_2"}} []
[2026-05-19T04:21:06.122101+00:00] main.DEBUG: cache_invalidate:  {"method":"GET","url":"http:/","invalidateInfo":{"identifier":"DB_PDO_MYSQL_DDL_catalogrule_group_website_2"}} []
[2026-05-19T04:21:06.122167+00:00] main.DEBUG: cache_invalidate:  {"method":"GET","url":"http:/","invalidateInfo":{"identifier":"DB_PDO_MYSQL_DDL_catalogrule_group_website_3"}} []
[2026-05-19T04:21:06.122182+00:00] main.DEBUG: cache_invalidate:  {"method":"GET","url":"http:/","invalidateInfo":{"identifier":"DB_PDO_MYSQL_DDL_catalogrule_group_website_3"}} []
[2026-05-19T04:21:06.122259+00:00] main.DEBUG: cache_invalidate:  {"method":"GET","url":"http:/","invalidateInfo":{"identifier":"DB_PDO_MYSQL_DDL_catalogrule_group_website_4"}} []
[2026-05-19T04:21:06.122276+00:00] main.DEBUG: cache_invalidate:  {"method":"GET","url":"http:/","invalidateInfo":{"identifier":"DB_PDO_MYSQL_DDL_catalogrule_group_website_4"}} []
[2026-05-19T04:21:06.122349+00:00] main.DEBUG: cache_invalidate:  {"method":"GET","url":"http:/","invalidateInfo":{"identifier":"DB_PDO_MYSQL_DDL_catalogrule_group_website_5"}} []
[2026-05-19T04:21:06.122365+00:00] main.DEBUG: cache_invalidate:  {"method":"GET","url":"http:/","invalidateInfo":{"identifier":"DB_PDO_MYSQL_DDL_catalogrule_group_website_5"}} []
[2026-05-19T04:21:06.122445+00:00] main.DEBUG: cache_invalidate:  {"method":"GET","url":"http:/","invalidateInfo":{"identifier":"DB_PDO_MYSQL_DDL_catalogrule_group_websitef5067626_1"}} []
[2026-05-19T04:21:06.122467+00:00] main.DEBUG: cache_invalidate:  {"method":"GET","url":"http:/","invalidateInfo":{"identifier":"DB_PDO_MYSQL_DDL_catalogrule_group_websitef5067626_1"}} []
[2026-05-19T04:21:06.122543+00:00] main.DEBUG: cache_invalidate:  {"method":"GET","url":"http:/","invalidateInfo":{"identifier":"DB_PDO_MYSQL_DDL_catalogrule_group_websitef5067626_2"}} []
[2026-05-19T04:21:06.122559+00:00] main.DEBUG: cache_invalidate:  {"method":"GET","url":"http:/","invalidateInfo":{"identifier":"DB_PDO_MYSQL_DDL_catalogrule_group_websitef5067626_2"}} []
[2026-05-19T04:21:06.122629+00:00] main.DEBUG: cache_invalidate:  {"method":"GET","url":"http:/","invalidateInfo":{"identifier":"DB_PDO_MYSQL_DDL_catalogrule_group_websitef5067626_3"}} []
[2026-05-19T04:21:06.122645+00:00] main.DEBUG: cache_invalidate:  {"method":"GET","url":"http:/","invalidateInfo":{"identifier":"DB_PDO_MYSQL_DDL_catalogrule_group_websitef5067626_3"}} []
[2026-05-19T04:21:06.122711+00:00] main.DEBUG: cache_invalidate:  {"method":"GET","url":"http:/","invalidateInfo":{"identifier":"DB_PDO_MYSQL_DDL_catalogrule_group_websitef5067626_4"}} []
[2026-05-19T04:21:06.122729+00:00] main.DEBUG: cache_invalidate:  {"method":"GET","url":"http:/","invalidateInfo":{"identifier":"DB_PDO_MYSQL_DDL_catalogrule_group_websitef5067626_4"}} []
[2026-05-19T04:21:06.122812+00:00] main.DEBUG: cache_invalidate:  {"method":"GET","url":"http:/","invalidateInfo":{"identifier":"DB_PDO_MYSQL_DDL_catalogrule_group_websitef5067626_5"}} []
[2026-05-19T04:21:06.122833+00:00] main.DEBUG: cache_invalidate:  {"method":"GET","url":"http:/","invalidateInfo":{"identifier":"DB_PDO_MYSQL_DDL_catalogrule_group_websitef5067626_5"}} []
[2026-05-19T04:21:06.122906+00:00] main.DEBUG: cache_invalidate:  {"method":"GET","url":"http:/","invalidateInfo":{"identifier":"DB_PDO_MYSQL_DDL_catalogrule_group_website__temp9f332c16_1"}} []
[2026-05-19T04:21:06.122922+00:00] main.DEBUG: cache_invalidate:  {"method":"GET","url":"http:/","invalidateInfo":{"identifier":"DB_PDO_MYSQL_DDL_catalogrule_group_website__temp9f332c16_1"}} []
[2026-05-19T04:21:06.122987+00:00] main.DEBUG: cache_invalidate:  {"method":"GET","url":"http:/","invalidateInfo":{"identifier":"DB_PDO_MYSQL_DDL_catalogrule_group_website__temp9f332c16_2"}} []
[2026-05-19T04:21:06.123002+00:00] main.DEBUG: cache_invalidate:  {"method":"GET","url":"http:/","invalidateInfo":{"identifier":"DB_PDO_MYSQL_DDL_catalogrule_group_website__temp9f332c16_2"}} []
[2026-05-19T04:21:06.123069+00:00] main.DEBUG: cache_invalidate:  {"method":"GET","url":"http:/","invalidateInfo":{"identifier":"DB_PDO_MYSQL_DDL_catalogrule_group_website__temp9f332c16_3"}} []
[2026-05-19T04:21:06.123085+00:00] main.DEBUG: cache_invalidate:  {"method":"GET","url":"http:/","invalidateInfo":{"identifier":"DB_PDO_MYSQL_DDL_catalogrule_group_website__temp9f332c16_3"}} []
[2026-05-19T04:21:06.123151+00:00] main.DEBUG: cache_invalidate:  {"method":"GET","url":"http:/","invalidateInfo":{"identifier":"DB_PDO_MYSQL_DDL_catalogrule_group_website__temp9f332c16_4"}} []
[2026-05-19T04:21:06.123170+00:00] main.DEBUG: cache_invalidate:  {"method":"GET","url":"http:/","invalidateInfo":{"identifier":"DB_PDO_MYSQL_DDL_catalogrule_group_website__temp9f332c16_4"}} []
[2026-05-19T04:21:06.123252+00:00] main.DEBUG: cache_invalidate:  {"method":"GET","url":"http:/","invalidateInfo":{"identifier":"DB_PDO_MYSQL_DDL_catalogrule_group_website__temp9f332c16_5"}} []
[2026-05-19T04:21:06.123270+00:00] main.DEBUG: cache_invalidate:  {"method":"GET","url":"http:/","invalidateInfo":{"identifier":"DB_PDO_MYSQL_DDL_catalogrule_group_website__temp9f332c16_5"}} []
[2026-05-19T04:21:06.133855+00:00] main.DEBUG: cache_invalidate:  {"method":"GET","url":"http:/","invalidateInfo":{"identifier":"DB_PDO_MYSQL_DDL_catalogrule_product035d8efb_1"}} []
[2026-05-19T04:21:06.133908+00:00] main.DEBUG: cache_invalidate:  {"method":"GET","url":"http:/","invalidateInfo":{"identifier":"DB_PDO_MYSQL_DDL_catalogrule_product035d8efb_1"}} []
[2026-05-19T04:21:06.133989+00:00] main.DEBUG: cache_invalidate:  {"method":"GET","url":"http:/","invalidateInfo":{"identifier":"DB_PDO_MYSQL_DDL_catalogrule_product035d8efb_2"}} []
[2026-05-19T04:21:06.134007+00:00] main.DEBUG: cache_invalidate:  {"method":"GET","url":"http:/","invalidateInfo":{"identifier":"DB_PDO_MYSQL_DDL_catalogrule_product035d8efb_2"}} []
[2026-05-19T04:21:06.134077+00:00] main.DEBUG: cache_invalidate:  {"method":"GET","url":"http:/","invalidateInfo":{"identifier":"DB_PDO_MYSQL_DDL_catalogrule_product035d8efb_3"}} []
[2026-05-19T04:21:06.134093+00:00] main.DEBUG: cache_invalidate:  {"method":"GET","url":"http:/","invalidateInfo":{"identifier":"DB_PDO_MYSQL_DDL_catalogrule_product035d8efb_3"}} []
[2026-05-19T04:21:06.134160+00:00] main.DEBUG: cache_invalidate:  {"method":"GET","url":"http:/","invalidateInfo":{"identifier":"DB_PDO_MYSQL_DDL_catalogrule_product035d8efb_4"}} []
[2026-05-19T04:21:06.134176+00:00] main.DEBUG: cache_invalidate:  {"method":"GET","url":"http:/","invalidateInfo":{"identifier":"DB_PDO_MYSQL_DDL_catalogrule_product035d8efb_4"}} []
[2026-05-19T04:21:06.134275+00:00] main.DEBUG: cache_invalidate:  {"method":"GET","url":"http:/","invalidateInfo":{"identifier":"DB_PDO_MYSQL_DDL_catalogrule_product035d8efb_5"}} []
[2026-05-19T04:21:06.134293+00:00] main.DEBUG: cache_invalidate:  {"method":"GET","url":"http:/","invalidateInfo":{"identifier":"DB_PDO_MYSQL_DDL_catalogrule_product035d8efb_5"}} []
[2026-05-19T04:21:06.145301+00:00] main.DEBUG: cache_invalidate:  {"method":"GET","url":"http:/","invalidateInfo":{"identifier":"DB_PDO_MYSQL_DDL_catalogrule_product_price39a74769_1"}} []
[2026-05-19T04:21:06.145352+00:00] main.DEBUG: cache_invalidate:  {"method":"GET","url":"http:/","invalidateInfo":{"identifier":"DB_PDO_MYSQL_DDL_catalogrule_product_price39a74769_1"}} []
[2026-05-19T04:21:06.145429+00:00] main.DEBUG: cache_invalidate:  {"method":"GET","url":"http:/","invalidateInfo":{"identifier":"DB_PDO_MYSQL_DDL_catalogrule_product_price39a74769_2"}} []
[2026-05-19T04:21:06.145448+00:00] main.DEBUG: cache_invalidate:  {"method":"GET","url":"http:/","invalidateInfo":{"identifier":"DB_PDO_MYSQL_DDL_catalogrule_product_price39a74769_2"}} []
[2026-05-19T04:21:06.145520+00:00] main.DEBUG: cache_invalidate:  {"method":"GET","url":"http:/","invalidateInfo":{"identifier":"DB_PDO_MYSQL_DDL_catalogrule_product_price39a74769_3"}} []
[2026-05-19T04:21:06.145537+00:00] main.DEBUG: cache_invalidate:  {"method":"GET","url":"http:/","invalidateInfo":{"identifier":"DB_PDO_MYSQL_DDL_catalogrule_product_price39a74769_3"}} []
[2026-05-19T04:21:06.145604+00:00] main.DEBUG: cache_invalidate:  {"method":"GET","url":"http:/","invalidateInfo":{"identifier":"DB_PDO_MYSQL_DDL_catalogrule_product_price39a74769_4"}} []
[2026-05-19T04:21:06.145621+00:00] main.DEBUG: cache_invalidate:  {"method":"GET","url":"http:/","invalidateInfo":{"identifier":"DB_PDO_MYSQL_DDL_catalogrule_product_price39a74769_4"}} []
[2026-05-19T04:21:06.145691+00:00] main.DEBUG: cache_invalidate:  {"method":"GET","url":"http:/","invalidateInfo":{"identifier":"DB_PDO_MYSQL_DDL_catalogrule_product_price39a74769_5"}} []
[2026-05-19T04:21:06.145707+00:00] main.DEBUG: cache_invalidate:  {"method":"GET","url":"http:/","invalidateInfo":{"identifier":"DB_PDO_MYSQL_DDL_catalogrule_product_price39a74769_5"}} []
[2026-05-19T04:21:06.152057+00:00] main.DEBUG: cache_invalidate:  {"method":"GET","url":"http:/","invalidateInfo":{"identifier":"DB_PDO_MYSQL_DDL_catalogrule_group_websitef5067626_1"}} []
[2026-05-19T04:21:06.152109+00:00] main.DEBUG: cache_invalidate:  {"method":"GET","url":"http:/","invalidateInfo":{"identifier":"DB_PDO_MYSQL_DDL_catalogrule_group_websitef5067626_1"}} []
[2026-05-19T04:21:06.152184+00:00] main.DEBUG: cache_invalidate:  {"method":"GET","url":"http:/","invalidateInfo":{"identifier":"DB_PDO_MYSQL_DDL_catalogrule_group_websitef5067626_2"}} []
[2026-05-19T04:21:06.152200+00:00] main.DEBUG: cache_invalidate:  {"method":"GET","url":"http:/","invalidateInfo":{"identifier":"DB_PDO_MYSQL_DDL_catalogrule_group_websitef5067626_2"}} []
[2026-05-19T04:21:06.152296+00:00] main.DEBUG: cache_invalidate:  {"method":"GET","url":"http:/","invalidateInfo":{"identifier":"DB_PDO_MYSQL_DDL_catalogrule_group_websitef5067626_3"}} []
[2026-05-19T04:21:06.152314+00:00] main.DEBUG: cache_invalidate:  {"method":"GET","url":"http:/","invalidateInfo":{"identifier":"DB_PDO_MYSQL_DDL_catalogrule_group_websitef5067626_3"}} []
[2026-05-19T04:21:06.152383+00:00] main.DEBUG: cache_invalidate:  {"method":"GET","url":"http:/","invalidateInfo":{"identifier":"DB_PDO_MYSQL_DDL_catalogrule_group_websitef5067626_4"}} []
[2026-05-19T04:21:06.152399+00:00] main.DEBUG: cache_invalidate:  {"method":"GET","url":"http:/","invalidateInfo":{"identifier":"DB_PDO_MYSQL_DDL_catalogrule_group_websitef5067626_4"}} []
[2026-05-19T04:21:06.152479+00:00] main.DEBUG: cache_invalidate:  {"method":"GET","url":"http:/","invalidateInfo":{"identifier":"DB_PDO_MYSQL_DDL_catalogrule_group_websitef5067626_5"}} []
[2026-05-19T04:21:06.152495+00:00] main.DEBUG: cache_invalidate:  {"method":"GET","url":"http:/","invalidateInfo":{"identifier":"DB_PDO_MYSQL_DDL_catalogrule_group_websitef5067626_5"}} []
[2026-05-19T04:21:06.164094+00:00] main.DEBUG: cache_invalidate:  {"method":"GET","url":"http:/","invalidateInfo":{"tags":["cat_c","FPC","MAGE"],"mode":"matchingTag"}} []
[2026-05-19T04:21:06.164148+00:00] main.DEBUG: cache_invalidate:  {"method":"GET","url":"http:/","invalidateInfo":{"tags":["cat_c","FPC"],"mode":"matchingTag"}} []
[2026-05-19T04:21:06.164176+00:00] main.DEBUG: cache_invalidate:  {"method":"GET","url":"http:/","invalidateInfo":{"tags":["cat_p","FPC","MAGE"],"mode":"matchingTag"}} []
[2026-05-19T04:21:06.164194+00:00] main.DEBUG: cache_invalidate:  {"method":"GET","url":"http:/","invalidateInfo":{"tags":["cat_p","FPC"],"mode":"matchingTag"}} []
[2026-05-19T04:21:06.164214+00:00] main.DEBUG: cache_invalidate:  {"method":"GET","url":"http:/","invalidateInfo":{"tags":["BLOCK_HTML","FPC","MAGE"],"mode":"matchingTag"}} []
[2026-05-19T04:21:06.164250+00:00] main.DEBUG: cache_invalidate:  {"method":"GET","url":"http:/","invalidateInfo":{"tags":["BLOCK_HTML","FPC"],"mode":"matchingTag"}} []
[2026-05-19T04:21:06.164279+00:00] main.DEBUG: cache_invalidate:  {"method":"GET","url":"http:/","invalidateInfo":{"tags":["cat_c","MAGE"],"mode":"matchingTag"}} []
[2026-05-19T04:21:06.164298+00:00] main.DEBUG: cache_invalidate:  {"method":"GET","url":"http:/","invalidateInfo":{"tags":["cat_p","MAGE"],"mode":"matchingTag"}} []
[2026-05-19T04:21:06.164321+00:00] main.DEBUG: cache_invalidate:  {"method":"GET","url":"http:/","invalidateInfo":{"tags":["BLOCK_HTML","MAGE"],"mode":"matchingTag"}} []
[2026-05-19T04:21:06.164338+00:00] main.DEBUG: cache_invalidate:  {"method":"GET","url":"http:/","invalidateInfo":{"tags":["cat_c","cat_p","BLOCK_HTML"],"mode":"matchingAnyTag"}} []
[2026-05-19T04:21:06.237390+00:00] main.DEBUG: cache_invalidate:  {"method":"GET","url":"http:/","invalidateInfo":{"identifier":"DB_PDO_MYSQL_DDL_catalog_product_index_eav_1"}} []
[2026-05-19T04:21:06.237451+00:00] main.DEBUG: cache_invalidate:  {"method":"GET","url":"http:/","invalidateInfo":{"identifier":"DB_PDO_MYSQL_DDL_catalog_product_index_eav_1"}} []
[2026-05-19T04:21:06.237538+00:00] main.DEBUG: cache_invalidate:  {"method":"GET","url":"http:/","invalidateInfo":{"identifier":"DB_PDO_MYSQL_DDL_catalog_product_index_eav_2"}} []
[2026-05-19T04:21:06.237556+00:00] main.DEBUG: cache_invalidate:  {"method":"GET","url":"http:/","invalidateInfo":{"identifier":"DB_PDO_MYSQL_DDL_catalog_product_index_eav_2"}} []
[2026-05-19T04:21:06.237631+00:00] main.DEBUG: cache_invalidate:  {"method":"GET","url":"http:/","invalidateInfo":{"identifier":"DB_PDO_MYSQL_DDL_catalog_product_index_eav_3"}} []
[2026-05-19T04:21:06.237648+00:00] main.DEBUG: cache_invalidate:  {"method":"GET","url":"http:/","invalidateInfo":{"identifier":"DB_PDO_MYSQL_DDL_catalog_product_index_eav_3"}} []
[2026-05-19T04:21:06.237727+00:00] main.DEBUG: cache_invalidate:  {"method":"GET","url":"http:/","invalidateInfo":{"identifier":"DB_PDO_MYSQL_DDL_catalog_product_index_eav_4"}} []
[2026-05-19T04:21:06.237743+00:00] main.DEBUG: cache_invalidate:  {"method":"GET","url":"http:/","invalidateInfo":{"identifier":"DB_PDO_MYSQL_DDL_catalog_product_index_eav_4"}} []
[2026-05-19T04:21:06.237816+00:00] main.DEBUG: cache_invalidate:  {"method":"GET","url":"http:/","invalidateInfo":{"identifier":"DB_PDO_MYSQL_DDL_catalog_product_index_eav_5"}} []
[2026-05-19T04:21:06.237832+00:00] main.DEBUG: cache_invalidate:  {"method":"GET","url":"http:/","invalidateInfo":{"identifier":"DB_PDO_MYSQL_DDL_catalog_product_index_eav_5"}} []
[2026-05-19T04:21:06.237904+00:00] main.DEBUG: cache_invalidate:  {"method":"GET","url":"http:/","invalidateInfo":{"identifier":"DB_PDO_MYSQL_DDL_catalog_product_index_eav_outdated_1"}} []
[2026-05-19T04:21:06.237921+00:00] main.DEBUG: cache_invalidate:  {"method":"GET","url":"http:/","invalidateInfo":{"identifier":"DB_PDO_MYSQL_DDL_catalog_product_index_eav_outdated_1"}} []
[2026-05-19T04:21:06.237993+00:00] main.DEBUG: cache_invalidate:  {"method":"GET","url":"http:/","invalidateInfo":{"identifier":"DB_PDO_MYSQL_DDL_catalog_product_index_eav_outdated_2"}} []
[2026-05-19T04:21:06.238014+00:00] main.DEBUG: cache_invalidate:  {"method":"GET","url":"http:/","invalidateInfo":{"identifier":"DB_PDO_MYSQL_DDL_catalog_product_index_eav_outdated_2"}} []
[2026-05-19T04:21:06.238086+00:00] main.DEBUG: cache_invalidate:  {"method":"GET","url":"http:/","invalidateInfo":{"identifier":"DB_PDO_MYSQL_DDL_catalog_product_index_eav_outdated_3"}} []
[2026-05-19T04:21:06.238101+00:00] main.DEBUG: cache_invalidate:  {"method":"GET","url":"http:/","invalidateInfo":{"identifier":"DB_PDO_MYSQL_DDL_catalog_product_index_eav_outdated_3"}} []
[2026-05-19T04:21:06.238172+00:00] main.DEBUG: cache_invalidate:  {"method":"GET","url":"http:/","invalidateInfo":{"identifier":"DB_PDO_MYSQL_DDL_catalog_product_index_eav_outdated_4"}} []
[2026-05-19T04:21:06.238187+00:00] main.DEBUG: cache_invalidate:  {"method":"GET","url":"http:/","invalidateInfo":{"identifier":"DB_PDO_MYSQL_DDL_catalog_product_index_eav_outdated_4"}} []
[2026-05-19T04:21:06.238275+00:00] main.DEBUG: cache_invalidate:  {"method":"GET","url":"http:/","invalidateInfo":{"identifier":"DB_PDO_MYSQL_DDL_catalog_product_index_eav_outdated_5"}} []
[2026-05-19T04:21:06.238293+00:00] main.DEBUG: cache_invalidate:  {"method":"GET","url":"http:/","invalidateInfo":{"identifier":"DB_PDO_MYSQL_DDL_catalog_product_index_eav_outdated_5"}} []
[2026-05-19T04:21:06.238369+00:00] main.DEBUG: cache_invalidate:  {"method":"GET","url":"http:/","invalidateInfo":{"identifier":"DB_PDO_MYSQL_DDL_catalog_product_index_eav_replica_1"}} []
[2026-05-19T04:21:06.238385+00:00] main.DEBUG: cache_invalidate:  {"method":"GET","url":"http:/","invalidateInfo":{"identifier":"DB_PDO_MYSQL_DDL_catalog_product_index_eav_replica_1"}} []
[2026-05-19T04:21:06.238457+00:00] main.DEBUG: cache_invalidate:  {"method":"GET","url":"http:/","invalidateInfo":{"identifier":"DB_PDO_MYSQL_DDL_catalog_product_index_eav_replica_2"}} []
[2026-05-19T04:21:06.238473+00:00] main.DEBUG: cache_invalidate:  {"method":"GET","url":"http:/","invalidateInfo":{"identifier":"DB_PDO_MYSQL_DDL_catalog_product_index_eav_replica_2"}} []
[2026-05-19T04:21:06.238546+00:00] main.DEBUG: cache_invalidate:  {"method":"GET","url":"http:/","invalidateInfo":{"identifier":"DB_PDO_MYSQL_DDL_catalog_product_index_eav_replica_3"}} []
[2026-05-19T04:21:06.238562+00:00] main.DEBUG: cache_invalidate:  {"method":"GET","url":"http:/","invalidateInfo":{"identifier":"DB_PDO_MYSQL_DDL_catalog_product_index_eav_replica_3"}} []
[2026-05-19T04:21:06.238636+00:00] main.DEBUG: cache_invalidate:  {"method":"GET","url":"http:/","invalidateInfo":{"identifier":"DB_PDO_MYSQL_DDL_catalog_product_index_eav_replica_4"}} []
[2026-05-19T04:21:06.238652+00:00] main.DEBUG: cache_invalidate:  {"method":"GET","url":"http:/","invalidateInfo":{"identifier":"DB_PDO_MYSQL_DDL_catalog_product_index_eav_replica_4"}} []
[2026-05-19T04:21:06.238909+00:00] main.DEBUG: cache_invalidate:  {"method":"GET","url":"http:/","invalidateInfo":{"identifier":"DB_PDO_MYSQL_DDL_catalog_product_index_eav_replica_5"}} []
[2026-05-19T04:21:06.238949+00:00] main.DEBUG: cache_invalidate:  {"method":"GET","url":"http:/","invalidateInfo":{"identifier":"DB_PDO_MYSQL_DDL_catalog_product_index_eav_replica_5"}} []
[2026-05-19T04:21:06.290930+00:00] main.DEBUG: cache_invalidate:  {"method":"GET","url":"http:/","invalidateInfo":{"identifier":"DB_PDO_MYSQL_DDL_catalog_product_index_eav_decimal_1"}} []
[2026-05-19T04:21:06.291000+00:00] main.DEBUG: cache_invalidate:  {"method":"GET","url":"http:/","invalidateInfo":{"identifier":"DB_PDO_MYSQL_DDL_catalog_product_index_eav_decimal_1"}} []
[2026-05-19T04:21:06.291085+00:00] main.DEBUG: cache_invalidate:  {"method":"GET","url":"http:/","invalidateInfo":{"identifier":"DB_PDO_MYSQL_DDL_catalog_product_index_eav_decimal_2"}} []
[2026-05-19T04:21:06.291103+00:00] main.DEBUG: cache_invalidate:  {"method":"GET","url":"http:/","invalidateInfo":{"identifier":"DB_PDO_MYSQL_DDL_catalog_product_index_eav_decimal_2"}} []
[2026-05-19T04:21:06.291197+00:00] main.DEBUG: cache_invalidate:  {"method":"GET","url":"http:/","invalidateInfo":{"identifier":"DB_PDO_MYSQL_DDL_catalog_product_index_eav_decimal_3"}} []
[2026-05-19T04:21:06.291227+00:00] main.DEBUG: cache_invalidate:  {"method":"GET","url":"http:/","invalidateInfo":{"identifier":"DB_PDO_MYSQL_DDL_catalog_product_index_eav_decimal_3"}} []
[2026-05-19T04:21:06.291330+00:00] main.DEBUG: cache_invalidate:  {"method":"GET","url":"http:/","invalidateInfo":{"identifier":"DB_PDO_MYSQL_DDL_catalog_product_index_eav_decimal_4"}} []
[2026-05-19T04:21:06.291347+00:00] main.DEBUG: cache_invalidate:  {"method":"GET","url":"http:/","invalidateInfo":{"identifier":"DB_PDO_MYSQL_DDL_catalog_product_index_eav_decimal_4"}} []
[2026-05-19T04:21:06.291424+00:00] main.DEBUG: cache_invalidate:  {"method":"GET","url":"http:/","invalidateInfo":{"identifier":"DB_PDO_MYSQL_DDL_catalog_product_index_eav_decimal_5"}} []
[2026-05-19T04:21:06.291440+00:00] main.DEBUG: cache_invalidate:  {"method":"GET","url":"http:/","invalidateInfo":{"identifier":"DB_PDO_MYSQL_DDL_catalog_product_index_eav_decimal_5"}} []
[2026-05-19T04:21:06.291517+00:00] main.DEBUG: cache_invalidate:  {"method":"GET","url":"http:/","invalidateInfo":{"identifier":"DB_PDO_MYSQL_DDL_catalog_product_index_eav_decimal_outdated_1"}} []
[2026-05-19T04:21:06.291534+00:00] main.DEBUG: cache_invalidate:  {"method":"GET","url":"http:/","invalidateInfo":{"identifier":"DB_PDO_MYSQL_DDL_catalog_product_index_eav_decimal_outdated_1"}} []
[2026-05-19T04:21:06.291608+00:00] main.DEBUG: cache_invalidate:  {"method":"GET","url":"http:/","invalidateInfo":{"identifier":"DB_PDO_MYSQL_DDL_catalog_product_index_eav_decimal_outdated_2"}} []
[2026-05-19T04:21:06.291623+00:00] main.DEBUG: cache_invalidate:  {"method":"GET","url":"http:/","invalidateInfo":{"identifier":"DB_PDO_MYSQL_DDL_catalog_product_index_eav_decimal_outdated_2"}} []
[2026-05-19T04:21:06.291692+00:00] main.DEBUG: cache_invalidate:  {"method":"GET","url":"http:/","invalidateInfo":{"identifier":"DB_PDO_MYSQL_DDL_catalog_product_index_eav_decimal_outdated_3"}} []
[2026-05-19T04:21:06.291708+00:00] main.DEBUG: cache_invalidate:  {"method":"GET","url":"http:/","invalidateInfo":{"identifier":"DB_PDO_MYSQL_DDL_catalog_product_index_eav_decimal_outdated_3"}} []
[2026-05-19T04:21:06.291777+00:00] main.DEBUG: cache_invalidate:  {"method":"GET","url":"http:/","invalidateInfo":{"identifier":"DB_PDO_MYSQL_DDL_catalog_product_index_eav_decimal_outdated_4"}} []
[2026-05-19T04:21:06.291792+00:00] main.DEBUG: cache_invalidate:  {"method":"GET","url":"http:/","invalidateInfo":{"identifier":"DB_PDO_MYSQL_DDL_catalog_product_index_eav_decimal_outdated_4"}} []
[2026-05-19T04:21:06.291863+00:00] main.DEBUG: cache_invalidate:  {"method":"GET","url":"http:/","invalidateInfo":{"identifier":"DB_PDO_MYSQL_DDL_catalog_product_index_eav_decimal_outdated_5"}} []
[2026-05-19T04:21:06.291878+00:00] main.DEBUG: cache_invalidate:  {"method":"GET","url":"http:/","invalidateInfo":{"identifier":"DB_PDO_MYSQL_DDL_catalog_product_index_eav_decimal_outdated_5"}} []
[2026-05-19T04:21:06.291954+00:00] main.DEBUG: cache_invalidate:  {"method":"GET","url":"http:/","invalidateInfo":{"identifier":"DB_PDO_MYSQL_DDL_catalog_product_index_eav_decimal_replica_1"}} []
[2026-05-19T04:21:06.291969+00:00] main.DEBUG: cache_invalidate:  {"method":"GET","url":"http:/","invalidateInfo":{"identifier":"DB_PDO_MYSQL_DDL_catalog_product_index_eav_decimal_replica_1"}} []
[2026-05-19T04:21:06.292041+00:00] main.DEBUG: cache_invalidate:  {"method":"GET","url":"http:/","invalidateInfo":{"identifier":"DB_PDO_MYSQL_DDL_catalog_product_index_eav_decimal_replica_2"}} []
[2026-05-19T04:21:06.292057+00:00] main.DEBUG: cache_invalidate:  {"method":"GET","url":"http:/","invalidateInfo":{"identifier":"DB_PDO_MYSQL_DDL_catalog_product_index_eav_decimal_replica_2"}} []
[2026-05-19T04:21:06.292129+00:00] main.DEBUG: cache_invalidate:  {"method":"GET","url":"http:/","invalidateInfo":{"identifier":"DB_PDO_MYSQL_DDL_catalog_product_index_eav_decimal_replica_3"}} []
[2026-05-19T04:21:06.292144+00:00] main.DEBUG: cache_invalidate:  {"method":"GET","url":"http:/","invalidateInfo":{"identifier":"DB_PDO_MYSQL_DDL_catalog_product_index_eav_decimal_replica_3"}} []
[2026-05-19T04:21:06.292215+00:00] main.DEBUG: cache_invalidate:  {"method":"GET","url":"http:/","invalidateInfo":{"identifier":"DB_PDO_MYSQL_DDL_catalog_product_index_eav_decimal_replica_4"}} []
[2026-05-19T04:21:06.292246+00:00] main.DEBUG: cache_invalidate:  {"method":"GET","url":"http:/","invalidateInfo":{"identifier":"DB_PDO_MYSQL_DDL_catalog_product_index_eav_decimal_replica_4"}} []
[2026-05-19T04:21:06.292479+00:00] main.DEBUG: cache_invalidate:  {"method":"GET","url":"http:/","invalidateInfo":{"identifier":"DB_PDO_MYSQL_DDL_catalog_product_index_eav_decimal_replica_5"}} []
[2026-05-19T04:21:06.292497+00:00] main.DEBUG: cache_invalidate:  {"method":"GET","url":"http:/","invalidateInfo":{"identifier":"DB_PDO_MYSQL_DDL_catalog_product_index_eav_decimal_replica_5"}} []
[2026-05-19T04:21:06.292606+00:00] main.DEBUG: cache_invalidate:  {"method":"GET","url":"http:/","invalidateInfo":{"tags":["cat_c","FPC","MAGE"],"mode":"matchingTag"}} []
[2026-05-19T04:21:06.292626+00:00] main.DEBUG: cache_invalidate:  {"method":"GET","url":"http:/","invalidateInfo":{"tags":["cat_c","FPC"],"mode":"matchingTag"}} []
[2026-05-19T04:21:06.292648+00:00] main.DEBUG: cache_invalidate:  {"method":"GET","url":"http:/","invalidateInfo":{"tags":["cat_p","FPC","MAGE"],"mode":"matchingTag"}} []
[2026-05-19T04:21:06.292664+00:00] main.DEBUG: cache_invalidate:  {"method":"GET","url":"http:/","invalidateInfo":{"tags":["cat_p","FPC"],"mode":"matchingTag"}} []
[2026-05-19T04:21:06.292686+00:00] main.DEBUG: cache_invalidate:  {"method":"GET","url":"http:/","invalidateInfo":{"tags":["cat_c","MAGE"],"mode":"matchingTag"}} []
[2026-05-19T04:21:06.292705+00:00] main.DEBUG: cache_invalidate:  {"method":"GET","url":"http:/","invalidateInfo":{"tags":["cat_p","MAGE"],"mode":"matchingTag"}} []
[2026-05-19T04:21:06.292720+00:00] main.DEBUG: cache_invalidate:  {"method":"GET","url":"http:/","invalidateInfo":{"tags":["cat_c","cat_p"],"mode":"matchingAnyTag"}} []
[2026-05-19T04:21:06.384189+00:00] main.DEBUG: cache_invalidate:  {"method":"GET","url":"http:/","invalidateInfo":{"identifier":"DB_PDO_MYSQL_DDL_catalog_product_index_price_1"}} []
[2026-05-19T04:21:06.384266+00:00] main.DEBUG: cache_invalidate:  {"method":"GET","url":"http:/","invalidateInfo":{"identifier":"DB_PDO_MYSQL_DDL_catalog_product_index_price_1"}} []
[2026-05-19T04:21:06.384364+00:00] main.DEBUG: cache_invalidate:  {"method":"GET","url":"http:/","invalidateInfo":{"identifier":"DB_PDO_MYSQL_DDL_catalog_product_index_price_2"}} []
[2026-05-19T04:21:06.384389+00:00] main.DEBUG: cache_invalidate:  {"method":"GET","url":"http:/","invalidateInfo":{"identifier":"DB_PDO_MYSQL_DDL_catalog_product_index_price_2"}} []
[2026-05-19T04:21:06.384473+00:00] main.DEBUG: cache_invalidate:  {"method":"GET","url":"http:/","invalidateInfo":{"identifier":"DB_PDO_MYSQL_DDL_catalog_product_index_price_3"}} []
[2026-05-19T04:21:06.384490+00:00] main.DEBUG: cache_invalidate:  {"method":"GET","url":"http:/","invalidateInfo":{"identifier":"DB_PDO_MYSQL_DDL_catalog_product_index_price_3"}} []
[2026-05-19T04:21:06.384566+00:00] main.DEBUG: cache_invalidate:  {"method":"GET","url":"http:/","invalidateInfo":{"identifier":"DB_PDO_MYSQL_DDL_catalog_product_index_price_4"}} []
[2026-05-19T04:21:06.384582+00:00] main.DEBUG: cache_invalidate:  {"method":"GET","url":"http:/","invalidateInfo":{"identifier":"DB_PDO_MYSQL_DDL_catalog_product_index_price_4"}} []
[2026-05-19T04:21:06.384657+00:00] main.DEBUG: cache_invalidate:  {"method":"GET","url":"http:/","invalidateInfo":{"identifier":"DB_PDO_MYSQL_DDL_catalog_product_index_price_5"}} []
[2026-05-19T04:21:06.384673+00:00] main.DEBUG: cache_invalidate:  {"method":"GET","url":"http:/","invalidateInfo":{"identifier":"DB_PDO_MYSQL_DDL_catalog_product_index_price_5"}} []
[2026-05-19T04:21:06.384748+00:00] main.DEBUG: cache_invalidate:  {"method":"GET","url":"http:/","invalidateInfo":{"identifier":"DB_PDO_MYSQL_DDL_catalog_product_index_price_outdated_1"}} []
[2026-05-19T04:21:06.384764+00:00] main.DEBUG: cache_invalidate:  {"method":"GET","url":"http:/","invalidateInfo":{"identifier":"DB_PDO_MYSQL_DDL_catalog_product_index_price_outdated_1"}} []
[2026-05-19T04:21:06.384841+00:00] main.DEBUG: cache_invalidate:  {"method":"GET","url":"http:/","invalidateInfo":{"identifier":"DB_PDO_MYSQL_DDL_catalog_product_index_price_outdated_2"}} []
[2026-05-19T04:21:06.384856+00:00] main.DEBUG: cache_invalidate:  {"method":"GET","url":"http:/","invalidateInfo":{"identifier":"DB_PDO_MYSQL_DDL_catalog_product_index_price_outdated_2"}} []
[2026-05-19T04:21:06.384923+00:00] main.DEBUG: cache_invalidate:  {"method":"GET","url":"http:/","invalidateInfo":{"identifier":"DB_PDO_MYSQL_DDL_catalog_product_index_price_outdated_3"}} []
[2026-05-19T04:21:06.384938+00:00] main.DEBUG: cache_invalidate:  {"method":"GET","url":"http:/","invalidateInfo":{"identifier":"DB_PDO_MYSQL_DDL_catalog_product_index_price_outdated_3"}} []
[2026-05-19T04:21:06.385007+00:00] main.DEBUG: cache_invalidate:  {"method":"GET","url":"http:/","invalidateInfo":{"identifier":"DB_PDO_MYSQL_DDL_catalog_product_index_price_outdated_4"}} []
[2026-05-19T04:21:06.385023+00:00] main.DEBUG: cache_invalidate:  {"method":"GET","url":"http:/","invalidateInfo":{"identifier":"DB_PDO_MYSQL_DDL_catalog_product_index_price_outdated_4"}} []
[2026-05-19T04:21:06.385090+00:00] main.DEBUG: cache_invalidate:  {"method":"GET","url":"http:/","invalidateInfo":{"identifier":"DB_PDO_MYSQL_DDL_catalog_product_index_price_outdated_5"}} []
[2026-05-19T04:21:06.385105+00:00] main.DEBUG: cache_invalidate:  {"method":"GET","url":"http:/","invalidateInfo":{"identifier":"DB_PDO_MYSQL_DDL_catalog_product_index_price_outdated_5"}} []
[2026-05-19T04:21:06.385179+00:00] main.DEBUG: cache_invalidate:  {"method":"GET","url":"http:/","invalidateInfo":{"identifier":"DB_PDO_MYSQL_DDL_catalog_product_index_price_replica_1"}} []
[2026-05-19T04:21:06.385200+00:00] main.DEBUG: cache_invalidate:  {"method":"GET","url":"http:/","invalidateInfo":{"identifier":"DB_PDO_MYSQL_DDL_catalog_product_index_price_replica_1"}} []
[2026-05-19T04:21:06.385290+00:00] main.DEBUG: cache_invalidate:  {"method":"GET","url":"http:/","invalidateInfo":{"identifier":"DB_PDO_MYSQL_DDL_catalog_product_index_price_replica_2"}} []
[2026-05-19T04:21:06.385307+00:00] main.DEBUG: cache_invalidate:  {"method":"GET","url":"http:/","invalidateInfo":{"identifier":"DB_PDO_MYSQL_DDL_catalog_product_index_price_replica_2"}} []
[2026-05-19T04:21:06.385390+00:00] main.DEBUG: cache_invalidate:  {"method":"GET","url":"http:/","invalidateInfo":{"identifier":"DB_PDO_MYSQL_DDL_catalog_product_index_price_replica_3"}} []
[2026-05-19T04:21:06.385411+00:00] main.DEBUG: cache_invalidate:  {"method":"GET","url":"http:/","invalidateInfo":{"identifier":"DB_PDO_MYSQL_DDL_catalog_product_index_price_replica_3"}} []
[2026-05-19T04:21:06.385488+00:00] main.DEBUG: cache_invalidate:  {"method":"GET","url":"http:/","invalidateInfo":{"identifier":"DB_PDO_MYSQL_DDL_catalog_product_index_price_replica_4"}} []
[2026-05-19T04:21:06.385504+00:00] main.DEBUG: cache_invalidate:  {"method":"GET","url":"http:/","invalidateInfo":{"identifier":"DB_PDO_MYSQL_DDL_catalog_product_index_price_replica_4"}} []
[2026-05-19T04:21:06.385676+00:00] main.DEBUG: cache_invalidate:  {"method":"GET","url":"http:/","invalidateInfo":{"identifier":"DB_PDO_MYSQL_DDL_catalog_product_index_price_replica_5"}} []
[2026-05-19T04:21:06.385694+00:00] main.DEBUG: cache_invalidate:  {"method":"GET","url":"http:/","invalidateInfo":{"identifier":"DB_PDO_MYSQL_DDL_catalog_product_index_price_replica_5"}} []
[2026-05-19T04:21:06.385795+00:00] main.DEBUG: cache_invalidate:  {"method":"GET","url":"http:/","invalidateInfo":{"tags":["cat_c","FPC","MAGE"],"mode":"matchingTag"}} []
[2026-05-19T04:21:06.385816+00:00] main.DEBUG: cache_invalidate:  {"method":"GET","url":"http:/","invalidateInfo":{"tags":["cat_c","FPC"],"mode":"matchingTag"}} []
[2026-05-19T04:21:06.385838+00:00] main.DEBUG: cache_invalidate:  {"method":"GET","url":"http:/","invalidateInfo":{"tags":["cat_p","FPC","MAGE"],"mode":"matchingTag"}} []
[2026-05-19T04:21:06.385854+00:00] main.DEBUG: cache_invalidate:  {"method":"GET","url":"http:/","invalidateInfo":{"tags":["cat_p","FPC"],"mode":"matchingTag"}} []
[2026-05-19T04:21:06.385877+00:00] main.DEBUG: cache_invalidate:  {"method":"GET","url":"http:/","invalidateInfo":{"tags":["cat_c","MAGE"],"mode":"matchingTag"}} []
[2026-05-19T04:21:06.385896+00:00] main.DEBUG: cache_invalidate:  {"method":"GET","url":"http:/","invalidateInfo":{"tags":["cat_p","MAGE"],"mode":"matchingTag"}} []
[2026-05-19T04:21:06.385912+00:00] main.DEBUG: cache_invalidate:  {"method":"GET","url":"http:/","invalidateInfo":{"tags":["cat_c","cat_p"],"mode":"matchingAnyTag"}} []
[2026-05-19T04:21:06.491324+00:00] main.DEBUG: cache_invalidate:  {"method":"GET","url":"http:/","invalidateInfo":{"identifier":"DB_PDO_MYSQL_DDL_catalogrule_product_1"}} []
[2026-05-19T04:21:06.491398+00:00] main.DEBUG: cache_invalidate:  {"method":"GET","url":"http:/","invalidateInfo":{"identifier":"DB_PDO_MYSQL_DDL_catalogrule_product_1"}} []
[2026-05-19T04:21:06.491489+00:00] main.DEBUG: cache_invalidate:  {"method":"GET","url":"http:/","invalidateInfo":{"identifier":"DB_PDO_MYSQL_DDL_catalogrule_product_2"}} []
[2026-05-19T04:21:06.491508+00:00] main.DEBUG: cache_invalidate:  {"method":"GET","url":"http:/","invalidateInfo":{"identifier":"DB_PDO_MYSQL_DDL_catalogrule_product_2"}} []
[2026-05-19T04:21:06.491583+00:00] main.DEBUG: cache_invalidate:  {"method":"GET","url":"http:/","invalidateInfo":{"identifier":"DB_PDO_MYSQL_DDL_catalogrule_product_3"}} []
[2026-05-19T04:21:06.491601+00:00] main.DEBUG: cache_invalidate:  {"method":"GET","url":"http:/","invalidateInfo":{"identifier":"DB_PDO_MYSQL_DDL_catalogrule_product_3"}} []
[2026-05-19T04:21:06.491674+00:00] main.DEBUG: cache_invalidate:  {"method":"GET","url":"http:/","invalidateInfo":{"identifier":"DB_PDO_MYSQL_DDL_catalogrule_product_4"}} []
[2026-05-19T04:21:06.491691+00:00] main.DEBUG: cache_invalidate:  {"method":"GET","url":"http:/","invalidateInfo":{"identifier":"DB_PDO_MYSQL_DDL_catalogrule_product_4"}} []
[2026-05-19T04:21:06.491762+00:00] main.DEBUG: cache_invalidate:  {"method":"GET","url":"http:/","invalidateInfo":{"identifier":"DB_PDO_MYSQL_DDL_catalogrule_product_5"}} []
[2026-05-19T04:21:06.491778+00:00] main.DEBUG: cache_invalidate:  {"method":"GET","url":"http:/","invalidateInfo":{"identifier":"DB_PDO_MYSQL_DDL_catalogrule_product_5"}} []
[2026-05-19T04:21:06.491856+00:00] main.DEBUG: cache_invalidate:  {"method":"GET","url":"http:/","invalidateInfo":{"identifier":"DB_PDO_MYSQL_DDL_catalogrule_product07b945bb_1"}} []
[2026-05-19T04:21:06.491872+00:00] main.DEBUG: cache_invalidate:  {"method":"GET","url":"http:/","invalidateInfo":{"identifier":"DB_PDO_MYSQL_DDL_catalogrule_product07b945bb_1"}} []
[2026-05-19T04:21:06.491956+00:00] main.DEBUG: cache_invalidate:  {"method":"GET","url":"http:/","invalidateInfo":{"identifier":"DB_PDO_MYSQL_DDL_catalogrule_product07b945bb_2"}} []
[2026-05-19T04:21:06.491977+00:00] main.DEBUG: cache_invalidate:  {"method":"GET","url":"http:/","invalidateInfo":{"identifier":"DB_PDO_MYSQL_DDL_catalogrule_product07b945bb_2"}} []
[2026-05-19T04:21:06.492053+00:00] main.DEBUG: cache_invalidate:  {"method":"GET","url":"http:/","invalidateInfo":{"identifier":"DB_PDO_MYSQL_DDL_catalogrule_product07b945bb_3"}} []
[2026-05-19T04:21:06.492068+00:00] main.DEBUG: cache_invalidate:  {"method":"GET","url":"http:/","invalidateInfo":{"identifier":"DB_PDO_MYSQL_DDL_catalogrule_product07b945bb_3"}} []
[2026-05-19T04:21:06.492134+00:00] main.DEBUG: cache_invalidate:  {"method":"GET","url":"http:/","invalidateInfo":{"identifier":"DB_PDO_MYSQL_DDL_catalogrule_product07b945bb_4"}} []
[2026-05-19T04:21:06.492150+00:00] main.DEBUG: cache_invalidate:  {"method":"GET","url":"http:/","invalidateInfo":{"identifier":"DB_PDO_MYSQL_DDL_catalogrule_product07b945bb_4"}} []
[2026-05-19T04:21:06.492218+00:00] main.DEBUG: cache_invalidate:  {"method":"GET","url":"http:/","invalidateInfo":{"identifier":"DB_PDO_MYSQL_DDL_catalogrule_product07b945bb_5"}} []
[2026-05-19T04:21:06.492249+00:00] main.DEBUG: cache_invalidate:  {"method":"GET","url":"http:/","invalidateInfo":{"identifier":"DB_PDO_MYSQL_DDL_catalogrule_product07b945bb_5"}} []
[2026-05-19T04:21:06.492329+00:00] main.DEBUG: cache_invalidate:  {"method":"GET","url":"http:/","invalidateInfo":{"identifier":"DB_PDO_MYSQL_DDL_catalogrule_product__temp2d811c22_1"}} []
[2026-05-19T04:21:06.492346+00:00] main.DEBUG: cache_invalidate:  {"method":"GET","url":"http:/","invalidateInfo":{"identifier":"DB_PDO_MYSQL_DDL_catalogrule_product__temp2d811c22_1"}} []
[2026-05-19T04:21:06.492423+00:00] main.DEBUG: cache_invalidate:  {"method":"GET","url":"http:/","invalidateInfo":{"identifier":"DB_PDO_MYSQL_DDL_catalogrule_product__temp2d811c22_2"}} []
[2026-05-19T04:21:06.492446+00:00] main.DEBUG: cache_invalidate:  {"method":"GET","url":"http:/","invalidateInfo":{"identifier":"DB_PDO_MYSQL_DDL_catalogrule_product__temp2d811c22_2"}} []
[2026-05-19T04:21:06.492524+00:00] main.DEBUG: cache_invalidate:  {"method":"GET","url":"http:/","invalidateInfo":{"identifier":"DB_PDO_MYSQL_DDL_catalogrule_product__temp2d811c22_3"}} []
[2026-05-19T04:21:06.492544+00:00] main.DEBUG: cache_invalidate:  {"method":"GET","url":"http:/","invalidateInfo":{"identifier":"DB_PDO_MYSQL_DDL_catalogrule_product__temp2d811c22_3"}} []
[2026-05-19T04:21:06.492639+00:00] main.DEBUG: cache_invalidate:  {"method":"GET","url":"http:/","invalidateInfo":{"identifier":"DB_PDO_MYSQL_DDL_catalogrule_product__temp2d811c22_4"}} []
[2026-05-19T04:21:06.492660+00:00] main.DEBUG: cache_invalidate:  {"method":"GET","url":"http:/","invalidateInfo":{"identifier":"DB_PDO_MYSQL_DDL_catalogrule_product__temp2d811c22_4"}} []
[2026-05-19T04:21:06.492739+00:00] main.DEBUG: cache_invalidate:  {"method":"GET","url":"http:/","invalidateInfo":{"identifier":"DB_PDO_MYSQL_DDL_catalogrule_product__temp2d811c22_5"}} []
[2026-05-19T04:21:06.492755+00:00] main.DEBUG: cache_invalidate:  {"method":"GET","url":"http:/","invalidateInfo":{"identifier":"DB_PDO_MYSQL_DDL_catalogrule_product__temp2d811c22_5"}} []
[2026-05-19T04:21:06.492826+00:00] main.DEBUG: cache_invalidate:  {"method":"GET","url":"http:/","invalidateInfo":{"identifier":"DB_PDO_MYSQL_DDL_catalogrule_product_price_1"}} []
[2026-05-19T04:21:06.492842+00:00] main.DEBUG: cache_invalidate:  {"method":"GET","url":"http:/","invalidateInfo":{"identifier":"DB_PDO_MYSQL_DDL_catalogrule_product_price_1"}} []
[2026-05-19T04:21:06.492918+00:00] main.DEBUG: cache_invalidate:  {"method":"GET","url":"http:/","invalidateInfo":{"identifier":"DB_PDO_MYSQL_DDL_catalogrule_product_price_2"}} []
[2026-05-19T04:21:06.492939+00:00] main.DEBUG: cache_invalidate:  {"method":"GET","url":"http:/","invalidateInfo":{"identifier":"DB_PDO_MYSQL_DDL_catalogrule_product_price_2"}} []
[2026-05-19T04:21:06.493012+00:00] main.DEBUG: cache_invalidate:  {"method":"GET","url":"http:/","invalidateInfo":{"identifier":"DB_PDO_MYSQL_DDL_catalogrule_product_price_3"}} []
[2026-05-19T04:21:06.493027+00:00] main.DEBUG: cache_invalidate:  {"method":"GET","url":"http:/","invalidateInfo":{"identifier":"DB_PDO_MYSQL_DDL_catalogrule_product_price_3"}} []
[2026-05-19T04:21:06.493095+00:00] main.DEBUG: cache_invalidate:  {"method":"GET","url":"http:/","invalidateInfo":{"identifier":"DB_PDO_MYSQL_DDL_catalogrule_product_price_4"}} []
[2026-05-19T04:21:06.493110+00:00] main.DEBUG: cache_invalidate:  {"method":"GET","url":"http:/","invalidateInfo":{"identifier":"DB_PDO_MYSQL_DDL_catalogrule_product_price_4"}} []
[2026-05-19T04:21:06.493177+00:00] main.DEBUG: cache_invalidate:  {"method":"GET","url":"http:/","invalidateInfo":{"identifier":"DB_PDO_MYSQL_DDL_catalogrule_product_price_5"}} []
[2026-05-19T04:21:06.493192+00:00] main.DEBUG: cache_invalidate:  {"method":"GET","url":"http:/","invalidateInfo":{"identifier":"DB_PDO_MYSQL_DDL_catalogrule_product_price_5"}} []
[2026-05-19T04:21:06.493272+00:00] main.DEBUG: cache_invalidate:  {"method":"GET","url":"http:/","invalidateInfo":{"identifier":"DB_PDO_MYSQL_DDL_catalogrule_product_price1dabbdf7_1"}} []
[2026-05-19T04:21:06.493288+00:00] main.DEBUG: cache_invalidate:  {"method":"GET","url":"http:/","invalidateInfo":{"identifier":"DB_PDO_MYSQL_DDL_catalogrule_product_price1dabbdf7_1"}} []
[2026-05-19T04:21:06.493356+00:00] main.DEBUG: cache_invalidate:  {"method":"GET","url":"http:/","invalidateInfo":{"identifier":"DB_PDO_MYSQL_DDL_catalogrule_product_price1dabbdf7_2"}} []
[2026-05-19T04:21:06.493372+00:00] main.DEBUG: cache_invalidate:  {"method":"GET","url":"http:/","invalidateInfo":{"identifier":"DB_PDO_MYSQL_DDL_catalogrule_product_price1dabbdf7_2"}} []
[2026-05-19T04:21:06.493443+00:00] main.DEBUG: cache_invalidate:  {"method":"GET","url":"http:/","invalidateInfo":{"identifier":"DB_PDO_MYSQL_DDL_catalogrule_product_price1dabbdf7_3"}} []
[2026-05-19T04:21:06.493459+00:00] main.DEBUG: cache_invalidate:  {"method":"GET","url":"http:/","invalidateInfo":{"identifier":"DB_PDO_MYSQL_DDL_catalogrule_product_price1dabbdf7_3"}} []
[2026-05-19T04:21:06.493532+00:00] main.DEBUG: cache_invalidate:  {"method":"GET","url":"http:/","invalidateInfo":{"identifier":"DB_PDO_MYSQL_DDL_catalogrule_product_price1dabbdf7_4"}} []
[2026-05-19T04:21:06.493548+00:00] main.DEBUG: cache_invalidate:  {"method":"GET","url":"http:/","invalidateInfo":{"identifier":"DB_PDO_MYSQL_DDL_catalogrule_product_price1dabbdf7_4"}} []
[2026-05-19T04:21:06.493627+00:00] main.DEBUG: cache_invalidate:  {"method":"GET","url":"http:/","invalidateInfo":{"identifier":"DB_PDO_MYSQL_DDL_catalogrule_product_price1dabbdf7_5"}} []
[2026-05-19T04:21:06.493648+00:00] main.DEBUG: cache_invalidate:  {"method":"GET","url":"http:/","invalidateInfo":{"identifier":"DB_PDO_MYSQL_DDL_catalogrule_product_price1dabbdf7_5"}} []
[2026-05-19T04:21:06.493725+00:00] main.DEBUG: cache_invalidate:  {"method":"GET","url":"http:/","invalidateInfo":{"identifier":"DB_PDO_MYSQL_DDL_catalogrule_product_price__temp1b810b6c_1"}} []
[2026-05-19T04:21:06.493741+00:00] main.DEBUG: cache_invalidate:  {"method":"GET","url":"http:/","invalidateInfo":{"identifier":"DB_PDO_MYSQL_DDL_catalogrule_product_price__temp1b810b6c_1"}} []
[2026-05-19T04:21:06.493806+00:00] main.DEBUG: cache_invalidate:  {"method":"GET","url":"http:/","invalidateInfo":{"identifier":"DB_PDO_MYSQL_DDL_catalogrule_product_price__temp1b810b6c_2"}} []
[2026-05-19T04:21:06.493821+00:00] main.DEBUG: cache_invalidate:  {"method":"GET","url":"http:/","invalidateInfo":{"identifier":"DB_PDO_MYSQL_DDL_catalogrule_product_price__temp1b810b6c_2"}} []
[2026-05-19T04:21:06.493891+00:00] main.DEBUG: cache_invalidate:  {"method":"GET","url":"http:/","invalidateInfo":{"identifier":"DB_PDO_MYSQL_DDL_catalogrule_product_price__temp1b810b6c_3"}} []
[2026-05-19T04:21:06.493906+00:00] main.DEBUG: cache_invalidate:  {"method":"GET","url":"http:/","invalidateInfo":{"identifier":"DB_PDO_MYSQL_DDL_catalogrule_product_price__temp1b810b6c_3"}} []
[2026-05-19T04:21:06.493974+00:00] main.DEBUG: cache_invalidate:  {"method":"GET","url":"http:/","invalidateInfo":{"identifier":"DB_PDO_MYSQL_DDL_catalogrule_product_price__temp1b810b6c_4"}} []
[2026-05-19T04:21:06.493989+00:00] main.DEBUG: cache_invalidate:  {"method":"GET","url":"http:/","invalidateInfo":{"identifier":"DB_PDO_MYSQL_DDL_catalogrule_product_price__temp1b810b6c_4"}} []
[2026-05-19T04:21:06.494054+00:00] main.DEBUG: cache_invalidate:  {"method":"GET","url":"http:/","invalidateInfo":{"identifier":"DB_PDO_MYSQL_DDL_catalogrule_product_price__temp1b810b6c_5"}} []
[2026-05-19T04:21:06.494069+00:00] main.DEBUG: cache_invalidate:  {"method":"GET","url":"http:/","invalidateInfo":{"identifier":"DB_PDO_MYSQL_DDL_catalogrule_product_price__temp1b810b6c_5"}} []
[2026-05-19T04:21:06.494136+00:00] main.DEBUG: cache_invalidate:  {"method":"GET","url":"http:/","invalidateInfo":{"identifier":"DB_PDO_MYSQL_DDL_catalogrule_group_website_1"}} []
[2026-05-19T04:21:06.494151+00:00] main.DEBUG: cache_invalidate:  {"method":"GET","url":"http:/","invalidateInfo":{"identifier":"DB_PDO_MYSQL_DDL_catalogrule_group_website_1"}} []
[2026-05-19T04:21:06.494215+00:00] main.DEBUG: cache_invalidate:  {"method":"GET","url":"http:/","invalidateInfo":{"identifier":"DB_PDO_MYSQL_DDL_catalogrule_group_website_2"}} []
[2026-05-19T04:21:06.494242+00:00] main.DEBUG: cache_invalidate:  {"method":"GET","url":"http:/","invalidateInfo":{"identifier":"DB_PDO_MYSQL_DDL_catalogrule_group_website_2"}} []
[2026-05-19T04:21:06.494311+00:00] main.DEBUG: cache_invalidate:  {"method":"GET","url":"http:/","invalidateInfo":{"identifier":"DB_PDO_MYSQL_DDL_catalogrule_group_website_3"}} []
[2026-05-19T04:21:06.494326+00:00] main.DEBUG: cache_invalidate:  {"method":"GET","url":"http:/","invalidateInfo":{"identifier":"DB_PDO_MYSQL_DDL_catalogrule_group_website_3"}} []
[2026-05-19T04:21:06.494391+00:00] main.DEBUG: cache_invalidate:  {"method":"GET","url":"http:/","invalidateInfo":{"identifier":"DB_PDO_MYSQL_DDL_catalogrule_group_website_4"}} []
[2026-05-19T04:21:06.494406+00:00] main.DEBUG: cache_invalidate:  {"method":"GET","url":"http:/","invalidateInfo":{"identifier":"DB_PDO_MYSQL_DDL_catalogrule_group_website_4"}} []
[2026-05-19T04:21:06.494475+00:00] main.DEBUG: cache_invalidate:  {"method":"GET","url":"http:/","invalidateInfo":{"identifier":"DB_PDO_MYSQL_DDL_catalogrule_group_website_5"}} []
[2026-05-19T04:21:06.494491+00:00] main.DEBUG: cache_invalidate:  {"method":"GET","url":"http:/","invalidateInfo":{"identifier":"DB_PDO_MYSQL_DDL_catalogrule_group_website_5"}} []
[2026-05-19T04:21:06.494565+00:00] main.DEBUG: cache_invalidate:  {"method":"GET","url":"http:/","invalidateInfo":{"identifier":"DB_PDO_MYSQL_DDL_catalogrule_group_websitedd1c34fc_1"}} []
[2026-05-19T04:21:06.494581+00:00] main.DEBUG: cache_invalidate:  {"method":"GET","url":"http:/","invalidateInfo":{"identifier":"DB_PDO_MYSQL_DDL_catalogrule_group_websitedd1c34fc_1"}} []
[2026-05-19T04:21:06.494660+00:00] main.DEBUG: cache_invalidate:  {"method":"GET","url":"http:/","invalidateInfo":{"identifier":"DB_PDO_MYSQL_DDL_catalogrule_group_websitedd1c34fc_2"}} []
[2026-05-19T04:21:06.494682+00:00] main.DEBUG: cache_invalidate:  {"method":"GET","url":"http:/","invalidateInfo":{"identifier":"DB_PDO_MYSQL_DDL_catalogrule_group_websitedd1c34fc_2"}} []
[2026-05-19T04:21:06.494758+00:00] main.DEBUG: cache_invalidate:  {"method":"GET","url":"http:/","invalidateInfo":{"identifier":"DB_PDO_MYSQL_DDL_catalogrule_group_websitedd1c34fc_3"}} []
[2026-05-19T04:21:06.494774+00:00] main.DEBUG: cache_invalidate:  {"method":"GET","url":"http:/","invalidateInfo":{"identifier":"DB_PDO_MYSQL_DDL_catalogrule_group_websitedd1c34fc_3"}} []
[2026-05-19T04:21:06.494849+00:00] main.DEBUG: cache_invalidate:  {"method":"GET","url":"http:/","invalidateInfo":{"identifier":"DB_PDO_MYSQL_DDL_catalogrule_group_websitedd1c34fc_4"}} []
[2026-05-19T04:21:06.494865+00:00] main.DEBUG: cache_invalidate:  {"method":"GET","url":"http:/","invalidateInfo":{"identifier":"DB_PDO_MYSQL_DDL_catalogrule_group_websitedd1c34fc_4"}} []
[2026-05-19T04:21:06.494946+00:00] main.DEBUG: cache_invalidate:  {"method":"GET","url":"http:/","invalidateInfo":{"identifier":"DB_PDO_MYSQL_DDL_catalogrule_group_websitedd1c34fc_5"}} []
[2026-05-19T04:21:06.494963+00:00] main.DEBUG: cache_invalidate:  {"method":"GET","url":"http:/","invalidateInfo":{"identifier":"DB_PDO_MYSQL_DDL_catalogrule_group_websitedd1c34fc_5"}} []
[2026-05-19T04:21:06.495036+00:00] main.DEBUG: cache_invalidate:  {"method":"GET","url":"http:/","invalidateInfo":{"identifier":"DB_PDO_MYSQL_DDL_catalogrule_group_website__temp3f5f8106_1"}} []
[2026-05-19T04:21:06.495052+00:00] main.DEBUG: cache_invalidate:  {"method":"GET","url":"http:/","invalidateInfo":{"identifier":"DB_PDO_MYSQL_DDL_catalogrule_group_website__temp3f5f8106_1"}} []
[2026-05-19T04:21:06.495123+00:00] main.DEBUG: cache_invalidate:  {"method":"GET","url":"http:/","invalidateInfo":{"identifier":"DB_PDO_MYSQL_DDL_catalogrule_group_website__temp3f5f8106_2"}} []
[2026-05-19T04:21:06.495139+00:00] main.DEBUG: cache_invalidate:  {"method":"GET","url":"http:/","invalidateInfo":{"identifier":"DB_PDO_MYSQL_DDL_catalogrule_group_website__temp3f5f8106_2"}} []
[2026-05-19T04:21:06.495209+00:00] main.DEBUG: cache_invalidate:  {"method":"GET","url":"http:/","invalidateInfo":{"identifier":"DB_PDO_MYSQL_DDL_catalogrule_group_website__temp3f5f8106_3"}} []
[2026-05-19T04:21:06.495225+00:00] main.DEBUG: cache_invalidate:  {"method":"GET","url":"http:/","invalidateInfo":{"identifier":"DB_PDO_MYSQL_DDL_catalogrule_group_website__temp3f5f8106_3"}} []
[2026-05-19T04:21:06.495333+00:00] main.DEBUG: cache_invalidate:  {"method":"GET","url":"http:/","invalidateInfo":{"identifier":"DB_PDO_MYSQL_DDL_catalogrule_group_website__temp3f5f8106_4"}} []
[2026-05-19T04:21:06.495355+00:00] main.DEBUG: cache_invalidate:  {"method":"GET","url":"http:/","invalidateInfo":{"identifier":"DB_PDO_MYSQL_DDL_catalogrule_group_website__temp3f5f8106_4"}} []
[2026-05-19T04:21:06.495433+00:00] main.DEBUG: cache_invalidate:  {"method":"GET","url":"http:/","invalidateInfo":{"identifier":"DB_PDO_MYSQL_DDL_catalogrule_group_website__temp3f5f8106_5"}} []
[2026-05-19T04:21:06.495449+00:00] main.DEBUG: cache_invalidate:  {"method":"GET","url":"http:/","invalidateInfo":{"identifier":"DB_PDO_MYSQL_DDL_catalogrule_group_website__temp3f5f8106_5"}} []
[2026-05-19T04:21:06.502166+00:00] main.DEBUG: cache_invalidate:  {"method":"GET","url":"http:/","invalidateInfo":{"identifier":"DB_PDO_MYSQL_DDL_catalogrule_product07b945bb_1"}} []
[2026-05-19T04:21:06.502216+00:00] main.DEBUG: cache_invalidate:  {"method":"GET","url":"http:/","invalidateInfo":{"identifier":"DB_PDO_MYSQL_DDL_catalogrule_product07b945bb_1"}} []
[2026-05-19T04:21:06.502306+00:00] main.DEBUG: cache_invalidate:  {"method":"GET","url":"http:/","invalidateInfo":{"identifier":"DB_PDO_MYSQL_DDL_catalogrule_product07b945bb_2"}} []
[2026-05-19T04:21:06.502324+00:00] main.DEBUG: cache_invalidate:  {"method":"GET","url":"http:/","invalidateInfo":{"identifier":"DB_PDO_MYSQL_DDL_catalogrule_product07b945bb_2"}} []
[2026-05-19T04:21:06.502393+00:00] main.DEBUG: cache_invalidate:  {"method":"GET","url":"http:/","invalidateInfo":{"identifier":"DB_PDO_MYSQL_DDL_catalogrule_product07b945bb_3"}} []
[2026-05-19T04:21:06.502410+00:00] main.DEBUG: cache_invalidate:  {"method":"GET","url":"http:/","invalidateInfo":{"identifier":"DB_PDO_MYSQL_DDL_catalogrule_product07b945bb_3"}} []
[2026-05-19T04:21:06.502484+00:00] main.DEBUG: cache_invalidate:  {"method":"GET","url":"http:/","invalidateInfo":{"identifier":"DB_PDO_MYSQL_DDL_catalogrule_product07b945bb_4"}} []
[2026-05-19T04:21:06.502500+00:00] main.DEBUG: cache_invalidate:  {"method":"GET","url":"http:/","invalidateInfo":{"identifier":"DB_PDO_MYSQL_DDL_catalogrule_product07b945bb_4"}} []
[2026-05-19T04:21:06.502570+00:00] main.DEBUG: cache_invalidate:  {"method":"GET","url":"http:/","invalidateInfo":{"identifier":"DB_PDO_MYSQL_DDL_catalogrule_product07b945bb_5"}} []
[2026-05-19T04:21:06.502587+00:00] main.DEBUG: cache_invalidate:  {"method":"GET","url":"http:/","invalidateInfo":{"identifier":"DB_PDO_MYSQL_DDL_catalogrule_product07b945bb_5"}} []
[2026-05-19T04:21:06.509247+00:00] main.DEBUG: cache_invalidate:  {"method":"GET","url":"http:/","invalidateInfo":{"identifier":"DB_PDO_MYSQL_DDL_catalogrule_product_price1dabbdf7_1"}} []
[2026-05-19T04:21:06.509290+00:00] main.DEBUG: cache_invalidate:  {"method":"GET","url":"http:/","invalidateInfo":{"identifier":"DB_PDO_MYSQL_DDL_catalogrule_product_price1dabbdf7_1"}} []
[2026-05-19T04:21:06.509368+00:00] main.DEBUG: cache_invalidate:  {"method":"GET","url":"http:/","invalidateInfo":{"identifier":"DB_PDO_MYSQL_DDL_catalogrule_product_price1dabbdf7_2"}} []
[2026-05-19T04:21:06.509386+00:00] main.DEBUG: cache_invalidate:  {"method":"GET","url":"http:/","invalidateInfo":{"identifier":"DB_PDO_MYSQL_DDL_catalogrule_product_price1dabbdf7_2"}} []
[2026-05-19T04:21:06.509457+00:00] main.DEBUG: cache_invalidate:  {"method":"GET","url":"http:/","invalidateInfo":{"identifier":"DB_PDO_MYSQL_DDL_catalogrule_product_price1dabbdf7_3"}} []
[2026-05-19T04:21:06.509474+00:00] main.DEBUG: cache_invalidate:  {"method":"GET","url":"http:/","invalidateInfo":{"identifier":"DB_PDO_MYSQL_DDL_catalogrule_product_price1dabbdf7_3"}} []
[2026-05-19T04:21:06.509545+00:00] main.DEBUG: cache_invalidate:  {"method":"GET","url":"http:/","invalidateInfo":{"identifier":"DB_PDO_MYSQL_DDL_catalogrule_product_price1dabbdf7_4"}} []
[2026-05-19T04:21:06.509561+00:00] main.DEBUG: cache_invalidate:  {"method":"GET","url":"http:/","invalidateInfo":{"identifier":"DB_PDO_MYSQL_DDL_catalogrule_product_price1dabbdf7_4"}} []
[2026-05-19T04:21:06.509634+00:00] main.DEBUG: cache_invalidate:  {"method":"GET","url":"http:/","invalidateInfo":{"identifier":"DB_PDO_MYSQL_DDL_catalogrule_product_price1dabbdf7_5"}} []
[2026-05-19T04:21:06.509650+00:00] main.DEBUG: cache_invalidate:  {"method":"GET","url":"http:/","invalidateInfo":{"identifier":"DB_PDO_MYSQL_DDL_catalogrule_product_price1dabbdf7_5"}} []
[2026-05-19T04:21:06.515794+00:00] main.DEBUG: cache_invalidate:  {"method":"GET","url":"http:/","invalidateInfo":{"identifier":"DB_PDO_MYSQL_DDL_catalogrule_group_websitedd1c34fc_1"}} []
[2026-05-19T04:21:06.515845+00:00] main.DEBUG: cache_invalidate:  {"method":"GET","url":"http:/","invalidateInfo":{"identifier":"DB_PDO_MYSQL_DDL_catalogrule_group_websitedd1c34fc_1"}} []
[2026-05-19T04:21:06.515927+00:00] main.DEBUG: cache_invalidate:  {"method":"GET","url":"http:/","invalidateInfo":{"identifier":"DB_PDO_MYSQL_DDL_catalogrule_group_websitedd1c34fc_2"}} []
[2026-05-19T04:21:06.515946+00:00] main.DEBUG: cache_invalidate:  {"method":"GET","url":"http:/","invalidateInfo":{"identifier":"DB_PDO_MYSQL_DDL_catalogrule_group_websitedd1c34fc_2"}} []
[2026-05-19T04:21:06.516050+00:00] main.DEBUG: cache_invalidate:  {"method":"GET","url":"http:/","invalidateInfo":{"identifier":"DB_PDO_MYSQL_DDL_catalogrule_group_websitedd1c34fc_3"}} []
[2026-05-19T04:21:06.516084+00:00] main.DEBUG: cache_invalidate:  {"method":"GET","url":"http:/","invalidateInfo":{"identifier":"DB_PDO_MYSQL_DDL_catalogrule_group_websitedd1c34fc_3"}} []
[2026-05-19T04:21:06.516193+00:00] main.DEBUG: cache_invalidate:  {"method":"GET","url":"http:/","invalidateInfo":{"identifier":"DB_PDO_MYSQL_DDL_catalogrule_group_websitedd1c34fc_4"}} []
[2026-05-19T04:21:06.516212+00:00] main.DEBUG: cache_invalidate:  {"method":"GET","url":"http:/","invalidateInfo":{"identifier":"DB_PDO_MYSQL_DDL_catalogrule_group_websitedd1c34fc_4"}} []
[2026-05-19T04:21:06.516303+00:00] main.DEBUG: cache_invalidate:  {"method":"GET","url":"http:/","invalidateInfo":{"identifier":"DB_PDO_MYSQL_DDL_catalogrule_group_websitedd1c34fc_5"}} []
[2026-05-19T04:21:06.516324+00:00] main.DEBUG: cache_invalidate:  {"method":"GET","url":"http:/","invalidateInfo":{"identifier":"DB_PDO_MYSQL_DDL_catalogrule_group_websitedd1c34fc_5"}} []
[2026-05-19T04:21:06.527763+00:00] main.DEBUG: cache_invalidate:  {"method":"GET","url":"http:/","invalidateInfo":{"tags":["cat_c","FPC","MAGE"],"mode":"matchingTag"}} []
[2026-05-19T04:21:06.527818+00:00] main.DEBUG: cache_invalidate:  {"method":"GET","url":"http:/","invalidateInfo":{"tags":["cat_c","FPC"],"mode":"matchingTag"}} []
[2026-05-19T04:21:06.527845+00:00] main.DEBUG: cache_invalidate:  {"method":"GET","url":"http:/","invalidateInfo":{"tags":["cat_p","FPC","MAGE"],"mode":"matchingTag"}} []
[2026-05-19T04:21:06.527863+00:00] main.DEBUG: cache_invalidate:  {"method":"GET","url":"http:/","invalidateInfo":{"tags":["cat_p","FPC"],"mode":"matchingTag"}} []
[2026-05-19T04:21:06.527890+00:00] main.DEBUG: cache_invalidate:  {"method":"GET","url":"http:/","invalidateInfo":{"tags":["BLOCK_HTML","FPC","MAGE"],"mode":"matchingTag"}} []
[2026-05-19T04:21:06.527912+00:00] main.DEBUG: cache_invalidate:  {"method":"GET","url":"http:/","invalidateInfo":{"tags":["BLOCK_HTML","FPC"],"mode":"matchingTag"}} []
[2026-05-19T04:21:06.527941+00:00] main.DEBUG: cache_invalidate:  {"method":"GET","url":"http:/","invalidateInfo":{"tags":["cat_c","MAGE"],"mode":"matchingTag"}} []
[2026-05-19T04:21:06.527971+00:00] main.DEBUG: cache_invalidate:  {"method":"GET","url":"http:/","invalidateInfo":{"tags":["cat_p","MAGE"],"mode":"matchingTag"}} []
[2026-05-19T04:21:06.527993+00:00] main.DEBUG: cache_invalidate:  {"method":"GET","url":"http:/","invalidateInfo":{"tags":["BLOCK_HTML","MAGE"],"mode":"matchingTag"}} []
[2026-05-19T04:21:06.528016+00:00] main.DEBUG: cache_invalidate:  {"method":"GET","url":"http:/","invalidateInfo":{"tags":["cat_c","cat_p","BLOCK_HTML"],"mode":"matchingAnyTag"}} []
[2026-05-19T04:21:06.909974+00:00] main.INFO: {"feed":"salesOrders","operation":"full reindex(legacy)","status":"Initialize","elapsed":"00:00:00 349 ms","pid":"295","caller":"\/var\/www\/html\/bin\/magento setup:install --base-url=http:\/\/magentoclaude.local\/ --db-host=db --db-name=magento --db-user=magento"} [] []
[2026-05-19T04:21:06.935640+00:00] main.DEBUG: cache_invalidate:  {"method":"GET","url":"http:/","invalidateInfo":{"identifier":"DB_PDO_MYSQL_DDL_sales_data_exporter_orders_index_sequence_1"}} []
[2026-05-19T04:21:06.935703+00:00] main.DEBUG: cache_invalidate:  {"method":"GET","url":"http:/","invalidateInfo":{"identifier":"DB_PDO_MYSQL_DDL_sales_data_exporter_orders_index_sequence_1"}} []
[2026-05-19T04:21:06.935796+00:00] main.DEBUG: cache_invalidate:  {"method":"GET","url":"http:/","invalidateInfo":{"identifier":"DB_PDO_MYSQL_DDL_sales_data_exporter_orders_index_sequence_2"}} []
[2026-05-19T04:21:06.935815+00:00] main.DEBUG: cache_invalidate:  {"method":"GET","url":"http:/","invalidateInfo":{"identifier":"DB_PDO_MYSQL_DDL_sales_data_exporter_orders_index_sequence_2"}} []
[2026-05-19T04:21:06.935904+00:00] main.DEBUG: cache_invalidate:  {"method":"GET","url":"http:/","invalidateInfo":{"identifier":"DB_PDO_MYSQL_DDL_sales_data_exporter_orders_index_sequence_3"}} []
[2026-05-19T04:21:06.935925+00:00] main.DEBUG: cache_invalidate:  {"method":"GET","url":"http:/","invalidateInfo":{"identifier":"DB_PDO_MYSQL_DDL_sales_data_exporter_orders_index_sequence_3"}} []
[2026-05-19T04:21:06.936001+00:00] main.DEBUG: cache_invalidate:  {"method":"GET","url":"http:/","invalidateInfo":{"identifier":"DB_PDO_MYSQL_DDL_sales_data_exporter_orders_index_sequence_4"}} []
[2026-05-19T04:21:06.936017+00:00] main.DEBUG: cache_invalidate:  {"method":"GET","url":"http:/","invalidateInfo":{"identifier":"DB_PDO_MYSQL_DDL_sales_data_exporter_orders_index_sequence_4"}} []
[2026-05-19T04:21:06.936089+00:00] main.DEBUG: cache_invalidate:  {"method":"GET","url":"http:/","invalidateInfo":{"identifier":"DB_PDO_MYSQL_DDL_sales_data_exporter_orders_index_sequence_5"}} []
[2026-05-19T04:21:06.936105+00:00] main.DEBUG: cache_invalidate:  {"method":"GET","url":"http:/","invalidateInfo":{"identifier":"DB_PDO_MYSQL_DDL_sales_data_exporter_orders_index_sequence_5"}} []
[2026-05-19T04:21:06.950787+00:00] main.DEBUG: cache_invalidate:  {"method":"GET","url":"http:/","invalidateInfo":{"identifier":"DB_PDO_MYSQL_DDL_sales_data_exporter_orders_index_sequence_1"}} []
[2026-05-19T04:21:06.950851+00:00] main.DEBUG: cache_invalidate:  {"method":"GET","url":"http:/","invalidateInfo":{"identifier":"DB_PDO_MYSQL_DDL_sales_data_exporter_orders_index_sequence_1"}} []
[2026-05-19T04:21:06.950937+00:00] main.DEBUG: cache_invalidate:  {"method":"GET","url":"http:/","invalidateInfo":{"identifier":"DB_PDO_MYSQL_DDL_sales_data_exporter_orders_index_sequence_2"}} []
[2026-05-19T04:21:06.950956+00:00] main.DEBUG: cache_invalidate:  {"method":"GET","url":"http:/","invalidateInfo":{"identifier":"DB_PDO_MYSQL_DDL_sales_data_exporter_orders_index_sequence_2"}} []
[2026-05-19T04:21:06.951031+00:00] main.DEBUG: cache_invalidate:  {"method":"GET","url":"http:/","invalidateInfo":{"identifier":"DB_PDO_MYSQL_DDL_sales_data_exporter_orders_index_sequence_3"}} []
[2026-05-19T04:21:06.951049+00:00] main.DEBUG: cache_invalidate:  {"method":"GET","url":"http:/","invalidateInfo":{"identifier":"DB_PDO_MYSQL_DDL_sales_data_exporter_orders_index_sequence_3"}} []
[2026-05-19T04:21:06.951121+00:00] main.DEBUG: cache_invalidate:  {"method":"GET","url":"http:/","invalidateInfo":{"identifier":"DB_PDO_MYSQL_DDL_sales_data_exporter_orders_index_sequence_4"}} []
[2026-05-19T04:21:06.951138+00:00] main.DEBUG: cache_invalidate:  {"method":"GET","url":"http:/","invalidateInfo":{"identifier":"DB_PDO_MYSQL_DDL_sales_data_exporter_orders_index_sequence_4"}} []
[2026-05-19T04:21:06.951210+00:00] main.DEBUG: cache_invalidate:  {"method":"GET","url":"http:/","invalidateInfo":{"identifier":"DB_PDO_MYSQL_DDL_sales_data_exporter_orders_index_sequence_5"}} []
[2026-05-19T04:21:06.951227+00:00] main.DEBUG: cache_invalidate:  {"method":"GET","url":"http:/","invalidateInfo":{"identifier":"DB_PDO_MYSQL_DDL_sales_data_exporter_orders_index_sequence_5"}} []
[2026-05-19T04:21:06.952294+00:00] main.INFO: {"feed":"salesOrders","operation":"full reindex(legacy)","status":"Creating batch table `sales_data_exporter_orders_index_batches`. Start position: 0","elapsed":"00:00:00 392 ms","pid":"295","caller":"\/var\/www\/html\/bin\/magento setup:install --base-url=http:\/\/magentoclaude.local\/ --db-host=db --db-name=magento --db-user=magento"} [] []
[2026-05-19T04:21:06.953513+00:00] main.DEBUG: cache_invalidate:  {"method":"GET","url":"http:/","invalidateInfo":{"identifier":"DB_PDO_MYSQL_DDL_sales_data_exporter_orders_index_batches_1"}} []
[2026-05-19T04:21:06.953562+00:00] main.DEBUG: cache_invalidate:  {"method":"GET","url":"http:/","invalidateInfo":{"identifier":"DB_PDO_MYSQL_DDL_sales_data_exporter_orders_index_batches_1"}} []
[2026-05-19T04:21:06.953658+00:00] main.DEBUG: cache_invalidate:  {"method":"GET","url":"http:/","invalidateInfo":{"identifier":"DB_PDO_MYSQL_DDL_sales_data_exporter_orders_index_batches_2"}} []
[2026-05-19T04:21:06.953678+00:00] main.DEBUG: cache_invalidate:  {"method":"GET","url":"http:/","invalidateInfo":{"identifier":"DB_PDO_MYSQL_DDL_sales_data_exporter_orders_index_batches_2"}} []
[2026-05-19T04:21:06.953753+00:00] main.DEBUG: cache_invalidate:  {"method":"GET","url":"http:/","invalidateInfo":{"identifier":"DB_PDO_MYSQL_DDL_sales_data_exporter_orders_index_batches_3"}} []
[2026-05-19T04:21:06.953770+00:00] main.DEBUG: cache_invalidate:  {"method":"GET","url":"http:/","invalidateInfo":{"identifier":"DB_PDO_MYSQL_DDL_sales_data_exporter_orders_index_batches_3"}} []
[2026-05-19T04:21:06.953853+00:00] main.DEBUG: cache_invalidate:  {"method":"GET","url":"http:/","invalidateInfo":{"identifier":"DB_PDO_MYSQL_DDL_sales_data_exporter_orders_index_batches_4"}} []
[2026-05-19T04:21:06.953875+00:00] main.DEBUG: cache_invalidate:  {"method":"GET","url":"http:/","invalidateInfo":{"identifier":"DB_PDO_MYSQL_DDL_sales_data_exporter_orders_index_batches_4"}} []
[2026-05-19T04:21:06.953961+00:00] main.DEBUG: cache_invalidate:  {"method":"GET","url":"http:/","invalidateInfo":{"identifier":"DB_PDO_MYSQL_DDL_sales_data_exporter_orders_index_batches_5"}} []
[2026-05-19T04:21:06.953983+00:00] main.DEBUG: cache_invalidate:  {"method":"GET","url":"http:/","invalidateInfo":{"identifier":"DB_PDO_MYSQL_DDL_sales_data_exporter_orders_index_batches_5"}} []
[2026-05-19T04:21:06.969098+00:00] main.DEBUG: cache_invalidate:  {"method":"GET","url":"http:/","invalidateInfo":{"identifier":"DB_PDO_MYSQL_DDL_sales_data_exporter_orders_index_batches_1"}} []
[2026-05-19T04:21:06.969162+00:00] main.DEBUG: cache_invalidate:  {"method":"GET","url":"http:/","invalidateInfo":{"identifier":"DB_PDO_MYSQL_DDL_sales_data_exporter_orders_index_batches_1"}} []
[2026-05-19T04:21:06.969258+00:00] main.DEBUG: cache_invalidate:  {"method":"GET","url":"http:/","invalidateInfo":{"identifier":"DB_PDO_MYSQL_DDL_sales_data_exporter_orders_index_batches_2"}} []
[2026-05-19T04:21:06.969278+00:00] main.DEBUG: cache_invalidate:  {"method":"GET","url":"http:/","invalidateInfo":{"identifier":"DB_PDO_MYSQL_DDL_sales_data_exporter_orders_index_batches_2"}} []
[2026-05-19T04:21:06.969350+00:00] main.DEBUG: cache_invalidate:  {"method":"GET","url":"http:/","invalidateInfo":{"identifier":"DB_PDO_MYSQL_DDL_sales_data_exporter_orders_index_batches_3"}} []
[2026-05-19T04:21:06.969366+00:00] main.DEBUG: cache_invalidate:  {"method":"GET","url":"http:/","invalidateInfo":{"identifier":"DB_PDO_MYSQL_DDL_sales_data_exporter_orders_index_batches_3"}} []
[2026-05-19T04:21:06.969436+00:00] main.DEBUG: cache_invalidate:  {"method":"GET","url":"http:/","invalidateInfo":{"identifier":"DB_PDO_MYSQL_DDL_sales_data_exporter_orders_index_batches_4"}} []
[2026-05-19T04:21:06.969453+00:00] main.DEBUG: cache_invalidate:  {"method":"GET","url":"http:/","invalidateInfo":{"identifier":"DB_PDO_MYSQL_DDL_sales_data_exporter_orders_index_batches_4"}} []
[2026-05-19T04:21:06.969525+00:00] main.DEBUG: cache_invalidate:  {"method":"GET","url":"http:/","invalidateInfo":{"identifier":"DB_PDO_MYSQL_DDL_sales_data_exporter_orders_index_batches_5"}} []
[2026-05-19T04:21:06.969545+00:00] main.DEBUG: cache_invalidate:  {"method":"GET","url":"http:/","invalidateInfo":{"identifier":"DB_PDO_MYSQL_DDL_sales_data_exporter_orders_index_batches_5"}} []
[2026-05-19T04:21:06.975281+00:00] main.INFO: {"feed":"salesOrders","operation":"full reindex(legacy)","status":"Batch table `sales_data_exporter_orders_index_batches` created. Total Items: 0, batches: ~0","elapsed":"00:00:00 415 ms","pid":"295","caller":"\/var\/www\/html\/bin\/magento setup:install --base-url=http:\/\/magentoclaude.local\/ --db-host=db --db-name=magento --db-user=magento"} [] []
[2026-05-19T04:21:06.975352+00:00] main.INFO: {"feed":"salesOrders","operation":"full reindex(legacy)","status":"skipping - no items to sync. Are there any items in source table `sales_order`?","elapsed":"00:00:00 415 ms","pid":"295","caller":"\/var\/www\/html\/bin\/magento setup:install --base-url=http:\/\/magentoclaude.local\/ --db-host=db --db-name=magento --db-user=magento"} [] []
[2026-05-19T04:21:06.976617+00:00] main.INFO: {"feed":"salesOrders","operation":"full reindex(legacy)","status":"Complete","elapsed":"00:00:00 416 ms","pid":"295","caller":"\/var\/www\/html\/bin\/magento setup:install --base-url=http:\/\/magentoclaude.local\/ --db-host=db --db-name=magento --db-user=magento"} [] []
[2026-05-19T04:21:06.987124+00:00] main.INFO: {"feed":"salesOrderStatuses","operation":"full reindex(legacy)","status":"Initialize","elapsed":"00:00:00 504 ms","pid":"295","caller":"\/var\/www\/html\/bin\/magento setup:install --base-url=http:\/\/magentoclaude.local\/ --db-host=db --db-name=magento --db-user=magento"} [] []
[2026-05-19T04:21:07.014161+00:00] main.DEBUG: cache_invalidate:  {"method":"GET","url":"http:/","invalidateInfo":{"identifier":"DB_PDO_MYSQL_DDL_sales_data_exporter_order_statuses_index_sequence_1"}} []
[2026-05-19T04:21:07.014223+00:00] main.DEBUG: cache_invalidate:  {"method":"GET","url":"http:/","invalidateInfo":{"identifier":"DB_PDO_MYSQL_DDL_sales_data_exporter_order_statuses_index_sequence_1"}} []
[2026-05-19T04:21:07.014333+00:00] main.DEBUG: cache_invalidate:  {"method":"GET","url":"http:/","invalidateInfo":{"identifier":"DB_PDO_MYSQL_DDL_sales_data_exporter_order_statuses_index_sequence_2"}} []
[2026-05-19T04:21:07.014354+00:00] main.DEBUG: cache_invalidate:  {"method":"GET","url":"http:/","invalidateInfo":{"identifier":"DB_PDO_MYSQL_DDL_sales_data_exporter_order_statuses_index_sequence_2"}} []
[2026-05-19T04:21:07.014430+00:00] main.DEBUG: cache_invalidate:  {"method":"GET","url":"http:/","invalidateInfo":{"identifier":"DB_PDO_MYSQL_DDL_sales_data_exporter_order_statuses_index_sequence_3"}} []
[2026-05-19T04:21:07.014447+00:00] main.DEBUG: cache_invalidate:  {"method":"GET","url":"http:/","invalidateInfo":{"identifier":"DB_PDO_MYSQL_DDL_sales_data_exporter_order_statuses_index_sequence_3"}} []
[2026-05-19T04:21:07.014522+00:00] main.DEBUG: cache_invalidate:  {"method":"GET","url":"http:/","invalidateInfo":{"identifier":"DB_PDO_MYSQL_DDL_sales_data_exporter_order_statuses_index_sequence_4"}} []
[2026-05-19T04:21:07.014538+00:00] main.DEBUG: cache_invalidate:  {"method":"GET","url":"http:/","invalidateInfo":{"identifier":"DB_PDO_MYSQL_DDL_sales_data_exporter_order_statuses_index_sequence_4"}} []
[2026-05-19T04:21:07.014610+00:00] main.DEBUG: cache_invalidate:  {"method":"GET","url":"http:/","invalidateInfo":{"identifier":"DB_PDO_MYSQL_DDL_sales_data_exporter_order_statuses_index_sequence_5"}} []
[2026-05-19T04:21:07.014627+00:00] main.DEBUG: cache_invalidate:  {"method":"GET","url":"http:/","invalidateInfo":{"identifier":"DB_PDO_MYSQL_DDL_sales_data_exporter_order_statuses_index_sequence_5"}} []
[2026-05-19T04:21:07.033330+00:00] main.DEBUG: cache_invalidate:  {"method":"GET","url":"http:/","invalidateInfo":{"identifier":"DB_PDO_MYSQL_DDL_sales_data_exporter_order_statuses_index_sequence_1"}} []
[2026-05-19T04:21:07.033383+00:00] main.DEBUG: cache_invalidate:  {"method":"GET","url":"http:/","invalidateInfo":{"identifier":"DB_PDO_MYSQL_DDL_sales_data_exporter_order_statuses_index_sequence_1"}} []
[2026-05-19T04:21:07.033471+00:00] main.DEBUG: cache_invalidate:  {"method":"GET","url":"http:/","invalidateInfo":{"identifier":"DB_PDO_MYSQL_DDL_sales_data_exporter_order_statuses_index_sequence_2"}} []
[2026-05-19T04:21:07.033490+00:00] main.DEBUG: cache_invalidate:  {"method":"GET","url":"http:/","invalidateInfo":{"identifier":"DB_PDO_MYSQL_DDL_sales_data_exporter_order_statuses_index_sequence_2"}} []
[2026-05-19T04:21:07.033565+00:00] main.DEBUG: cache_invalidate:  {"method":"GET","url":"http:/","invalidateInfo":{"identifier":"DB_PDO_MYSQL_DDL_sales_data_exporter_order_statuses_index_sequence_3"}} []
[2026-05-19T04:21:07.033582+00:00] main.DEBUG: cache_invalidate:  {"method":"GET","url":"http:/","invalidateInfo":{"identifier":"DB_PDO_MYSQL_DDL_sales_data_exporter_order_statuses_index_sequence_3"}} []
[2026-05-19T04:21:07.033655+00:00] main.DEBUG: cache_invalidate:  {"method":"GET","url":"http:/","invalidateInfo":{"identifier":"DB_PDO_MYSQL_DDL_sales_data_exporter_order_statuses_index_sequence_4"}} []
[2026-05-19T04:21:07.033671+00:00] main.DEBUG: cache_invalidate:  {"method":"GET","url":"http:/","invalidateInfo":{"identifier":"DB_PDO_MYSQL_DDL_sales_data_exporter_order_statuses_index_sequence_4"}} []
[2026-05-19T04:21:07.033742+00:00] main.DEBUG: cache_invalidate:  {"method":"GET","url":"http:/","invalidateInfo":{"identifier":"DB_PDO_MYSQL_DDL_sales_data_exporter_order_statuses_index_sequence_5"}} []
[2026-05-19T04:21:07.033759+00:00] main.DEBUG: cache_invalidate:  {"method":"GET","url":"http:/","invalidateInfo":{"identifier":"DB_PDO_MYSQL_DDL_sales_data_exporter_order_statuses_index_sequence_5"}} []
[2026-05-19T04:21:07.034076+00:00] main.INFO: {"feed":"salesOrderStatuses","operation":"full reindex(legacy)","status":"Creating batch table `sales_data_exporter_order_statuses_index_batches`. Start position: ","elapsed":"00:00:00 551 ms","pid":"295","caller":"\/var\/www\/html\/bin\/magento setup:install --base-url=http:\/\/magentoclaude.local\/ --db-host=db --db-name=magento --db-user=magento"} [] []
[2026-05-19T04:21:07.038572+00:00] main.DEBUG: cache_invalidate:  {"method":"GET","url":"http:/","invalidateInfo":{"identifier":"DB_PDO_MYSQL_DDL_sales_data_exporter_order_statuses_index_batches_1"}} []
[2026-05-19T04:21:07.038617+00:00] main.DEBUG: cache_invalidate:  {"method":"GET","url":"http:/","invalidateInfo":{"identifier":"DB_PDO_MYSQL_DDL_sales_data_exporter_order_statuses_index_batches_1"}} []
[2026-05-19T04:21:07.038698+00:00] main.DEBUG: cache_invalidate:  {"method":"GET","url":"http:/","invalidateInfo":{"identifier":"DB_PDO_MYSQL_DDL_sales_data_exporter_order_statuses_index_batches_2"}} []
[2026-05-19T04:21:07.038716+00:00] main.DEBUG: cache_invalidate:  {"method":"GET","url":"http:/","invalidateInfo":{"identifier":"DB_PDO_MYSQL_DDL_sales_data_exporter_order_statuses_index_batches_2"}} []
[2026-05-19T04:21:07.038796+00:00] main.DEBUG: cache_invalidate:  {"method":"GET","url":"http:/","invalidateInfo":{"identifier":"DB_PDO_MYSQL_DDL_sales_data_exporter_order_statuses_index_batches_3"}} []
[2026-05-19T04:21:07.038812+00:00] main.DEBUG: cache_invalidate:  {"method":"GET","url":"http:/","invalidateInfo":{"identifier":"DB_PDO_MYSQL_DDL_sales_data_exporter_order_statuses_index_batches_3"}} []
[2026-05-19T04:21:07.038890+00:00] main.DEBUG: cache_invalidate:  {"method":"GET","url":"http:/","invalidateInfo":{"identifier":"DB_PDO_MYSQL_DDL_sales_data_exporter_order_statuses_index_batches_4"}} []
[2026-05-19T04:21:07.038907+00:00] main.DEBUG: cache_invalidate:  {"method":"GET","url":"http:/","invalidateInfo":{"identifier":"DB_PDO_MYSQL_DDL_sales_data_exporter_order_statuses_index_batches_4"}} []
[2026-05-19T04:21:07.038981+00:00] main.DEBUG: cache_invalidate:  {"method":"GET","url":"http:/","invalidateInfo":{"identifier":"DB_PDO_MYSQL_DDL_sales_data_exporter_order_statuses_index_batches_5"}} []
[2026-05-19T04:21:07.038998+00:00] main.DEBUG: cache_invalidate:  {"method":"GET","url":"http:/","invalidateInfo":{"identifier":"DB_PDO_MYSQL_DDL_sales_data_exporter_order_statuses_index_batches_5"}} []
[2026-05-19T04:21:07.060413+00:00] main.DEBUG: cache_invalidate:  {"method":"GET","url":"http:/","invalidateInfo":{"identifier":"DB_PDO_MYSQL_DDL_sales_data_exporter_order_statuses_index_batches_1"}} []
[2026-05-19T04:21:07.060481+00:00] main.DEBUG: cache_invalidate:  {"method":"GET","url":"http:/","invalidateInfo":{"identifier":"DB_PDO_MYSQL_DDL_sales_data_exporter_order_statuses_index_batches_1"}} []
[2026-05-19T04:21:07.060565+00:00] main.DEBUG: cache_invalidate:  {"method":"GET","url":"http:/","invalidateInfo":{"identifier":"DB_PDO_MYSQL_DDL_sales_data_exporter_order_statuses_index_batches_2"}} []
[2026-05-19T04:21:07.060585+00:00] main.DEBUG: cache_invalidate:  {"method":"GET","url":"http:/","invalidateInfo":{"identifier":"DB_PDO_MYSQL_DDL_sales_data_exporter_order_statuses_index_batches_2"}} []
[2026-05-19T04:21:07.060660+00:00] main.DEBUG: cache_invalidate:  {"method":"GET","url":"http:/","invalidateInfo":{"identifier":"DB_PDO_MYSQL_DDL_sales_data_exporter_order_statuses_index_batches_3"}} []
[2026-05-19T04:21:07.060677+00:00] main.DEBUG: cache_invalidate:  {"method":"GET","url":"http:/","invalidateInfo":{"identifier":"DB_PDO_MYSQL_DDL_sales_data_exporter_order_statuses_index_batches_3"}} []
[2026-05-19T04:21:07.060750+00:00] main.DEBUG: cache_invalidate:  {"method":"GET","url":"http:/","invalidateInfo":{"identifier":"DB_PDO_MYSQL_DDL_sales_data_exporter_order_statuses_index_batches_4"}} []
[2026-05-19T04:21:07.060767+00:00] main.DEBUG: cache_invalidate:  {"method":"GET","url":"http:/","invalidateInfo":{"identifier":"DB_PDO_MYSQL_DDL_sales_data_exporter_order_statuses_index_batches_4"}} []
[2026-05-19T04:21:07.060839+00:00] main.DEBUG: cache_invalidate:  {"method":"GET","url":"http:/","invalidateInfo":{"identifier":"DB_PDO_MYSQL_DDL_sales_data_exporter_order_statuses_index_batches_5"}} []
[2026-05-19T04:21:07.060856+00:00] main.DEBUG: cache_invalidate:  {"method":"GET","url":"http:/","invalidateInfo":{"identifier":"DB_PDO_MYSQL_DDL_sales_data_exporter_order_statuses_index_batches_5"}} []
[2026-05-19T04:21:07.067264+00:00] main.INFO: {"feed":"salesOrderStatuses","operation":"full reindex(legacy)","status":"Batch table `sales_data_exporter_order_statuses_index_batches` created. Total Items: 12, batches: ~0","elapsed":"00:00:00 584 ms","pid":"295","caller":"\/var\/www\/html\/bin\/magento setup:install --base-url=http:\/\/magentoclaude.local\/ --db-host=db --db-name=magento --db-user=magento"} [] []
[2026-05-19T04:21:07.067365+00:00] main.INFO: {"feed":"salesOrderStatuses","operation":"full reindex(legacy)","status":"start processing `12` items in `1` threads with `100` batch size","elapsed":"00:00:00 584 ms","pid":"295","caller":"\/var\/www\/html\/bin\/magento setup:install --base-url=http:\/\/magentoclaude.local\/ --db-host=db --db-name=magento --db-user=magento"} [] []
[2026-05-19T04:21:07.078863+00:00] main.INFO: {"feed":"salesOrderStatuses","operation":"full reindex(legacy)","status":"Progress 1\/1, processed 12, synced 12","elapsed":"00:00:00 596 ms","pid":"295","caller":"\/var\/www\/html\/bin\/magento setup:install --base-url=http:\/\/magentoclaude.local\/ --db-host=db --db-name=magento --db-user=magento"} [] []
[2026-05-19T04:21:07.080302+00:00] main.INFO: {"feed":"salesOrderStatuses","operation":"full reindex(legacy)","status":"Complete","elapsed":"00:00:00 597 ms","pid":"295","caller":"\/var\/www\/html\/bin\/magento setup:install --base-url=http:\/\/magentoclaude.local\/ --db-host=db --db-name=magento --db-user=magento"} [] []
[2026-05-19T04:21:07.088517+00:00] main.INFO: {"feed":"stores","operation":"full reindex(legacy)","status":"Initialize","elapsed":"00:00:00 707 ms","pid":"295","caller":"\/var\/www\/html\/bin\/magento setup:install --base-url=http:\/\/magentoclaude.local\/ --db-host=db --db-name=magento --db-user=magento"} [] []
[2026-05-19T04:21:07.111847+00:00] main.DEBUG: cache_invalidate:  {"method":"GET","url":"http:/","invalidateInfo":{"identifier":"DB_PDO_MYSQL_DDL_stores_data_exporter_index_sequence_1"}} []
[2026-05-19T04:21:07.111914+00:00] main.DEBUG: cache_invalidate:  {"method":"GET","url":"http:/","invalidateInfo":{"identifier":"DB_PDO_MYSQL_DDL_stores_data_exporter_index_sequence_1"}} []
[2026-05-19T04:21:07.112002+00:00] main.DEBUG: cache_invalidate:  {"method":"GET","url":"http:/","invalidateInfo":{"identifier":"DB_PDO_MYSQL_DDL_stores_data_exporter_index_sequence_2"}} []
[2026-05-19T04:21:07.112021+00:00] main.DEBUG: cache_invalidate:  {"method":"GET","url":"http:/","invalidateInfo":{"identifier":"DB_PDO_MYSQL_DDL_stores_data_exporter_index_sequence_2"}} []
[2026-05-19T04:21:07.112100+00:00] main.DEBUG: cache_invalidate:  {"method":"GET","url":"http:/","invalidateInfo":{"identifier":"DB_PDO_MYSQL_DDL_stores_data_exporter_index_sequence_3"}} []
[2026-05-19T04:21:07.112116+00:00] main.DEBUG: cache_invalidate:  {"method":"GET","url":"http:/","invalidateInfo":{"identifier":"DB_PDO_MYSQL_DDL_stores_data_exporter_index_sequence_3"}} []
[2026-05-19T04:21:07.112192+00:00] main.DEBUG: cache_invalidate:  {"method":"GET","url":"http:/","invalidateInfo":{"identifier":"DB_PDO_MYSQL_DDL_stores_data_exporter_index_sequence_4"}} []
[2026-05-19T04:21:07.112207+00:00] main.DEBUG: cache_invalidate:  {"method":"GET","url":"http:/","invalidateInfo":{"identifier":"DB_PDO_MYSQL_DDL_stores_data_exporter_index_sequence_4"}} []
[2026-05-19T04:21:07.112290+00:00] main.DEBUG: cache_invalidate:  {"method":"GET","url":"http:/","invalidateInfo":{"identifier":"DB_PDO_MYSQL_DDL_stores_data_exporter_index_sequence_5"}} []
[2026-05-19T04:21:07.112306+00:00] main.DEBUG: cache_invalidate:  {"method":"GET","url":"http:/","invalidateInfo":{"identifier":"DB_PDO_MYSQL_DDL_stores_data_exporter_index_sequence_5"}} []
[2026-05-19T04:21:07.124068+00:00] main.DEBUG: cache_invalidate:  {"method":"GET","url":"http:/","invalidateInfo":{"identifier":"DB_PDO_MYSQL_DDL_stores_data_exporter_index_sequence_1"}} []
[2026-05-19T04:21:07.124140+00:00] main.DEBUG: cache_invalidate:  {"method":"GET","url":"http:/","invalidateInfo":{"identifier":"DB_PDO_MYSQL_DDL_stores_data_exporter_index_sequence_1"}} []
[2026-05-19T04:21:07.124248+00:00] main.DEBUG: cache_invalidate:  {"method":"GET","url":"http:/","invalidateInfo":{"identifier":"DB_PDO_MYSQL_DDL_stores_data_exporter_index_sequence_2"}} []
[2026-05-19T04:21:07.124271+00:00] main.DEBUG: cache_invalidate:  {"method":"GET","url":"http:/","invalidateInfo":{"identifier":"DB_PDO_MYSQL_DDL_stores_data_exporter_index_sequence_2"}} []
[2026-05-19T04:21:07.124355+00:00] main.DEBUG: cache_invalidate:  {"method":"GET","url":"http:/","invalidateInfo":{"identifier":"DB_PDO_MYSQL_DDL_stores_data_exporter_index_sequence_3"}} []
[2026-05-19T04:21:07.124377+00:00] main.DEBUG: cache_invalidate:  {"method":"GET","url":"http:/","invalidateInfo":{"identifier":"DB_PDO_MYSQL_DDL_stores_data_exporter_index_sequence_3"}} []
[2026-05-19T04:21:07.124455+00:00] main.DEBUG: cache_invalidate:  {"method":"GET","url":"http:/","invalidateInfo":{"identifier":"DB_PDO_MYSQL_DDL_stores_data_exporter_index_sequence_4"}} []
[2026-05-19T04:21:07.124472+00:00] main.DEBUG: cache_invalidate:  {"method":"GET","url":"http:/","invalidateInfo":{"identifier":"DB_PDO_MYSQL_DDL_stores_data_exporter_index_sequence_4"}} []
[2026-05-19T04:21:07.124548+00:00] main.DEBUG: cache_invalidate:  {"method":"GET","url":"http:/","invalidateInfo":{"identifier":"DB_PDO_MYSQL_DDL_stores_data_exporter_index_sequence_5"}} []
[2026-05-19T04:21:07.124565+00:00] main.DEBUG: cache_invalidate:  {"method":"GET","url":"http:/","invalidateInfo":{"identifier":"DB_PDO_MYSQL_DDL_stores_data_exporter_index_sequence_5"}} []
[2026-05-19T04:21:07.125118+00:00] main.INFO: {"feed":"stores","operation":"full reindex(legacy)","status":"Creating batch table `stores_data_exporter_index_batches`. Start position: 0","elapsed":"00:00:00 743 ms","pid":"295","caller":"\/var\/www\/html\/bin\/magento setup:install --base-url=http:\/\/magentoclaude.local\/ --db-host=db --db-name=magento --db-user=magento"} [] []
[2026-05-19T04:21:07.126278+00:00] main.DEBUG: cache_invalidate:  {"method":"GET","url":"http:/","invalidateInfo":{"identifier":"DB_PDO_MYSQL_DDL_stores_data_exporter_index_batches_1"}} []
[2026-05-19T04:21:07.126407+00:00] main.DEBUG: cache_invalidate:  {"method":"GET","url":"http:/","invalidateInfo":{"identifier":"DB_PDO_MYSQL_DDL_stores_data_exporter_index_batches_1"}} []
[2026-05-19T04:21:07.126558+00:00] main.DEBUG: cache_invalidate:  {"method":"GET","url":"http:/","invalidateInfo":{"identifier":"DB_PDO_MYSQL_DDL_stores_data_exporter_index_batches_2"}} []
[2026-05-19T04:21:07.126578+00:00] main.DEBUG: cache_invalidate:  {"method":"GET","url":"http:/","invalidateInfo":{"identifier":"DB_PDO_MYSQL_DDL_stores_data_exporter_index_batches_2"}} []
[2026-05-19T04:21:07.126659+00:00] main.DEBUG: cache_invalidate:  {"method":"GET","url":"http:/","invalidateInfo":{"identifier":"DB_PDO_MYSQL_DDL_stores_data_exporter_index_batches_3"}} []
[2026-05-19T04:21:07.126675+00:00] main.DEBUG: cache_invalidate:  {"method":"GET","url":"http:/","invalidateInfo":{"identifier":"DB_PDO_MYSQL_DDL_stores_data_exporter_index_batches_3"}} []
[2026-05-19T04:21:07.126749+00:00] main.DEBUG: cache_invalidate:  {"method":"GET","url":"http:/","invalidateInfo":{"identifier":"DB_PDO_MYSQL_DDL_stores_data_exporter_index_batches_4"}} []
[2026-05-19T04:21:07.126765+00:00] main.DEBUG: cache_invalidate:  {"method":"GET","url":"http:/","invalidateInfo":{"identifier":"DB_PDO_MYSQL_DDL_stores_data_exporter_index_batches_4"}} []
[2026-05-19T04:21:07.126841+00:00] main.DEBUG: cache_invalidate:  {"method":"GET","url":"http:/","invalidateInfo":{"identifier":"DB_PDO_MYSQL_DDL_stores_data_exporter_index_batches_5"}} []
[2026-05-19T04:21:07.126856+00:00] main.DEBUG: cache_invalidate:  {"method":"GET","url":"http:/","invalidateInfo":{"identifier":"DB_PDO_MYSQL_DDL_stores_data_exporter_index_batches_5"}} []
[2026-05-19T04:21:07.138033+00:00] main.DEBUG: cache_invalidate:  {"method":"GET","url":"http:/","invalidateInfo":{"identifier":"DB_PDO_MYSQL_DDL_stores_data_exporter_index_batches_1"}} []
[2026-05-19T04:21:07.138103+00:00] main.DEBUG: cache_invalidate:  {"method":"GET","url":"http:/","invalidateInfo":{"identifier":"DB_PDO_MYSQL_DDL_stores_data_exporter_index_batches_1"}} []
[2026-05-19T04:21:07.138191+00:00] main.DEBUG: cache_invalidate:  {"method":"GET","url":"http:/","invalidateInfo":{"identifier":"DB_PDO_MYSQL_DDL_stores_data_exporter_index_batches_2"}} []
[2026-05-19T04:21:07.138210+00:00] main.DEBUG: cache_invalidate:  {"method":"GET","url":"http:/","invalidateInfo":{"identifier":"DB_PDO_MYSQL_DDL_stores_data_exporter_index_batches_2"}} []
[2026-05-19T04:21:07.138303+00:00] main.DEBUG: cache_invalidate:  {"method":"GET","url":"http:/","invalidateInfo":{"identifier":"DB_PDO_MYSQL_DDL_stores_data_exporter_index_batches_3"}} []
[2026-05-19T04:21:07.138321+00:00] main.DEBUG: cache_invalidate:  {"method":"GET","url":"http:/","invalidateInfo":{"identifier":"DB_PDO_MYSQL_DDL_stores_data_exporter_index_batches_3"}} []
[2026-05-19T04:21:07.138396+00:00] main.DEBUG: cache_invalidate:  {"method":"GET","url":"http:/","invalidateInfo":{"identifier":"DB_PDO_MYSQL_DDL_stores_data_exporter_index_batches_4"}} []
[2026-05-19T04:21:07.138412+00:00] main.DEBUG: cache_invalidate:  {"method":"GET","url":"http:/","invalidateInfo":{"identifier":"DB_PDO_MYSQL_DDL_stores_data_exporter_index_batches_4"}} []
[2026-05-19T04:21:07.138485+00:00] main.DEBUG: cache_invalidate:  {"method":"GET","url":"http:/","invalidateInfo":{"identifier":"DB_PDO_MYSQL_DDL_stores_data_exporter_index_batches_5"}} []
[2026-05-19T04:21:07.138501+00:00] main.DEBUG: cache_invalidate:  {"method":"GET","url":"http:/","invalidateInfo":{"identifier":"DB_PDO_MYSQL_DDL_stores_data_exporter_index_batches_5"}} []
[2026-05-19T04:21:07.141708+00:00] main.INFO: {"feed":"stores","operation":"full reindex(legacy)","status":"Batch table `stores_data_exporter_index_batches` created. Total Items: 1, batches: ~0","elapsed":"00:00:00 760 ms","pid":"295","caller":"\/var\/www\/html\/bin\/magento setup:install --base-url=http:\/\/magentoclaude.local\/ --db-host=db --db-name=magento --db-user=magento"} [] []
[2026-05-19T04:21:07.141776+00:00] main.INFO: {"feed":"stores","operation":"full reindex(legacy)","status":"start processing `1` items in `1` threads with `100` batch size","elapsed":"00:00:00 760 ms","pid":"295","caller":"\/var\/www\/html\/bin\/magento setup:install --base-url=http:\/\/magentoclaude.local\/ --db-host=db --db-name=magento --db-user=magento"} [] []
[2026-05-19T04:21:07.147066+00:00] main.INFO: {"feed":"stores","operation":"full reindex(legacy)","status":"Progress 1\/1, processed 1, synced 1","elapsed":"00:00:00 765 ms","pid":"295","caller":"\/var\/www\/html\/bin\/magento setup:install --base-url=http:\/\/magentoclaude.local\/ --db-host=db --db-name=magento --db-user=magento"} [] []
[2026-05-19T04:21:07.148598+00:00] main.INFO: {"feed":"stores","operation":"full reindex(legacy)","status":"Complete","elapsed":"00:00:00 767 ms","pid":"295","caller":"\/var\/www\/html\/bin\/magento setup:install --base-url=http:\/\/magentoclaude.local\/ --db-host=db --db-name=magento --db-user=magento"} [] []
[2026-05-19T04:36:22.773554+00:00] main.DEBUG: cache_invalidate:  {"method":"GET","url":"http:/","invalidateInfo":{"tags":["cat_c_3","MAGE"],"mode":"matchingTag"}} []
[2026-05-19T04:36:22.774857+00:00] main.DEBUG: cache_invalidate:  {"method":"GET","url":"http:/","invalidateInfo":{"tags":["cat_c_p_3","MAGE"],"mode":"matchingTag"}} []
[2026-05-19T04:36:22.775041+00:00] main.DEBUG: cache_invalidate:  {"method":"GET","url":"http:/","invalidateInfo":{"tags":["cat_c_p_1","MAGE"],"mode":"matchingTag"}} []
[2026-05-19T04:36:22.775238+00:00] main.DEBUG: cache_invalidate:  {"method":"GET","url":"http:/","invalidateInfo":{"tags":["cat_c_p_2","MAGE"],"mode":"matchingTag"}} []
[2026-05-19T04:36:22.776358+00:00] main.DEBUG: cache_invalidate:  {"method":"GET","url":"http:/","invalidateInfo":{"tags":["cat_c","MAGE"],"mode":"matchingTag"}} []
[2026-05-19T04:36:22.776465+00:00] main.DEBUG: cache_invalidate:  {"method":"GET","url":"http:/","invalidateInfo":{"tags":{"0":"cat_c_3","1":"cat_c_p_3","2":"cat_c_p_1","3":"cat_c_p_2","5":"cat_c"},"mode":"matchingAnyTag"}} []
[2026-05-19T04:36:22.796960+00:00] main.DEBUG: cache_invalidate:  {"method":"GET","url":"http:/","invalidateInfo":{"tags":["cat_c_3","FPC","MAGE"],"mode":"matchingTag"}} []
[2026-05-19T04:36:22.797102+00:00] main.DEBUG: cache_invalidate:  {"method":"GET","url":"http:/","invalidateInfo":{"tags":["cat_c_3","FPC"],"mode":"matchingTag"}} []
[2026-05-19T04:36:22.797202+00:00] main.DEBUG: cache_invalidate:  {"method":"GET","url":"http:/","invalidateInfo":{"tags":["cat_c_p_3","FPC","MAGE"],"mode":"matchingTag"}} []
[2026-05-19T04:36:22.797264+00:00] main.DEBUG: cache_invalidate:  {"method":"GET","url":"http:/","invalidateInfo":{"tags":["cat_c_p_3","FPC"],"mode":"matchingTag"}} []
[2026-05-19T04:36:22.797366+00:00] main.DEBUG: cache_invalidate:  {"method":"GET","url":"http:/","invalidateInfo":{"tags":["cat_c_p_1","FPC","MAGE"],"mode":"matchingTag"}} []
[2026-05-19T04:36:22.797437+00:00] main.DEBUG: cache_invalidate:  {"method":"GET","url":"http:/","invalidateInfo":{"tags":["cat_c_p_1","FPC"],"mode":"matchingTag"}} []
[2026-05-19T04:36:22.797533+00:00] main.DEBUG: cache_invalidate:  {"method":"GET","url":"http:/","invalidateInfo":{"tags":["cat_c_p_2","FPC","MAGE"],"mode":"matchingTag"}} []
[2026-05-19T04:36:22.797623+00:00] main.DEBUG: cache_invalidate:  {"method":"GET","url":"http:/","invalidateInfo":{"tags":["cat_c_p_2","FPC"],"mode":"matchingTag"}} []
[2026-05-19T04:36:22.798699+00:00] main.DEBUG: cache_invalidate:  {"method":"GET","url":"http:/","invalidateInfo":{"tags":["cat_c","FPC","MAGE"],"mode":"matchingTag"}} []
[2026-05-19T04:36:22.798835+00:00] main.DEBUG: cache_invalidate:  {"method":"GET","url":"http:/","invalidateInfo":{"tags":["cat_c","FPC"],"mode":"matchingTag"}} []
[2026-05-19T04:36:22.995099+00:00] main.DEBUG: cache_invalidate:  {"method":"GET","url":"http:/","invalidateInfo":{"tags":["cat_c_3","FPC","MAGE"],"mode":"matchingTag"}} []
[2026-05-19T04:36:22.995283+00:00] main.DEBUG: cache_invalidate:  {"method":"GET","url":"http:/","invalidateInfo":{"tags":["cat_c_3","FPC"],"mode":"matchingTag"}} []
[2026-05-19T04:36:22.995464+00:00] main.DEBUG: cache_invalidate:  {"method":"GET","url":"http:/","invalidateInfo":{"tags":["cat_c_p_1","FPC","MAGE"],"mode":"matchingTag"}} []
[2026-05-19T04:36:22.995544+00:00] main.DEBUG: cache_invalidate:  {"method":"GET","url":"http:/","invalidateInfo":{"tags":["cat_c_p_1","FPC"],"mode":"matchingTag"}} []
[2026-05-19T04:36:22.995746+00:00] main.DEBUG: cache_invalidate:  {"method":"GET","url":"http:/","invalidateInfo":{"tags":["cat_c_p_2","FPC","MAGE"],"mode":"matchingTag"}} []
[2026-05-19T04:36:22.995857+00:00] main.DEBUG: cache_invalidate:  {"method":"GET","url":"http:/","invalidateInfo":{"tags":["cat_c_p_2","FPC"],"mode":"matchingTag"}} []
[2026-05-19T04:36:22.995966+00:00] main.DEBUG: cache_invalidate:  {"method":"GET","url":"http:/","invalidateInfo":{"tags":["cat_c_p_3","FPC","MAGE"],"mode":"matchingTag"}} []
[2026-05-19T04:36:22.996031+00:00] main.DEBUG: cache_invalidate:  {"method":"GET","url":"http:/","invalidateInfo":{"tags":["cat_c_p_3","FPC"],"mode":"matchingTag"}} []
[2026-05-19T04:36:22.996597+00:00] main.DEBUG: cache_invalidate:  {"method":"GET","url":"http:/","invalidateInfo":{"tags":["cat_c","FPC","MAGE"],"mode":"matchingTag"}} []
[2026-05-19T04:36:22.996670+00:00] main.DEBUG: cache_invalidate:  {"method":"GET","url":"http:/","invalidateInfo":{"tags":["cat_c","FPC"],"mode":"matchingTag"}} []
[2026-05-19T04:36:22.996851+00:00] main.DEBUG: cache_invalidate:  {"method":"GET","url":"http:/","invalidateInfo":{"tags":["cat_c_3","MAGE"],"mode":"matchingTag"}} []
[2026-05-19T04:36:22.996956+00:00] main.DEBUG: cache_invalidate:  {"method":"GET","url":"http:/","invalidateInfo":{"tags":["cat_c_p_1","MAGE"],"mode":"matchingTag"}} []
[2026-05-19T04:36:22.997043+00:00] main.DEBUG: cache_invalidate:  {"method":"GET","url":"http:/","invalidateInfo":{"tags":["cat_c_p_2","MAGE"],"mode":"matchingTag"}} []
[2026-05-19T04:36:22.997124+00:00] main.DEBUG: cache_invalidate:  {"method":"GET","url":"http:/","invalidateInfo":{"tags":["cat_c_p_3","MAGE"],"mode":"matchingTag"}} []
[2026-05-19T04:36:22.997527+00:00] main.DEBUG: cache_invalidate:  {"method":"GET","url":"http:/","invalidateInfo":{"tags":["cat_c","MAGE"],"mode":"matchingTag"}} []
[2026-05-19T04:36:22.997601+00:00] main.DEBUG: cache_invalidate:  {"method":"GET","url":"http:/","invalidateInfo":{"tags":["cat_c_3","cat_c_p_1","cat_c_p_2","cat_c_p_3","cat_c"],"mode":"matchingAnyTag"}} []
[2026-05-19T04:36:22.997704+00:00] main.DEBUG: cache_invalidate:  {"method":"GET","url":"http:/","invalidateInfo":{"tags":["cat_c_3","MAGE"],"mode":"matchingTag"}} []
[2026-05-19T04:36:22.997841+00:00] main.DEBUG: cache_invalidate:  {"method":"GET","url":"http:/","invalidateInfo":{"tags":["cat_c_p_1","MAGE"],"mode":"matchingTag"}} []
[2026-05-19T04:36:22.998052+00:00] main.DEBUG: cache_invalidate:  {"method":"GET","url":"http:/","invalidateInfo":{"tags":["cat_c_p_2","MAGE"],"mode":"matchingTag"}} []
[2026-05-19T04:36:22.998224+00:00] main.DEBUG: cache_invalidate:  {"method":"GET","url":"http:/","invalidateInfo":{"tags":["cat_c_p_3","MAGE"],"mode":"matchingTag"}} []
[2026-05-19T04:36:22.998670+00:00] main.DEBUG: cache_invalidate:  {"method":"GET","url":"http:/","invalidateInfo":{"tags":["cat_c","MAGE"],"mode":"matchingTag"}} []
[2026-05-19T04:36:22.998743+00:00] main.DEBUG: cache_invalidate:  {"method":"GET","url":"http:/","invalidateInfo":{"tags":["cat_c_3","cat_c_p_1","cat_c_p_2","cat_c_p_3","cat_c"],"mode":"matchingAnyTag"}} []
[2026-05-19T04:36:23.006705+00:00] main.DEBUG: cache_invalidate:  {"method":"GET","url":"http:/","invalidateInfo":{"tags":["cat_c_4","MAGE"],"mode":"matchingTag"}} []
[2026-05-19T04:36:23.006982+00:00] main.DEBUG: cache_invalidate:  {"method":"GET","url":"http:/","invalidateInfo":{"tags":["cat_c_p_4","MAGE"],"mode":"matchingTag"}} []
[2026-05-19T04:36:23.007120+00:00] main.DEBUG: cache_invalidate:  {"method":"GET","url":"http:/","invalidateInfo":{"tags":["cat_c_p_1","MAGE"],"mode":"matchingTag"}} []
[2026-05-19T04:36:23.007236+00:00] main.DEBUG: cache_invalidate:  {"method":"GET","url":"http:/","invalidateInfo":{"tags":["cat_c_p_2","MAGE"],"mode":"matchingTag"}} []
[2026-05-19T04:36:23.008179+00:00] main.DEBUG: cache_invalidate:  {"method":"GET","url":"http:/","invalidateInfo":{"tags":["cat_c","MAGE"],"mode":"matchingTag"}} []
[2026-05-19T04:36:23.008313+00:00] main.DEBUG: cache_invalidate:  {"method":"GET","url":"http:/","invalidateInfo":{"tags":{"0":"cat_c_4","1":"cat_c_p_4","2":"cat_c_p_1","3":"cat_c_p_2","5":"cat_c"},"mode":"matchingAnyTag"}} []
[2026-05-19T04:36:23.008625+00:00] main.DEBUG: cache_invalidate:  {"method":"GET","url":"http:/","invalidateInfo":{"tags":["cat_c_4","FPC","MAGE"],"mode":"matchingTag"}} []
[2026-05-19T04:36:23.008767+00:00] main.DEBUG: cache_invalidate:  {"method":"GET","url":"http:/","invalidateInfo":{"tags":["cat_c_4","FPC"],"mode":"matchingTag"}} []
[2026-05-19T04:36:23.008925+00:00] main.DEBUG: cache_invalidate:  {"method":"GET","url":"http:/","invalidateInfo":{"tags":["cat_c_p_4","FPC","MAGE"],"mode":"matchingTag"}} []
[2026-05-19T04:36:23.008991+00:00] main.DEBUG: cache_invalidate:  {"method":"GET","url":"http:/","invalidateInfo":{"tags":["cat_c_p_4","FPC"],"mode":"matchingTag"}} []
[2026-05-19T04:36:23.009105+00:00] main.DEBUG: cache_invalidate:  {"method":"GET","url":"http:/","invalidateInfo":{"tags":["cat_c_p_1","FPC","MAGE"],"mode":"matchingTag"}} []
[2026-05-19T04:36:23.009213+00:00] main.DEBUG: cache_invalidate:  {"method":"GET","url":"http:/","invalidateInfo":{"tags":["cat_c_p_1","FPC"],"mode":"matchingTag"}} []
[2026-05-19T04:36:23.009320+00:00] main.DEBUG: cache_invalidate:  {"method":"GET","url":"http:/","invalidateInfo":{"tags":["cat_c_p_2","FPC","MAGE"],"mode":"matchingTag"}} []
[2026-05-19T04:36:23.009452+00:00] main.DEBUG: cache_invalidate:  {"method":"GET","url":"http:/","invalidateInfo":{"tags":["cat_c_p_2","FPC"],"mode":"matchingTag"}} []
[2026-05-19T04:36:23.010400+00:00] main.DEBUG: cache_invalidate:  {"method":"GET","url":"http:/","invalidateInfo":{"tags":["cat_c","FPC","MAGE"],"mode":"matchingTag"}} []
[2026-05-19T04:36:23.010518+00:00] main.DEBUG: cache_invalidate:  {"method":"GET","url":"http:/","invalidateInfo":{"tags":["cat_c","FPC"],"mode":"matchingTag"}} []
[2026-05-19T04:36:23.017099+00:00] main.DEBUG: cache_invalidate:  {"method":"GET","url":"http:/","invalidateInfo":{"tags":["cat_c_4","FPC","MAGE"],"mode":"matchingTag"}} []
[2026-05-19T04:36:23.017210+00:00] main.DEBUG: cache_invalidate:  {"method":"GET","url":"http:/","invalidateInfo":{"tags":["cat_c_4","FPC"],"mode":"matchingTag"}} []
[2026-05-19T04:36:23.017303+00:00] main.DEBUG: cache_invalidate:  {"method":"GET","url":"http:/","invalidateInfo":{"tags":["cat_c_p_1","FPC","MAGE"],"mode":"matchingTag"}} []
[2026-05-19T04:36:23.017367+00:00] main.DEBUG: cache_invalidate:  {"method":"GET","url":"http:/","invalidateInfo":{"tags":["cat_c_p_1","FPC"],"mode":"matchingTag"}} []
[2026-05-19T04:36:23.017462+00:00] main.DEBUG: cache_invalidate:  {"method":"GET","url":"http:/","invalidateInfo":{"tags":["cat_c_p_2","FPC","MAGE"],"mode":"matchingTag"}} []
[2026-05-19T04:36:23.017546+00:00] main.DEBUG: cache_invalidate:  {"method":"GET","url":"http:/","invalidateInfo":{"tags":["cat_c_p_2","FPC"],"mode":"matchingTag"}} []
[2026-05-19T04:36:23.017655+00:00] main.DEBUG: cache_invalidate:  {"method":"GET","url":"http:/","invalidateInfo":{"tags":["cat_c_p_4","FPC","MAGE"],"mode":"matchingTag"}} []
[2026-05-19T04:36:23.017716+00:00] main.DEBUG: cache_invalidate:  {"method":"GET","url":"http:/","invalidateInfo":{"tags":["cat_c_p_4","FPC"],"mode":"matchingTag"}} []
[2026-05-19T04:36:23.018678+00:00] main.DEBUG: cache_invalidate:  {"method":"GET","url":"http:/","invalidateInfo":{"tags":["cat_c","FPC","MAGE"],"mode":"matchingTag"}} []
[2026-05-19T04:36:23.018809+00:00] main.DEBUG: cache_invalidate:  {"method":"GET","url":"http:/","invalidateInfo":{"tags":["cat_c","FPC"],"mode":"matchingTag"}} []
[2026-05-19T04:36:23.019007+00:00] main.DEBUG: cache_invalidate:  {"method":"GET","url":"http:/","invalidateInfo":{"tags":["cat_c_4","MAGE"],"mode":"matchingTag"}} []
[2026-05-19T04:36:23.019196+00:00] main.DEBUG: cache_invalidate:  {"method":"GET","url":"http:/","invalidateInfo":{"tags":["cat_c_p_1","MAGE"],"mode":"matchingTag"}} []
[2026-05-19T04:36:23.019392+00:00] main.DEBUG: cache_invalidate:  {"method":"GET","url":"http:/","invalidateInfo":{"tags":["cat_c_p_2","MAGE"],"mode":"matchingTag"}} []
[2026-05-19T04:36:23.019516+00:00] main.DEBUG: cache_invalidate:  {"method":"GET","url":"http:/","invalidateInfo":{"tags":["cat_c_p_4","MAGE"],"mode":"matchingTag"}} []
[2026-05-19T04:36:23.020285+00:00] main.DEBUG: cache_invalidate:  {"method":"GET","url":"http:/","invalidateInfo":{"tags":["cat_c","MAGE"],"mode":"matchingTag"}} []
[2026-05-19T04:36:23.020449+00:00] main.DEBUG: cache_invalidate:  {"method":"GET","url":"http:/","invalidateInfo":{"tags":["cat_c_4","cat_c_p_1","cat_c_p_2","cat_c_p_4","cat_c"],"mode":"matchingAnyTag"}} []
[2026-05-19T04:36:23.020657+00:00] main.DEBUG: cache_invalidate:  {"method":"GET","url":"http:/","invalidateInfo":{"tags":["cat_c_4","MAGE"],"mode":"matchingTag"}} []
[2026-05-19T04:36:23.020856+00:00] main.DEBUG: cache_invalidate:  {"method":"GET","url":"http:/","invalidateInfo":{"tags":["cat_c_p_1","MAGE"],"mode":"matchingTag"}} []
[2026-05-19T04:36:23.021022+00:00] main.DEBUG: cache_invalidate:  {"method":"GET","url":"http:/","invalidateInfo":{"tags":["cat_c_p_2","MAGE"],"mode":"matchingTag"}} []
[2026-05-19T04:36:23.021210+00:00] main.DEBUG: cache_invalidate:  {"method":"GET","url":"http:/","invalidateInfo":{"tags":["cat_c_p_4","MAGE"],"mode":"matchingTag"}} []
[2026-05-19T04:36:23.021767+00:00] main.DEBUG: cache_invalidate:  {"method":"GET","url":"http:/","invalidateInfo":{"tags":["cat_c","MAGE"],"mode":"matchingTag"}} []
[2026-05-19T04:36:23.021866+00:00] main.DEBUG: cache_invalidate:  {"method":"GET","url":"http:/","invalidateInfo":{"tags":["cat_c_4","cat_c_p_1","cat_c_p_2","cat_c_p_4","cat_c"],"mode":"matchingAnyTag"}} []
[2026-05-19T04:36:23.029228+00:00] main.DEBUG: cache_invalidate:  {"method":"GET","url":"http:/","invalidateInfo":{"tags":["cat_c_5","MAGE"],"mode":"matchingTag"}} []
[2026-05-19T04:36:23.029519+00:00] main.DEBUG: cache_invalidate:  {"method":"GET","url":"http:/","invalidateInfo":{"tags":["cat_c_p_5","MAGE"],"mode":"matchingTag"}} []
[2026-05-19T04:36:23.029731+00:00] main.DEBUG: cache_invalidate:  {"method":"GET","url":"http:/","invalidateInfo":{"tags":["cat_c_p_1","MAGE"],"mode":"matchingTag"}} []
[2026-05-19T04:36:23.029842+00:00] main.DEBUG: cache_invalidate:  {"method":"GET","url":"http:/","invalidateInfo":{"tags":["cat_c_p_2","MAGE"],"mode":"matchingTag"}} []
[2026-05-19T04:36:23.030395+00:00] main.DEBUG: cache_invalidate:  {"method":"GET","url":"http:/","invalidateInfo":{"tags":["cat_c","MAGE"],"mode":"matchingTag"}} []
[2026-05-19T04:36:23.030474+00:00] main.DEBUG: cache_invalidate:  {"method":"GET","url":"http:/","invalidateInfo":{"tags":{"0":"cat_c_5","1":"cat_c_p_5","2":"cat_c_p_1","3":"cat_c_p_2","5":"cat_c"},"mode":"matchingAnyTag"}} []
[2026-05-19T04:36:23.030679+00:00] main.DEBUG: cache_invalidate:  {"method":"GET","url":"http:/","invalidateInfo":{"tags":["cat_c_5","FPC","MAGE"],"mode":"matchingTag"}} []
[2026-05-19T04:36:23.030749+00:00] main.DEBUG: cache_invalidate:  {"method":"GET","url":"http:/","invalidateInfo":{"tags":["cat_c_5","FPC"],"mode":"matchingTag"}} []
[2026-05-19T04:36:23.030895+00:00] main.DEBUG: cache_invalidate:  {"method":"GET","url":"http:/","invalidateInfo":{"tags":["cat_c_p_5","FPC","MAGE"],"mode":"matchingTag"}} []
[2026-05-19T04:36:23.031044+00:00] main.DEBUG: cache_invalidate:  {"method":"GET","url":"http:/","invalidateInfo":{"tags":["cat_c_p_5","FPC"],"mode":"matchingTag"}} []
[2026-05-19T04:36:23.031208+00:00] main.DEBUG: cache_invalidate:  {"method":"GET","url":"http:/","invalidateInfo":{"tags":["cat_c_p_1","FPC","MAGE"],"mode":"matchingTag"}} []
[2026-05-19T04:36:23.031316+00:00] main.DEBUG: cache_invalidate:  {"method":"GET","url":"http:/","invalidateInfo":{"tags":["cat_c_p_1","FPC"],"mode":"matchingTag"}} []
[2026-05-19T04:36:23.031473+00:00] main.DEBUG: cache_invalidate:  {"method":"GET","url":"http:/","invalidateInfo":{"tags":["cat_c_p_2","FPC","MAGE"],"mode":"matchingTag"}} []
[2026-05-19T04:36:23.031579+00:00] main.DEBUG: cache_invalidate:  {"method":"GET","url":"http:/","invalidateInfo":{"tags":["cat_c_p_2","FPC"],"mode":"matchingTag"}} []
[2026-05-19T04:36:23.032490+00:00] main.DEBUG: cache_invalidate:  {"method":"GET","url":"http:/","invalidateInfo":{"tags":["cat_c","FPC","MAGE"],"mode":"matchingTag"}} []
[2026-05-19T04:36:23.032620+00:00] main.DEBUG: cache_invalidate:  {"method":"GET","url":"http:/","invalidateInfo":{"tags":["cat_c","FPC"],"mode":"matchingTag"}} []
[2026-05-19T04:36:23.039058+00:00] main.DEBUG: cache_invalidate:  {"method":"GET","url":"http:/","invalidateInfo":{"tags":["cat_c_5","FPC","MAGE"],"mode":"matchingTag"}} []
[2026-05-19T04:36:23.039177+00:00] main.DEBUG: cache_invalidate:  {"method":"GET","url":"http:/","invalidateInfo":{"tags":["cat_c_5","FPC"],"mode":"matchingTag"}} []
[2026-05-19T04:36:23.039304+00:00] main.DEBUG: cache_invalidate:  {"method":"GET","url":"http:/","invalidateInfo":{"tags":["cat_c_p_1","FPC","MAGE"],"mode":"matchingTag"}} []
[2026-05-19T04:36:23.039382+00:00] main.DEBUG: cache_invalidate:  {"method":"GET","url":"http:/","invalidateInfo":{"tags":["cat_c_p_1","FPC"],"mode":"matchingTag"}} []
[2026-05-19T04:36:23.039487+00:00] main.DEBUG: cache_invalidate:  {"method":"GET","url":"http:/","invalidateInfo":{"tags":["cat_c_p_2","FPC","MAGE"],"mode":"matchingTag"}} []
[2026-05-19T04:36:23.039556+00:00] main.DEBUG: cache_invalidate:  {"method":"GET","url":"http:/","invalidateInfo":{"tags":["cat_c_p_2","FPC"],"mode":"matchingTag"}} []
[2026-05-19T04:36:23.039650+00:00] main.DEBUG: cache_invalidate:  {"method":"GET","url":"http:/","invalidateInfo":{"tags":["cat_c_p_5","FPC","MAGE"],"mode":"matchingTag"}} []
[2026-05-19T04:36:23.039713+00:00] main.DEBUG: cache_invalidate:  {"method":"GET","url":"http:/","invalidateInfo":{"tags":["cat_c_p_5","FPC"],"mode":"matchingTag"}} []
[2026-05-19T04:36:23.040495+00:00] main.DEBUG: cache_invalidate:  {"method":"GET","url":"http:/","invalidateInfo":{"tags":["cat_c","FPC","MAGE"],"mode":"matchingTag"}} []
[2026-05-19T04:36:23.040566+00:00] main.DEBUG: cache_invalidate:  {"method":"GET","url":"http:/","invalidateInfo":{"tags":["cat_c","FPC"],"mode":"matchingTag"}} []
[2026-05-19T04:36:23.040701+00:00] main.DEBUG: cache_invalidate:  {"method":"GET","url":"http:/","invalidateInfo":{"tags":["cat_c_5","MAGE"],"mode":"matchingTag"}} []
[2026-05-19T04:36:23.040830+00:00] main.DEBUG: cache_invalidate:  {"method":"GET","url":"http:/","invalidateInfo":{"tags":["cat_c_p_1","MAGE"],"mode":"matchingTag"}} []
[2026-05-19T04:36:23.040925+00:00] main.DEBUG: cache_invalidate:  {"method":"GET","url":"http:/","invalidateInfo":{"tags":["cat_c_p_2","MAGE"],"mode":"matchingTag"}} []
[2026-05-19T04:36:23.041010+00:00] main.DEBUG: cache_invalidate:  {"method":"GET","url":"http:/","invalidateInfo":{"tags":["cat_c_p_5","MAGE"],"mode":"matchingTag"}} []
[2026-05-19T04:36:23.041396+00:00] main.DEBUG: cache_invalidate:  {"method":"GET","url":"http:/","invalidateInfo":{"tags":["cat_c","MAGE"],"mode":"matchingTag"}} []
[2026-05-19T04:36:23.041458+00:00] main.DEBUG: cache_invalidate:  {"method":"GET","url":"http:/","invalidateInfo":{"tags":["cat_c_5","cat_c_p_1","cat_c_p_2","cat_c_p_5","cat_c"],"mode":"matchingAnyTag"}} []
[2026-05-19T04:36:23.041543+00:00] main.DEBUG: cache_invalidate:  {"method":"GET","url":"http:/","invalidateInfo":{"tags":["cat_c_5","MAGE"],"mode":"matchingTag"}} []
[2026-05-19T04:36:23.041640+00:00] main.DEBUG: cache_invalidate:  {"method":"GET","url":"http:/","invalidateInfo":{"tags":["cat_c_p_1","MAGE"],"mode":"matchingTag"}} []
[2026-05-19T04:36:23.041816+00:00] main.DEBUG: cache_invalidate:  {"method":"GET","url":"http:/","invalidateInfo":{"tags":["cat_c_p_2","MAGE"],"mode":"matchingTag"}} []
[2026-05-19T04:36:23.041914+00:00] main.DEBUG: cache_invalidate:  {"method":"GET","url":"http:/","invalidateInfo":{"tags":["cat_c_p_5","MAGE"],"mode":"matchingTag"}} []
[2026-05-19T04:36:23.042364+00:00] main.DEBUG: cache_invalidate:  {"method":"GET","url":"http:/","invalidateInfo":{"tags":["cat_c","MAGE"],"mode":"matchingTag"}} []
[2026-05-19T04:36:23.042446+00:00] main.DEBUG: cache_invalidate:  {"method":"GET","url":"http:/","invalidateInfo":{"tags":["cat_c_5","cat_c_p_1","cat_c_p_2","cat_c_p_5","cat_c"],"mode":"matchingAnyTag"}} []
[2026-05-19T04:36:23.475477+00:00] main.DEBUG: cache_invalidate:  {"method":"GET","url":"http:/","invalidateInfo":{"tags":["cat_p_1","MAGE"],"mode":"matchingTag"}} []
[2026-05-19T04:36:23.475679+00:00] main.DEBUG: cache_invalidate:  {"method":"GET","url":"http:/","invalidateInfo":{"tags":["cat_c_p_3","MAGE"],"mode":"matchingTag"}} []
[2026-05-19T04:36:23.475811+00:00] main.DEBUG: cache_invalidate:  {"method":"GET","url":"http:/","invalidateInfo":{"tags":["cat_p_new","MAGE"],"mode":"matchingTag"}} []
[2026-05-19T04:36:23.475995+00:00] main.DEBUG: cache_invalidate:  {"method":"GET","url":"http:/","invalidateInfo":{"tags":["rss_p_new","MAGE"],"mode":"matchingTag"}} []
[2026-05-19T04:36:23.476178+00:00] main.DEBUG: cache_invalidate:  {"method":"GET","url":"http:/","invalidateInfo":{"tags":["cat_p_1","cat_c_p_3","cat_p_new","rss_p_new"],"mode":"matchingAnyTag"}} []
[2026-05-19T04:36:23.476499+00:00] main.DEBUG: cache_invalidate:  {"method":"GET","url":"http:/","invalidateInfo":{"tags":["cat_p_1","FPC","MAGE"],"mode":"matchingTag"}} []
[2026-05-19T04:36:23.476611+00:00] main.DEBUG: cache_invalidate:  {"method":"GET","url":"http:/","invalidateInfo":{"tags":["cat_p_1","FPC"],"mode":"matchingTag"}} []
[2026-05-19T04:36:23.476809+00:00] main.DEBUG: cache_invalidate:  {"method":"GET","url":"http:/","invalidateInfo":{"tags":["cat_c_p_3","FPC","MAGE"],"mode":"matchingTag"}} []
[2026-05-19T04:36:23.476947+00:00] main.DEBUG: cache_invalidate:  {"method":"GET","url":"http:/","invalidateInfo":{"tags":["cat_c_p_3","FPC"],"mode":"matchingTag"}} []
[2026-05-19T04:36:23.477176+00:00] main.DEBUG: cache_invalidate:  {"method":"GET","url":"http:/","invalidateInfo":{"tags":["cat_p_new","FPC","MAGE"],"mode":"matchingTag"}} []
[2026-05-19T04:36:23.477295+00:00] main.DEBUG: cache_invalidate:  {"method":"GET","url":"http:/","invalidateInfo":{"tags":["cat_p_new","FPC"],"mode":"matchingTag"}} []
[2026-05-19T04:36:23.477464+00:00] main.DEBUG: cache_invalidate:  {"method":"GET","url":"http:/","invalidateInfo":{"tags":["rss_p_new","FPC","MAGE"],"mode":"matchingTag"}} []
[2026-05-19T04:36:23.477538+00:00] main.DEBUG: cache_invalidate:  {"method":"GET","url":"http:/","invalidateInfo":{"tags":["rss_p_new","FPC"],"mode":"matchingTag"}} []
[2026-05-19T04:36:24.875425+00:00] main.DEBUG: cache_invalidate:  {"method":"GET","url":"http:/","invalidateInfo":{"tags":["cat_p_1","FPC","MAGE"],"mode":"matchingTag"}} []
[2026-05-19T04:36:24.875553+00:00] main.DEBUG: cache_invalidate:  {"method":"GET","url":"http:/","invalidateInfo":{"tags":["cat_p_1","FPC"],"mode":"matchingTag"}} []
[2026-05-19T04:36:24.875660+00:00] main.DEBUG: cache_invalidate:  {"method":"GET","url":"http:/","invalidateInfo":{"tags":["cat_c_p_3","FPC","MAGE"],"mode":"matchingTag"}} []
[2026-05-19T04:36:24.875746+00:00] main.DEBUG: cache_invalidate:  {"method":"GET","url":"http:/","invalidateInfo":{"tags":["cat_c_p_3","FPC"],"mode":"matchingTag"}} []
[2026-05-19T04:36:24.875944+00:00] main.DEBUG: cache_invalidate:  {"method":"GET","url":"http:/","invalidateInfo":{"tags":["cat_p_new","FPC","MAGE"],"mode":"matchingTag"}} []
[2026-05-19T04:36:24.876038+00:00] main.DEBUG: cache_invalidate:  {"method":"GET","url":"http:/","invalidateInfo":{"tags":["cat_p_new","FPC"],"mode":"matchingTag"}} []
[2026-05-19T04:36:24.876138+00:00] main.DEBUG: cache_invalidate:  {"method":"GET","url":"http:/","invalidateInfo":{"tags":["rss_p_new","FPC","MAGE"],"mode":"matchingTag"}} []
[2026-05-19T04:36:24.876199+00:00] main.DEBUG: cache_invalidate:  {"method":"GET","url":"http:/","invalidateInfo":{"tags":["rss_p_new","FPC"],"mode":"matchingTag"}} []
[2026-05-19T04:36:24.898323+00:00] main.DEBUG: cache_invalidate:  {"method":"GET","url":"http:/","invalidateInfo":{"tags":["cat_p_1","MAGE"],"mode":"matchingTag"}} []
[2026-05-19T04:36:24.898477+00:00] main.DEBUG: cache_invalidate:  {"method":"GET","url":"http:/","invalidateInfo":{"tags":["cat_c_p_3","MAGE"],"mode":"matchingTag"}} []
[2026-05-19T04:36:24.898741+00:00] main.DEBUG: cache_invalidate:  {"method":"GET","url":"http:/","invalidateInfo":{"tags":["cat_p_new","MAGE"],"mode":"matchingTag"}} []
[2026-05-19T04:36:24.898959+00:00] main.DEBUG: cache_invalidate:  {"method":"GET","url":"http:/","invalidateInfo":{"tags":["rss_p_new","MAGE"],"mode":"matchingTag"}} []
[2026-05-19T04:36:24.899045+00:00] main.DEBUG: cache_invalidate:  {"method":"GET","url":"http:/","invalidateInfo":{"tags":["cat_p_1","cat_c_p_3","cat_p_new","rss_p_new"],"mode":"matchingAnyTag"}} []
[2026-05-19T04:36:24.899206+00:00] main.DEBUG: cache_invalidate:  {"method":"GET","url":"http:/","invalidateInfo":{"tags":["cat_p_1","MAGE"],"mode":"matchingTag"}} []
[2026-05-19T04:36:24.899313+00:00] main.DEBUG: cache_invalidate:  {"method":"GET","url":"http:/","invalidateInfo":{"tags":["cat_c_p_3","MAGE"],"mode":"matchingTag"}} []
[2026-05-19T04:36:24.899406+00:00] main.DEBUG: cache_invalidate:  {"method":"GET","url":"http:/","invalidateInfo":{"tags":["cat_p_new","MAGE"],"mode":"matchingTag"}} []
[2026-05-19T04:36:24.899488+00:00] main.DEBUG: cache_invalidate:  {"method":"GET","url":"http:/","invalidateInfo":{"tags":["rss_p_new","MAGE"],"mode":"matchingTag"}} []
[2026-05-19T04:36:24.899560+00:00] main.DEBUG: cache_invalidate:  {"method":"GET","url":"http:/","invalidateInfo":{"tags":["cat_p_1","cat_c_p_3","cat_p_new","rss_p_new"],"mode":"matchingAnyTag"}} []
[2026-05-19T04:36:25.008881+00:00] main.DEBUG: cache_invalidate:  {"method":"GET","url":"http:/","invalidateInfo":{"tags":["cat_p_2","MAGE"],"mode":"matchingTag"}} []
[2026-05-19T04:36:25.009125+00:00] main.DEBUG: cache_invalidate:  {"method":"GET","url":"http:/","invalidateInfo":{"tags":["cat_c_p_3","MAGE"],"mode":"matchingTag"}} []
[2026-05-19T04:36:25.009304+00:00] main.DEBUG: cache_invalidate:  {"method":"GET","url":"http:/","invalidateInfo":{"tags":["cat_p_new","MAGE"],"mode":"matchingTag"}} []
[2026-05-19T04:36:25.009400+00:00] main.DEBUG: cache_invalidate:  {"method":"GET","url":"http:/","invalidateInfo":{"tags":["rss_p_new","MAGE"],"mode":"matchingTag"}} []
[2026-05-19T04:36:25.009463+00:00] main.DEBUG: cache_invalidate:  {"method":"GET","url":"http:/","invalidateInfo":{"tags":["cat_p_2","cat_c_p_3","cat_p_new","rss_p_new"],"mode":"matchingAnyTag"}} []
[2026-05-19T04:36:25.009645+00:00] main.DEBUG: cache_invalidate:  {"method":"GET","url":"http:/","invalidateInfo":{"tags":["cat_p_2","FPC","MAGE"],"mode":"matchingTag"}} []
[2026-05-19T04:36:25.009710+00:00] main.DEBUG: cache_invalidate:  {"method":"GET","url":"http:/","invalidateInfo":{"tags":["cat_p_2","FPC"],"mode":"matchingTag"}} []
[2026-05-19T04:36:25.009896+00:00] main.DEBUG: cache_invalidate:  {"method":"GET","url":"http:/","invalidateInfo":{"tags":["cat_c_p_3","FPC","MAGE"],"mode":"matchingTag"}} []
[2026-05-19T04:36:25.009992+00:00] main.DEBUG: cache_invalidate:  {"method":"GET","url":"http:/","invalidateInfo":{"tags":["cat_c_p_3","FPC"],"mode":"matchingTag"}} []
[2026-05-19T04:36:25.010109+00:00] main.DEBUG: cache_invalidate:  {"method":"GET","url":"http:/","invalidateInfo":{"tags":["cat_p_new","FPC","MAGE"],"mode":"matchingTag"}} []
[2026-05-19T04:36:25.010180+00:00] main.DEBUG: cache_invalidate:  {"method":"GET","url":"http:/","invalidateInfo":{"tags":["cat_p_new","FPC"],"mode":"matchingTag"}} []
[2026-05-19T04:36:25.010267+00:00] main.DEBUG: cache_invalidate:  {"method":"GET","url":"http:/","invalidateInfo":{"tags":["rss_p_new","FPC","MAGE"],"mode":"matchingTag"}} []
[2026-05-19T04:36:25.010323+00:00] main.DEBUG: cache_invalidate:  {"method":"GET","url":"http:/","invalidateInfo":{"tags":["rss_p_new","FPC"],"mode":"matchingTag"}} []
[2026-05-19T04:36:25.020189+00:00] main.DEBUG: cache_invalidate:  {"method":"GET","url":"http:/","invalidateInfo":{"tags":["cat_p_2","FPC","MAGE"],"mode":"matchingTag"}} []
[2026-05-19T04:36:25.020434+00:00] main.DEBUG: cache_invalidate:  {"method":"GET","url":"http:/","invalidateInfo":{"tags":["cat_p_2","FPC"],"mode":"matchingTag"}} []
[2026-05-19T04:36:25.020690+00:00] main.DEBUG: cache_invalidate:  {"method":"GET","url":"http:/","invalidateInfo":{"tags":["cat_c_p_3","FPC","MAGE"],"mode":"matchingTag"}} []
[2026-05-19T04:36:25.020814+00:00] main.DEBUG: cache_invalidate:  {"method":"GET","url":"http:/","invalidateInfo":{"tags":["cat_c_p_3","FPC"],"mode":"matchingTag"}} []
[2026-05-19T04:36:25.020942+00:00] main.DEBUG: cache_invalidate:  {"method":"GET","url":"http:/","invalidateInfo":{"tags":["cat_p_new","FPC","MAGE"],"mode":"matchingTag"}} []
[2026-05-19T04:36:25.021005+00:00] main.DEBUG: cache_invalidate:  {"method":"GET","url":"http:/","invalidateInfo":{"tags":["cat_p_new","FPC"],"mode":"matchingTag"}} []
[2026-05-19T04:36:25.021123+00:00] main.DEBUG: cache_invalidate:  {"method":"GET","url":"http:/","invalidateInfo":{"tags":["rss_p_new","FPC","MAGE"],"mode":"matchingTag"}} []
[2026-05-19T04:36:25.021200+00:00] main.DEBUG: cache_invalidate:  {"method":"GET","url":"http:/","invalidateInfo":{"tags":["rss_p_new","FPC"],"mode":"matchingTag"}} []
[2026-05-19T04:36:25.021400+00:00] main.DEBUG: cache_invalidate:  {"method":"GET","url":"http:/","invalidateInfo":{"tags":["cat_p_2","MAGE"],"mode":"matchingTag"}} []
[2026-05-19T04:36:25.021502+00:00] main.DEBUG: cache_invalidate:  {"method":"GET","url":"http:/","invalidateInfo":{"tags":["cat_c_p_3","MAGE"],"mode":"matchingTag"}} []
[2026-05-19T04:36:25.021640+00:00] main.DEBUG: cache_invalidate:  {"method":"GET","url":"http:/","invalidateInfo":{"tags":["cat_p_new","MAGE"],"mode":"matchingTag"}} []
[2026-05-19T04:36:25.021791+00:00] main.DEBUG: cache_invalidate:  {"method":"GET","url":"http:/","invalidateInfo":{"tags":["rss_p_new","MAGE"],"mode":"matchingTag"}} []
[2026-05-19T04:36:25.021883+00:00] main.DEBUG: cache_invalidate:  {"method":"GET","url":"http:/","invalidateInfo":{"tags":["cat_p_2","cat_c_p_3","cat_p_new","rss_p_new"],"mode":"matchingAnyTag"}} []
[2026-05-19T04:36:25.021975+00:00] main.DEBUG: cache_invalidate:  {"method":"GET","url":"http:/","invalidateInfo":{"tags":["cat_p_2","MAGE"],"mode":"matchingTag"}} []
[2026-05-19T04:36:25.022056+00:00] main.DEBUG: cache_invalidate:  {"method":"GET","url":"http:/","invalidateInfo":{"tags":["cat_c_p_3","MAGE"],"mode":"matchingTag"}} []
[2026-05-19T04:36:25.022138+00:00] main.DEBUG: cache_invalidate:  {"method":"GET","url":"http:/","invalidateInfo":{"tags":["cat_p_new","MAGE"],"mode":"matchingTag"}} []
[2026-05-19T04:36:25.022220+00:00] main.DEBUG: cache_invalidate:  {"method":"GET","url":"http:/","invalidateInfo":{"tags":["rss_p_new","MAGE"],"mode":"matchingTag"}} []
[2026-05-19T04:36:25.022281+00:00] main.DEBUG: cache_invalidate:  {"method":"GET","url":"http:/","invalidateInfo":{"tags":["cat_p_2","cat_c_p_3","cat_p_new","rss_p_new"],"mode":"matchingAnyTag"}} []
[2026-05-19T04:36:25.047163+00:00] main.DEBUG: cache_invalidate:  {"method":"GET","url":"http:/","invalidateInfo":{"tags":["cat_p_3","MAGE"],"mode":"matchingTag"}} []
[2026-05-19T04:36:25.047350+00:00] main.DEBUG: cache_invalidate:  {"method":"GET","url":"http:/","invalidateInfo":{"tags":["cat_c_p_3","MAGE"],"mode":"matchingTag"}} []
[2026-05-19T04:36:25.047468+00:00] main.DEBUG: cache_invalidate:  {"method":"GET","url":"http:/","invalidateInfo":{"tags":["cat_p_new","MAGE"],"mode":"matchingTag"}} []
[2026-05-19T04:36:25.047575+00:00] main.DEBUG: cache_invalidate:  {"method":"GET","url":"http:/","invalidateInfo":{"tags":["rss_p_new","MAGE"],"mode":"matchingTag"}} []
[2026-05-19T04:36:25.047655+00:00] main.DEBUG: cache_invalidate:  {"method":"GET","url":"http:/","invalidateInfo":{"tags":["cat_p_3","cat_c_p_3","cat_p_new","rss_p_new"],"mode":"matchingAnyTag"}} []
[2026-05-19T04:36:25.047818+00:00] main.DEBUG: cache_invalidate:  {"method":"GET","url":"http:/","invalidateInfo":{"tags":["cat_p_3","FPC","MAGE"],"mode":"matchingTag"}} []
[2026-05-19T04:36:25.047885+00:00] main.DEBUG: cache_invalidate:  {"method":"GET","url":"http:/","invalidateInfo":{"tags":["cat_p_3","FPC"],"mode":"matchingTag"}} []
[2026-05-19T04:36:25.047973+00:00] main.DEBUG: cache_invalidate:  {"method":"GET","url":"http:/","invalidateInfo":{"tags":["cat_c_p_3","FPC","MAGE"],"mode":"matchingTag"}} []
[2026-05-19T04:36:25.048077+00:00] main.DEBUG: cache_invalidate:  {"method":"GET","url":"http:/","invalidateInfo":{"tags":["cat_c_p_3","FPC"],"mode":"matchingTag"}} []
[2026-05-19T04:36:25.048172+00:00] main.DEBUG: cache_invalidate:  {"method":"GET","url":"http:/","invalidateInfo":{"tags":["cat_p_new","FPC","MAGE"],"mode":"matchingTag"}} []
[2026-05-19T04:36:25.048232+00:00] main.DEBUG: cache_invalidate:  {"method":"GET","url":"http:/","invalidateInfo":{"tags":["cat_p_new","FPC"],"mode":"matchingTag"}} []
[2026-05-19T04:36:25.048313+00:00] main.DEBUG: cache_invalidate:  {"method":"GET","url":"http:/","invalidateInfo":{"tags":["rss_p_new","FPC","MAGE"],"mode":"matchingTag"}} []
[2026-05-19T04:36:25.048369+00:00] main.DEBUG: cache_invalidate:  {"method":"GET","url":"http:/","invalidateInfo":{"tags":["rss_p_new","FPC"],"mode":"matchingTag"}} []
[2026-05-19T04:36:25.058213+00:00] main.DEBUG: cache_invalidate:  {"method":"GET","url":"http:/","invalidateInfo":{"tags":["cat_p_3","FPC","MAGE"],"mode":"matchingTag"}} []
[2026-05-19T04:36:25.058336+00:00] main.DEBUG: cache_invalidate:  {"method":"GET","url":"http:/","invalidateInfo":{"tags":["cat_p_3","FPC"],"mode":"matchingTag"}} []
[2026-05-19T04:36:25.058437+00:00] main.DEBUG: cache_invalidate:  {"method":"GET","url":"http:/","invalidateInfo":{"tags":["cat_c_p_3","FPC","MAGE"],"mode":"matchingTag"}} []
[2026-05-19T04:36:25.058520+00:00] main.DEBUG: cache_invalidate:  {"method":"GET","url":"http:/","invalidateInfo":{"tags":["cat_c_p_3","FPC"],"mode":"matchingTag"}} []
[2026-05-19T04:36:25.058659+00:00] main.DEBUG: cache_invalidate:  {"method":"GET","url":"http:/","invalidateInfo":{"tags":["cat_p_new","FPC","MAGE"],"mode":"matchingTag"}} []
[2026-05-19T04:36:25.058728+00:00] main.DEBUG: cache_invalidate:  {"method":"GET","url":"http:/","invalidateInfo":{"tags":["cat_p_new","FPC"],"mode":"matchingTag"}} []
[2026-05-19T04:36:25.058872+00:00] main.DEBUG: cache_invalidate:  {"method":"GET","url":"http:/","invalidateInfo":{"tags":["rss_p_new","FPC","MAGE"],"mode":"matchingTag"}} []
[2026-05-19T04:36:25.058994+00:00] main.DEBUG: cache_invalidate:  {"method":"GET","url":"http:/","invalidateInfo":{"tags":["rss_p_new","FPC"],"mode":"matchingTag"}} []
[2026-05-19T04:36:25.059176+00:00] main.DEBUG: cache_invalidate:  {"method":"GET","url":"http:/","invalidateInfo":{"tags":["cat_p_3","MAGE"],"mode":"matchingTag"}} []
[2026-05-19T04:36:25.059295+00:00] main.DEBUG: cache_invalidate:  {"method":"GET","url":"http:/","invalidateInfo":{"tags":["cat_c_p_3","MAGE"],"mode":"matchingTag"}} []
[2026-05-19T04:36:25.059393+00:00] main.DEBUG: cache_invalidate:  {"method":"GET","url":"http:/","invalidateInfo":{"tags":["cat_p_new","MAGE"],"mode":"matchingTag"}} []
[2026-05-19T04:36:25.059480+00:00] main.DEBUG: cache_invalidate:  {"method":"GET","url":"http:/","invalidateInfo":{"tags":["rss_p_new","MAGE"],"mode":"matchingTag"}} []
[2026-05-19T04:36:25.059541+00:00] main.DEBUG: cache_invalidate:  {"method":"GET","url":"http:/","invalidateInfo":{"tags":["cat_p_3","cat_c_p_3","cat_p_new","rss_p_new"],"mode":"matchingAnyTag"}} []
[2026-05-19T04:36:25.059629+00:00] main.DEBUG: cache_invalidate:  {"method":"GET","url":"http:/","invalidateInfo":{"tags":["cat_p_3","MAGE"],"mode":"matchingTag"}} []
[2026-05-19T04:36:25.059730+00:00] main.DEBUG: cache_invalidate:  {"method":"GET","url":"http:/","invalidateInfo":{"tags":["cat_c_p_3","MAGE"],"mode":"matchingTag"}} []
[2026-05-19T04:36:25.059817+00:00] main.DEBUG: cache_invalidate:  {"method":"GET","url":"http:/","invalidateInfo":{"tags":["cat_p_new","MAGE"],"mode":"matchingTag"}} []
[2026-05-19T04:36:25.059897+00:00] main.DEBUG: cache_invalidate:  {"method":"GET","url":"http:/","invalidateInfo":{"tags":["rss_p_new","MAGE"],"mode":"matchingTag"}} []
[2026-05-19T04:36:25.059952+00:00] main.DEBUG: cache_invalidate:  {"method":"GET","url":"http:/","invalidateInfo":{"tags":["cat_p_3","cat_c_p_3","cat_p_new","rss_p_new"],"mode":"matchingAnyTag"}} []
[2026-05-19T04:36:25.085550+00:00] main.DEBUG: cache_invalidate:  {"method":"GET","url":"http:/","invalidateInfo":{"tags":["cat_p_4","MAGE"],"mode":"matchingTag"}} []
[2026-05-19T04:36:25.085792+00:00] main.DEBUG: cache_invalidate:  {"method":"GET","url":"http:/","invalidateInfo":{"tags":["cat_c_p_3","MAGE"],"mode":"matchingTag"}} []
[2026-05-19T04:36:25.085994+00:00] main.DEBUG: cache_invalidate:  {"method":"GET","url":"http:/","invalidateInfo":{"tags":["cat_p_new","MAGE"],"mode":"matchingTag"}} []
[2026-05-19T04:36:25.086113+00:00] main.DEBUG: cache_invalidate:  {"method":"GET","url":"http:/","invalidateInfo":{"tags":["rss_p_new","MAGE"],"mode":"matchingTag"}} []
[2026-05-19T04:36:25.086214+00:00] main.DEBUG: cache_invalidate:  {"method":"GET","url":"http:/","invalidateInfo":{"tags":["cat_p_4","cat_c_p_3","cat_p_new","rss_p_new"],"mode":"matchingAnyTag"}} []
[2026-05-19T04:36:25.086430+00:00] main.DEBUG: cache_invalidate:  {"method":"GET","url":"http:/","invalidateInfo":{"tags":["cat_p_4","FPC","MAGE"],"mode":"matchingTag"}} []
[2026-05-19T04:36:25.086516+00:00] main.DEBUG: cache_invalidate:  {"method":"GET","url":"http:/","invalidateInfo":{"tags":["cat_p_4","FPC"],"mode":"matchingTag"}} []
[2026-05-19T04:36:25.086641+00:00] main.DEBUG: cache_invalidate:  {"method":"GET","url":"http:/","invalidateInfo":{"tags":["cat_c_p_3","FPC","MAGE"],"mode":"matchingTag"}} []
[2026-05-19T04:36:25.086722+00:00] main.DEBUG: cache_invalidate:  {"method":"GET","url":"http:/","invalidateInfo":{"tags":["cat_c_p_3","FPC"],"mode":"matchingTag"}} []
[2026-05-19T04:36:25.086960+00:00] main.DEBUG: cache_invalidate:  {"method":"GET","url":"http:/","invalidateInfo":{"tags":["cat_p_new","FPC","MAGE"],"mode":"matchingTag"}} []
[2026-05-19T04:36:25.087076+00:00] main.DEBUG: cache_invalidate:  {"method":"GET","url":"http:/","invalidateInfo":{"tags":["cat_p_new","FPC"],"mode":"matchingTag"}} []
[2026-05-19T04:36:25.087187+00:00] main.DEBUG: cache_invalidate:  {"method":"GET","url":"http:/","invalidateInfo":{"tags":["rss_p_new","FPC","MAGE"],"mode":"matchingTag"}} []
[2026-05-19T04:36:25.087252+00:00] main.DEBUG: cache_invalidate:  {"method":"GET","url":"http:/","invalidateInfo":{"tags":["rss_p_new","FPC"],"mode":"matchingTag"}} []
[2026-05-19T04:36:25.096663+00:00] main.DEBUG: cache_invalidate:  {"method":"GET","url":"http:/","invalidateInfo":{"tags":["cat_p_4","FPC","MAGE"],"mode":"matchingTag"}} []
[2026-05-19T04:36:25.096794+00:00] main.DEBUG: cache_invalidate:  {"method":"GET","url":"http:/","invalidateInfo":{"tags":["cat_p_4","FPC"],"mode":"matchingTag"}} []
[2026-05-19T04:36:25.097018+00:00] main.DEBUG: cache_invalidate:  {"method":"GET","url":"http:/","invalidateInfo":{"tags":["cat_c_p_3","FPC","MAGE"],"mode":"matchingTag"}} []
[2026-05-19T04:36:25.097087+00:00] main.DEBUG: cache_invalidate:  {"method":"GET","url":"http:/","invalidateInfo":{"tags":["cat_c_p_3","FPC"],"mode":"matchingTag"}} []
[2026-05-19T04:36:25.097208+00:00] main.DEBUG: cache_invalidate:  {"method":"GET","url":"http:/","invalidateInfo":{"tags":["cat_p_new","FPC","MAGE"],"mode":"matchingTag"}} []
[2026-05-19T04:36:25.097288+00:00] main.DEBUG: cache_invalidate:  {"method":"GET","url":"http:/","invalidateInfo":{"tags":["cat_p_new","FPC"],"mode":"matchingTag"}} []
[2026-05-19T04:36:25.097383+00:00] main.DEBUG: cache_invalidate:  {"method":"GET","url":"http:/","invalidateInfo":{"tags":["rss_p_new","FPC","MAGE"],"mode":"matchingTag"}} []
[2026-05-19T04:36:25.097445+00:00] main.DEBUG: cache_invalidate:  {"method":"GET","url":"http:/","invalidateInfo":{"tags":["rss_p_new","FPC"],"mode":"matchingTag"}} []
[2026-05-19T04:36:25.097595+00:00] main.DEBUG: cache_invalidate:  {"method":"GET","url":"http:/","invalidateInfo":{"tags":["cat_p_4","MAGE"],"mode":"matchingTag"}} []
[2026-05-19T04:36:25.097697+00:00] main.DEBUG: cache_invalidate:  {"method":"GET","url":"http:/","invalidateInfo":{"tags":["cat_c_p_3","MAGE"],"mode":"matchingTag"}} []
[2026-05-19T04:36:25.097785+00:00] main.DEBUG: cache_invalidate:  {"method":"GET","url":"http:/","invalidateInfo":{"tags":["cat_p_new","MAGE"],"mode":"matchingTag"}} []
[2026-05-19T04:36:25.097872+00:00] main.DEBUG: cache_invalidate:  {"method":"GET","url":"http:/","invalidateInfo":{"tags":["rss_p_new","MAGE"],"mode":"matchingTag"}} []
[2026-05-19T04:36:25.097953+00:00] main.DEBUG: cache_invalidate:  {"method":"GET","url":"http:/","invalidateInfo":{"tags":["cat_p_4","cat_c_p_3","cat_p_new","rss_p_new"],"mode":"matchingAnyTag"}} []
[2026-05-19T04:36:25.098037+00:00] main.DEBUG: cache_invalidate:  {"method":"GET","url":"http:/","invalidateInfo":{"tags":["cat_p_4","MAGE"],"mode":"matchingTag"}} []
[2026-05-19T04:36:25.098117+00:00] main.DEBUG: cache_invalidate:  {"method":"GET","url":"http:/","invalidateInfo":{"tags":["cat_c_p_3","MAGE"],"mode":"matchingTag"}} []
[2026-05-19T04:36:25.098196+00:00] main.DEBUG: cache_invalidate:  {"method":"GET","url":"http:/","invalidateInfo":{"tags":["cat_p_new","MAGE"],"mode":"matchingTag"}} []
[2026-05-19T04:36:25.098274+00:00] main.DEBUG: cache_invalidate:  {"method":"GET","url":"http:/","invalidateInfo":{"tags":["rss_p_new","MAGE"],"mode":"matchingTag"}} []
[2026-05-19T04:36:25.098335+00:00] main.DEBUG: cache_invalidate:  {"method":"GET","url":"http:/","invalidateInfo":{"tags":["cat_p_4","cat_c_p_3","cat_p_new","rss_p_new"],"mode":"matchingAnyTag"}} []
[2026-05-19T04:36:25.125331+00:00] main.DEBUG: cache_invalidate:  {"method":"GET","url":"http:/","invalidateInfo":{"tags":["cat_p_5","MAGE"],"mode":"matchingTag"}} []
[2026-05-19T04:36:25.125615+00:00] main.DEBUG: cache_invalidate:  {"method":"GET","url":"http:/","invalidateInfo":{"tags":["cat_c_p_4","MAGE"],"mode":"matchingTag"}} []
[2026-05-19T04:36:25.125799+00:00] main.DEBUG: cache_invalidate:  {"method":"GET","url":"http:/","invalidateInfo":{"tags":["cat_p_new","MAGE"],"mode":"matchingTag"}} []
[2026-05-19T04:36:25.125931+00:00] main.DEBUG: cache_invalidate:  {"method":"GET","url":"http:/","invalidateInfo":{"tags":["rss_p_new","MAGE"],"mode":"matchingTag"}} []
[2026-05-19T04:36:25.126009+00:00] main.DEBUG: cache_invalidate:  {"method":"GET","url":"http:/","invalidateInfo":{"tags":["cat_p_5","cat_c_p_4","cat_p_new","rss_p_new"],"mode":"matchingAnyTag"}} []
[2026-05-19T04:36:25.126197+00:00] main.DEBUG: cache_invalidate:  {"method":"GET","url":"http:/","invalidateInfo":{"tags":["cat_p_5","FPC","MAGE"],"mode":"matchingTag"}} []
[2026-05-19T04:36:25.126273+00:00] main.DEBUG: cache_invalidate:  {"method":"GET","url":"http:/","invalidateInfo":{"tags":["cat_p_5","FPC"],"mode":"matchingTag"}} []
[2026-05-19T04:36:25.126379+00:00] main.DEBUG: cache_invalidate:  {"method":"GET","url":"http:/","invalidateInfo":{"tags":["cat_c_p_4","FPC","MAGE"],"mode":"matchingTag"}} []
[2026-05-19T04:36:25.126448+00:00] main.DEBUG: cache_invalidate:  {"method":"GET","url":"http:/","invalidateInfo":{"tags":["cat_c_p_4","FPC"],"mode":"matchingTag"}} []
[2026-05-19T04:36:25.126537+00:00] main.DEBUG: cache_invalidate:  {"method":"GET","url":"http:/","invalidateInfo":{"tags":["cat_p_new","FPC","MAGE"],"mode":"matchingTag"}} []
[2026-05-19T04:36:25.126599+00:00] main.DEBUG: cache_invalidate:  {"method":"GET","url":"http:/","invalidateInfo":{"tags":["cat_p_new","FPC"],"mode":"matchingTag"}} []
[2026-05-19T04:36:25.126692+00:00] main.DEBUG: cache_invalidate:  {"method":"GET","url":"http:/","invalidateInfo":{"tags":["rss_p_new","FPC","MAGE"],"mode":"matchingTag"}} []
[2026-05-19T04:36:25.126750+00:00] main.DEBUG: cache_invalidate:  {"method":"GET","url":"http:/","invalidateInfo":{"tags":["rss_p_new","FPC"],"mode":"matchingTag"}} []
[2026-05-19T04:36:25.136047+00:00] main.DEBUG: cache_invalidate:  {"method":"GET","url":"http:/","invalidateInfo":{"tags":["cat_p_5","FPC","MAGE"],"mode":"matchingTag"}} []
[2026-05-19T04:36:25.136193+00:00] main.DEBUG: cache_invalidate:  {"method":"GET","url":"http:/","invalidateInfo":{"tags":["cat_p_5","FPC"],"mode":"matchingTag"}} []
[2026-05-19T04:36:25.136431+00:00] main.DEBUG: cache_invalidate:  {"method":"GET","url":"http:/","invalidateInfo":{"tags":["cat_c_p_4","FPC","MAGE"],"mode":"matchingTag"}} []
[2026-05-19T04:36:25.136548+00:00] main.DEBUG: cache_invalidate:  {"method":"GET","url":"http:/","invalidateInfo":{"tags":["cat_c_p_4","FPC"],"mode":"matchingTag"}} []
[2026-05-19T04:36:25.136711+00:00] main.DEBUG: cache_invalidate:  {"method":"GET","url":"http:/","invalidateInfo":{"tags":["cat_p_new","FPC","MAGE"],"mode":"matchingTag"}} []
[2026-05-19T04:36:25.137011+00:00] main.DEBUG: cache_invalidate:  {"method":"GET","url":"http:/","invalidateInfo":{"tags":["cat_p_new","FPC"],"mode":"matchingTag"}} []
[2026-05-19T04:36:25.137191+00:00] main.DEBUG: cache_invalidate:  {"method":"GET","url":"http:/","invalidateInfo":{"tags":["rss_p_new","FPC","MAGE"],"mode":"matchingTag"}} []
[2026-05-19T04:36:25.137284+00:00] main.DEBUG: cache_invalidate:  {"method":"GET","url":"http:/","invalidateInfo":{"tags":["rss_p_new","FPC"],"mode":"matchingTag"}} []
[2026-05-19T04:36:25.137522+00:00] main.DEBUG: cache_invalidate:  {"method":"GET","url":"http:/","invalidateInfo":{"tags":["cat_p_5","MAGE"],"mode":"matchingTag"}} []
[2026-05-19T04:36:25.137652+00:00] main.DEBUG: cache_invalidate:  {"method":"GET","url":"http:/","invalidateInfo":{"tags":["cat_c_p_4","MAGE"],"mode":"matchingTag"}} []
[2026-05-19T04:36:25.137804+00:00] main.DEBUG: cache_invalidate:  {"method":"GET","url":"http:/","invalidateInfo":{"tags":["cat_p_new","MAGE"],"mode":"matchingTag"}} []
[2026-05-19T04:36:25.137915+00:00] main.DEBUG: cache_invalidate:  {"method":"GET","url":"http:/","invalidateInfo":{"tags":["rss_p_new","MAGE"],"mode":"matchingTag"}} []
[2026-05-19T04:36:25.138000+00:00] main.DEBUG: cache_invalidate:  {"method":"GET","url":"http:/","invalidateInfo":{"tags":["cat_p_5","cat_c_p_4","cat_p_new","rss_p_new"],"mode":"matchingAnyTag"}} []
[2026-05-19T04:36:25.138092+00:00] main.DEBUG: cache_invalidate:  {"method":"GET","url":"http:/","invalidateInfo":{"tags":["cat_p_5","MAGE"],"mode":"matchingTag"}} []
[2026-05-19T04:36:25.138191+00:00] main.DEBUG: cache_invalidate:  {"method":"GET","url":"http:/","invalidateInfo":{"tags":["cat_c_p_4","MAGE"],"mode":"matchingTag"}} []
[2026-05-19T04:36:25.138338+00:00] main.DEBUG: cache_invalidate:  {"method":"GET","url":"http:/","invalidateInfo":{"tags":["cat_p_new","MAGE"],"mode":"matchingTag"}} []
[2026-05-19T04:36:25.138433+00:00] main.DEBUG: cache_invalidate:  {"method":"GET","url":"http:/","invalidateInfo":{"tags":["rss_p_new","MAGE"],"mode":"matchingTag"}} []
[2026-05-19T04:36:25.138515+00:00] main.DEBUG: cache_invalidate:  {"method":"GET","url":"http:/","invalidateInfo":{"tags":["cat_p_5","cat_c_p_4","cat_p_new","rss_p_new"],"mode":"matchingAnyTag"}} []
[2026-05-19T04:36:25.166134+00:00] main.DEBUG: cache_invalidate:  {"method":"GET","url":"http:/","invalidateInfo":{"tags":["cat_p_6","MAGE"],"mode":"matchingTag"}} []
[2026-05-19T04:36:25.166322+00:00] main.DEBUG: cache_invalidate:  {"method":"GET","url":"http:/","invalidateInfo":{"tags":["cat_c_p_4","MAGE"],"mode":"matchingTag"}} []
[2026-05-19T04:36:25.166446+00:00] main.DEBUG: cache_invalidate:  {"method":"GET","url":"http:/","invalidateInfo":{"tags":["cat_p_new","MAGE"],"mode":"matchingTag"}} []
[2026-05-19T04:36:25.166548+00:00] main.DEBUG: cache_invalidate:  {"method":"GET","url":"http:/","invalidateInfo":{"tags":["rss_p_new","MAGE"],"mode":"matchingTag"}} []
[2026-05-19T04:36:25.166617+00:00] main.DEBUG: cache_invalidate:  {"method":"GET","url":"http:/","invalidateInfo":{"tags":["cat_p_6","cat_c_p_4","cat_p_new","rss_p_new"],"mode":"matchingAnyTag"}} []
[2026-05-19T04:36:25.166836+00:00] main.DEBUG: cache_invalidate:  {"method":"GET","url":"http:/","invalidateInfo":{"tags":["cat_p_6","FPC","MAGE"],"mode":"matchingTag"}} []
[2026-05-19T04:36:25.166909+00:00] main.DEBUG: cache_invalidate:  {"method":"GET","url":"http:/","invalidateInfo":{"tags":["cat_p_6","FPC"],"mode":"matchingTag"}} []
[2026-05-19T04:36:25.167004+00:00] main.DEBUG: cache_invalidate:  {"method":"GET","url":"http:/","invalidateInfo":{"tags":["cat_c_p_4","FPC","MAGE"],"mode":"matchingTag"}} []
[2026-05-19T04:36:25.167078+00:00] main.DEBUG: cache_invalidate:  {"method":"GET","url":"http:/","invalidateInfo":{"tags":["cat_c_p_4","FPC"],"mode":"matchingTag"}} []
[2026-05-19T04:36:25.167171+00:00] main.DEBUG: cache_invalidate:  {"method":"GET","url":"http:/","invalidateInfo":{"tags":["cat_p_new","FPC","MAGE"],"mode":"matchingTag"}} []
[2026-05-19T04:36:25.167257+00:00] main.DEBUG: cache_invalidate:  {"method":"GET","url":"http:/","invalidateInfo":{"tags":["cat_p_new","FPC"],"mode":"matchingTag"}} []
[2026-05-19T04:36:25.167349+00:00] main.DEBUG: cache_invalidate:  {"method":"GET","url":"http:/","invalidateInfo":{"tags":["rss_p_new","FPC","MAGE"],"mode":"matchingTag"}} []
[2026-05-19T04:36:25.167406+00:00] main.DEBUG: cache_invalidate:  {"method":"GET","url":"http:/","invalidateInfo":{"tags":["rss_p_new","FPC"],"mode":"matchingTag"}} []
[2026-05-19T04:36:25.177432+00:00] main.DEBUG: cache_invalidate:  {"method":"GET","url":"http:/","invalidateInfo":{"tags":["cat_p_6","FPC","MAGE"],"mode":"matchingTag"}} []
[2026-05-19T04:36:25.177551+00:00] main.DEBUG: cache_invalidate:  {"method":"GET","url":"http:/","invalidateInfo":{"tags":["cat_p_6","FPC"],"mode":"matchingTag"}} []
[2026-05-19T04:36:25.177679+00:00] main.DEBUG: cache_invalidate:  {"method":"GET","url":"http:/","invalidateInfo":{"tags":["cat_c_p_4","FPC","MAGE"],"mode":"matchingTag"}} []
[2026-05-19T04:36:25.177809+00:00] main.DEBUG: cache_invalidate:  {"method":"GET","url":"http:/","invalidateInfo":{"tags":["cat_c_p_4","FPC"],"mode":"matchingTag"}} []
[2026-05-19T04:36:25.177917+00:00] main.DEBUG: cache_invalidate:  {"method":"GET","url":"http:/","invalidateInfo":{"tags":["cat_p_new","FPC","MAGE"],"mode":"matchingTag"}} []
[2026-05-19T04:36:25.178002+00:00] main.DEBUG: cache_invalidate:  {"method":"GET","url":"http:/","invalidateInfo":{"tags":["cat_p_new","FPC"],"mode":"matchingTag"}} []
[2026-05-19T04:36:25.178151+00:00] main.DEBUG: cache_invalidate:  {"method":"GET","url":"http:/","invalidateInfo":{"tags":["rss_p_new","FPC","MAGE"],"mode":"matchingTag"}} []
[2026-05-19T04:36:25.178240+00:00] main.DEBUG: cache_invalidate:  {"method":"GET","url":"http:/","invalidateInfo":{"tags":["rss_p_new","FPC"],"mode":"matchingTag"}} []
[2026-05-19T04:36:25.178436+00:00] main.DEBUG: cache_invalidate:  {"method":"GET","url":"http:/","invalidateInfo":{"tags":["cat_p_6","MAGE"],"mode":"matchingTag"}} []
[2026-05-19T04:36:25.178562+00:00] main.DEBUG: cache_invalidate:  {"method":"GET","url":"http:/","invalidateInfo":{"tags":["cat_c_p_4","MAGE"],"mode":"matchingTag"}} []
[2026-05-19T04:36:25.178750+00:00] main.DEBUG: cache_invalidate:  {"method":"GET","url":"http:/","invalidateInfo":{"tags":["cat_p_new","MAGE"],"mode":"matchingTag"}} []
[2026-05-19T04:36:25.179038+00:00] main.DEBUG: cache_invalidate:  {"method":"GET","url":"http:/","invalidateInfo":{"tags":["rss_p_new","MAGE"],"mode":"matchingTag"}} []
[2026-05-19T04:36:25.179128+00:00] main.DEBUG: cache_invalidate:  {"method":"GET","url":"http:/","invalidateInfo":{"tags":["cat_p_6","cat_c_p_4","cat_p_new","rss_p_new"],"mode":"matchingAnyTag"}} []
[2026-05-19T04:36:25.179227+00:00] main.DEBUG: cache_invalidate:  {"method":"GET","url":"http:/","invalidateInfo":{"tags":["cat_p_6","MAGE"],"mode":"matchingTag"}} []
[2026-05-19T04:36:25.179309+00:00] main.DEBUG: cache_invalidate:  {"method":"GET","url":"http:/","invalidateInfo":{"tags":["cat_c_p_4","MAGE"],"mode":"matchingTag"}} []
[2026-05-19T04:36:25.179388+00:00] main.DEBUG: cache_invalidate:  {"method":"GET","url":"http:/","invalidateInfo":{"tags":["cat_p_new","MAGE"],"mode":"matchingTag"}} []
[2026-05-19T04:36:25.179471+00:00] main.DEBUG: cache_invalidate:  {"method":"GET","url":"http:/","invalidateInfo":{"tags":["rss_p_new","MAGE"],"mode":"matchingTag"}} []
[2026-05-19T04:36:25.179526+00:00] main.DEBUG: cache_invalidate:  {"method":"GET","url":"http:/","invalidateInfo":{"tags":["cat_p_6","cat_c_p_4","cat_p_new","rss_p_new"],"mode":"matchingAnyTag"}} []
[2026-05-19T04:36:25.204637+00:00] main.DEBUG: cache_invalidate:  {"method":"GET","url":"http:/","invalidateInfo":{"tags":["cat_p_7","MAGE"],"mode":"matchingTag"}} []
[2026-05-19T04:36:25.204876+00:00] main.DEBUG: cache_invalidate:  {"method":"GET","url":"http:/","invalidateInfo":{"tags":["cat_c_p_4","MAGE"],"mode":"matchingTag"}} []
[2026-05-19T04:36:25.205010+00:00] main.DEBUG: cache_invalidate:  {"method":"GET","url":"http:/","invalidateInfo":{"tags":["cat_p_new","MAGE"],"mode":"matchingTag"}} []
[2026-05-19T04:36:25.205157+00:00] main.DEBUG: cache_invalidate:  {"method":"GET","url":"http:/","invalidateInfo":{"tags":["rss_p_new","MAGE"],"mode":"matchingTag"}} []
[2026-05-19T04:36:25.205228+00:00] main.DEBUG: cache_invalidate:  {"method":"GET","url":"http:/","invalidateInfo":{"tags":["cat_p_7","cat_c_p_4","cat_p_new","rss_p_new"],"mode":"matchingAnyTag"}} []
[2026-05-19T04:36:25.205405+00:00] main.DEBUG: cache_invalidate:  {"method":"GET","url":"http:/","invalidateInfo":{"tags":["cat_p_7","FPC","MAGE"],"mode":"matchingTag"}} []
[2026-05-19T04:36:25.205466+00:00] main.DEBUG: cache_invalidate:  {"method":"GET","url":"http:/","invalidateInfo":{"tags":["cat_p_7","FPC"],"mode":"matchingTag"}} []
[2026-05-19T04:36:25.205564+00:00] main.DEBUG: cache_invalidate:  {"method":"GET","url":"http:/","invalidateInfo":{"tags":["cat_c_p_4","FPC","MAGE"],"mode":"matchingTag"}} []
[2026-05-19T04:36:25.205642+00:00] main.DEBUG: cache_invalidate:  {"method":"GET","url":"http:/","invalidateInfo":{"tags":["cat_c_p_4","FPC"],"mode":"matchingTag"}} []
[2026-05-19T04:36:25.205749+00:00] main.DEBUG: cache_invalidate:  {"method":"GET","url":"http:/","invalidateInfo":{"tags":["cat_p_new","FPC","MAGE"],"mode":"matchingTag"}} []
[2026-05-19T04:36:25.205862+00:00] main.DEBUG: cache_invalidate:  {"method":"GET","url":"http:/","invalidateInfo":{"tags":["cat_p_new","FPC"],"mode":"matchingTag"}} []
[2026-05-19T04:36:25.206009+00:00] main.DEBUG: cache_invalidate:  {"method":"GET","url":"http:/","invalidateInfo":{"tags":["rss_p_new","FPC","MAGE"],"mode":"matchingTag"}} []
[2026-05-19T04:36:25.206071+00:00] main.DEBUG: cache_invalidate:  {"method":"GET","url":"http:/","invalidateInfo":{"tags":["rss_p_new","FPC"],"mode":"matchingTag"}} []
[2026-05-19T04:36:25.215609+00:00] main.DEBUG: cache_invalidate:  {"method":"GET","url":"http:/","invalidateInfo":{"tags":["cat_p_7","FPC","MAGE"],"mode":"matchingTag"}} []
[2026-05-19T04:36:25.215807+00:00] main.DEBUG: cache_invalidate:  {"method":"GET","url":"http:/","invalidateInfo":{"tags":["cat_p_7","FPC"],"mode":"matchingTag"}} []
[2026-05-19T04:36:25.215977+00:00] main.DEBUG: cache_invalidate:  {"method":"GET","url":"http:/","invalidateInfo":{"tags":["cat_c_p_4","FPC","MAGE"],"mode":"matchingTag"}} []
[2026-05-19T04:36:25.216117+00:00] main.DEBUG: cache_invalidate:  {"method":"GET","url":"http:/","invalidateInfo":{"tags":["cat_c_p_4","FPC"],"mode":"matchingTag"}} []
[2026-05-19T04:36:25.216233+00:00] main.DEBUG: cache_invalidate:  {"method":"GET","url":"http:/","invalidateInfo":{"tags":["cat_p_new","FPC","MAGE"],"mode":"matchingTag"}} []
[2026-05-19T04:36:25.216325+00:00] main.DEBUG: cache_invalidate:  {"method":"GET","url":"http:/","invalidateInfo":{"tags":["cat_p_new","FPC"],"mode":"matchingTag"}} []
[2026-05-19T04:36:25.216440+00:00] main.DEBUG: cache_invalidate:  {"method":"GET","url":"http:/","invalidateInfo":{"tags":["rss_p_new","FPC","MAGE"],"mode":"matchingTag"}} []
[2026-05-19T04:36:25.216505+00:00] main.DEBUG: cache_invalidate:  {"method":"GET","url":"http:/","invalidateInfo":{"tags":["rss_p_new","FPC"],"mode":"matchingTag"}} []
[2026-05-19T04:36:25.216681+00:00] main.DEBUG: cache_invalidate:  {"method":"GET","url":"http:/","invalidateInfo":{"tags":["cat_p_7","MAGE"],"mode":"matchingTag"}} []
[2026-05-19T04:36:25.216775+00:00] main.DEBUG: cache_invalidate:  {"method":"GET","url":"http:/","invalidateInfo":{"tags":["cat_c_p_4","MAGE"],"mode":"matchingTag"}} []
[2026-05-19T04:36:25.216881+00:00] main.DEBUG: cache_invalidate:  {"method":"GET","url":"http:/","invalidateInfo":{"tags":["cat_p_new","MAGE"],"mode":"matchingTag"}} []
[2026-05-19T04:36:25.216977+00:00] main.DEBUG: cache_invalidate:  {"method":"GET","url":"http:/","invalidateInfo":{"tags":["rss_p_new","MAGE"],"mode":"matchingTag"}} []
[2026-05-19T04:36:25.217037+00:00] main.DEBUG: cache_invalidate:  {"method":"GET","url":"http:/","invalidateInfo":{"tags":["cat_p_7","cat_c_p_4","cat_p_new","rss_p_new"],"mode":"matchingAnyTag"}} []
[2026-05-19T04:36:25.217122+00:00] main.DEBUG: cache_invalidate:  {"method":"GET","url":"http:/","invalidateInfo":{"tags":["cat_p_7","MAGE"],"mode":"matchingTag"}} []
[2026-05-19T04:36:25.217226+00:00] main.DEBUG: cache_invalidate:  {"method":"GET","url":"http:/","invalidateInfo":{"tags":["cat_c_p_4","MAGE"],"mode":"matchingTag"}} []
[2026-05-19T04:36:25.217303+00:00] main.DEBUG: cache_invalidate:  {"method":"GET","url":"http:/","invalidateInfo":{"tags":["cat_p_new","MAGE"],"mode":"matchingTag"}} []
[2026-05-19T04:36:25.217382+00:00] main.DEBUG: cache_invalidate:  {"method":"GET","url":"http:/","invalidateInfo":{"tags":["rss_p_new","MAGE"],"mode":"matchingTag"}} []
[2026-05-19T04:36:25.217441+00:00] main.DEBUG: cache_invalidate:  {"method":"GET","url":"http:/","invalidateInfo":{"tags":["cat_p_7","cat_c_p_4","cat_p_new","rss_p_new"],"mode":"matchingAnyTag"}} []
[2026-05-19T04:36:25.241715+00:00] main.DEBUG: cache_invalidate:  {"method":"GET","url":"http:/","invalidateInfo":{"tags":["cat_p_8","MAGE"],"mode":"matchingTag"}} []
[2026-05-19T04:36:25.241902+00:00] main.DEBUG: cache_invalidate:  {"method":"GET","url":"http:/","invalidateInfo":{"tags":["cat_c_p_4","MAGE"],"mode":"matchingTag"}} []
[2026-05-19T04:36:25.242024+00:00] main.DEBUG: cache_invalidate:  {"method":"GET","url":"http:/","invalidateInfo":{"tags":["cat_p_new","MAGE"],"mode":"matchingTag"}} []
[2026-05-19T04:36:25.242122+00:00] main.DEBUG: cache_invalidate:  {"method":"GET","url":"http:/","invalidateInfo":{"tags":["rss_p_new","MAGE"],"mode":"matchingTag"}} []
[2026-05-19T04:36:25.242185+00:00] main.DEBUG: cache_invalidate:  {"method":"GET","url":"http:/","invalidateInfo":{"tags":["cat_p_8","cat_c_p_4","cat_p_new","rss_p_new"],"mode":"matchingAnyTag"}} []
[2026-05-19T04:36:25.242381+00:00] main.DEBUG: cache_invalidate:  {"method":"GET","url":"http:/","invalidateInfo":{"tags":["cat_p_8","FPC","MAGE"],"mode":"matchingTag"}} []
[2026-05-19T04:36:25.242453+00:00] main.DEBUG: cache_invalidate:  {"method":"GET","url":"http:/","invalidateInfo":{"tags":["cat_p_8","FPC"],"mode":"matchingTag"}} []
[2026-05-19T04:36:25.242547+00:00] main.DEBUG: cache_invalidate:  {"method":"GET","url":"http:/","invalidateInfo":{"tags":["cat_c_p_4","FPC","MAGE"],"mode":"matchingTag"}} []
[2026-05-19T04:36:25.242613+00:00] main.DEBUG: cache_invalidate:  {"method":"GET","url":"http:/","invalidateInfo":{"tags":["cat_c_p_4","FPC"],"mode":"matchingTag"}} []
[2026-05-19T04:36:25.242696+00:00] main.DEBUG: cache_invalidate:  {"method":"GET","url":"http:/","invalidateInfo":{"tags":["cat_p_new","FPC","MAGE"],"mode":"matchingTag"}} []
[2026-05-19T04:36:25.242753+00:00] main.DEBUG: cache_invalidate:  {"method":"GET","url":"http:/","invalidateInfo":{"tags":["cat_p_new","FPC"],"mode":"matchingTag"}} []
[2026-05-19T04:36:25.242868+00:00] main.DEBUG: cache_invalidate:  {"method":"GET","url":"http:/","invalidateInfo":{"tags":["rss_p_new","FPC","MAGE"],"mode":"matchingTag"}} []
[2026-05-19T04:36:25.242932+00:00] main.DEBUG: cache_invalidate:  {"method":"GET","url":"http:/","invalidateInfo":{"tags":["rss_p_new","FPC"],"mode":"matchingTag"}} []
[2026-05-19T04:36:25.252992+00:00] main.DEBUG: cache_invalidate:  {"method":"GET","url":"http:/","invalidateInfo":{"tags":["cat_p_8","FPC","MAGE"],"mode":"matchingTag"}} []
[2026-05-19T04:36:25.253191+00:00] main.DEBUG: cache_invalidate:  {"method":"GET","url":"http:/","invalidateInfo":{"tags":["cat_p_8","FPC"],"mode":"matchingTag"}} []
[2026-05-19T04:36:25.253368+00:00] main.DEBUG: cache_invalidate:  {"method":"GET","url":"http:/","invalidateInfo":{"tags":["cat_c_p_4","FPC","MAGE"],"mode":"matchingTag"}} []
[2026-05-19T04:36:25.253448+00:00] main.DEBUG: cache_invalidate:  {"method":"GET","url":"http:/","invalidateInfo":{"tags":["cat_c_p_4","FPC"],"mode":"matchingTag"}} []
[2026-05-19T04:36:25.253548+00:00] main.DEBUG: cache_invalidate:  {"method":"GET","url":"http:/","invalidateInfo":{"tags":["cat_p_new","FPC","MAGE"],"mode":"matchingTag"}} []
[2026-05-19T04:36:25.253621+00:00] main.DEBUG: cache_invalidate:  {"method":"GET","url":"http:/","invalidateInfo":{"tags":["cat_p_new","FPC"],"mode":"matchingTag"}} []
[2026-05-19T04:36:25.253737+00:00] main.DEBUG: cache_invalidate:  {"method":"GET","url":"http:/","invalidateInfo":{"tags":["rss_p_new","FPC","MAGE"],"mode":"matchingTag"}} []
[2026-05-19T04:36:25.253816+00:00] main.DEBUG: cache_invalidate:  {"method":"GET","url":"http:/","invalidateInfo":{"tags":["rss_p_new","FPC"],"mode":"matchingTag"}} []
[2026-05-19T04:36:25.253985+00:00] main.DEBUG: cache_invalidate:  {"method":"GET","url":"http:/","invalidateInfo":{"tags":["cat_p_8","MAGE"],"mode":"matchingTag"}} []
[2026-05-19T04:36:25.254073+00:00] main.DEBUG: cache_invalidate:  {"method":"GET","url":"http:/","invalidateInfo":{"tags":["cat_c_p_4","MAGE"],"mode":"matchingTag"}} []
[2026-05-19T04:36:25.254167+00:00] main.DEBUG: cache_invalidate:  {"method":"GET","url":"http:/","invalidateInfo":{"tags":["cat_p_new","MAGE"],"mode":"matchingTag"}} []
[2026-05-19T04:36:25.254266+00:00] main.DEBUG: cache_invalidate:  {"method":"GET","url":"http:/","invalidateInfo":{"tags":["rss_p_new","MAGE"],"mode":"matchingTag"}} []
[2026-05-19T04:36:25.254325+00:00] main.DEBUG: cache_invalidate:  {"method":"GET","url":"http:/","invalidateInfo":{"tags":["cat_p_8","cat_c_p_4","cat_p_new","rss_p_new"],"mode":"matchingAnyTag"}} []
[2026-05-19T04:36:25.254446+00:00] main.DEBUG: cache_invalidate:  {"method":"GET","url":"http:/","invalidateInfo":{"tags":["cat_p_8","MAGE"],"mode":"matchingTag"}} []
[2026-05-19T04:36:25.254552+00:00] main.DEBUG: cache_invalidate:  {"method":"GET","url":"http:/","invalidateInfo":{"tags":["cat_c_p_4","MAGE"],"mode":"matchingTag"}} []
[2026-05-19T04:36:25.254677+00:00] main.DEBUG: cache_invalidate:  {"method":"GET","url":"http:/","invalidateInfo":{"tags":["cat_p_new","MAGE"],"mode":"matchingTag"}} []
[2026-05-19T04:36:25.254787+00:00] main.DEBUG: cache_invalidate:  {"method":"GET","url":"http:/","invalidateInfo":{"tags":["rss_p_new","MAGE"],"mode":"matchingTag"}} []
[2026-05-19T04:36:25.254849+00:00] main.DEBUG: cache_invalidate:  {"method":"GET","url":"http:/","invalidateInfo":{"tags":["cat_p_8","cat_c_p_4","cat_p_new","rss_p_new"],"mode":"matchingAnyTag"}} []
[2026-05-19T04:36:25.281538+00:00] main.DEBUG: cache_invalidate:  {"method":"GET","url":"http:/","invalidateInfo":{"tags":["cat_p_9","MAGE"],"mode":"matchingTag"}} []
[2026-05-19T04:36:25.281857+00:00] main.DEBUG: cache_invalidate:  {"method":"GET","url":"http:/","invalidateInfo":{"tags":["cat_c_p_5","MAGE"],"mode":"matchingTag"}} []
[2026-05-19T04:36:25.282104+00:00] main.DEBUG: cache_invalidate:  {"method":"GET","url":"http:/","invalidateInfo":{"tags":["cat_p_new","MAGE"],"mode":"matchingTag"}} []
[2026-05-19T04:36:25.282294+00:00] main.DEBUG: cache_invalidate:  {"method":"GET","url":"http:/","invalidateInfo":{"tags":["rss_p_new","MAGE"],"mode":"matchingTag"}} []
[2026-05-19T04:36:25.282403+00:00] main.DEBUG: cache_invalidate:  {"method":"GET","url":"http:/","invalidateInfo":{"tags":["cat_p_9","cat_c_p_5","cat_p_new","rss_p_new"],"mode":"matchingAnyTag"}} []
[2026-05-19T04:36:25.282654+00:00] main.DEBUG: cache_invalidate:  {"method":"GET","url":"http:/","invalidateInfo":{"tags":["cat_p_9","FPC","MAGE"],"mode":"matchingTag"}} []
[2026-05-19T04:36:25.282756+00:00] main.DEBUG: cache_invalidate:  {"method":"GET","url":"http:/","invalidateInfo":{"tags":["cat_p_9","FPC"],"mode":"matchingTag"}} []
[2026-05-19T04:36:25.282881+00:00] main.DEBUG: cache_invalidate:  {"method":"GET","url":"http:/","invalidateInfo":{"tags":["cat_c_p_5","FPC","MAGE"],"mode":"matchingTag"}} []
[2026-05-19T04:36:25.282966+00:00] main.DEBUG: cache_invalidate:  {"method":"GET","url":"http:/","invalidateInfo":{"tags":["cat_c_p_5","FPC"],"mode":"matchingTag"}} []
[2026-05-19T04:36:25.283127+00:00] main.DEBUG: cache_invalidate:  {"method":"GET","url":"http:/","invalidateInfo":{"tags":["cat_p_new","FPC","MAGE"],"mode":"matchingTag"}} []
[2026-05-19T04:36:25.283220+00:00] main.DEBUG: cache_invalidate:  {"method":"GET","url":"http:/","invalidateInfo":{"tags":["cat_p_new","FPC"],"mode":"matchingTag"}} []
[2026-05-19T04:36:25.283370+00:00] main.DEBUG: cache_invalidate:  {"method":"GET","url":"http:/","invalidateInfo":{"tags":["rss_p_new","FPC","MAGE"],"mode":"matchingTag"}} []
[2026-05-19T04:36:25.283495+00:00] main.DEBUG: cache_invalidate:  {"method":"GET","url":"http:/","invalidateInfo":{"tags":["rss_p_new","FPC"],"mode":"matchingTag"}} []
[2026-05-19T04:36:25.293072+00:00] main.DEBUG: cache_invalidate:  {"method":"GET","url":"http:/","invalidateInfo":{"tags":["cat_p_9","FPC","MAGE"],"mode":"matchingTag"}} []
[2026-05-19T04:36:25.293205+00:00] main.DEBUG: cache_invalidate:  {"method":"GET","url":"http:/","invalidateInfo":{"tags":["cat_p_9","FPC"],"mode":"matchingTag"}} []
[2026-05-19T04:36:25.293338+00:00] main.DEBUG: cache_invalidate:  {"method":"GET","url":"http:/","invalidateInfo":{"tags":["cat_c_p_5","FPC","MAGE"],"mode":"matchingTag"}} []
[2026-05-19T04:36:25.293447+00:00] main.DEBUG: cache_invalidate:  {"method":"GET","url":"http:/","invalidateInfo":{"tags":["cat_c_p_5","FPC"],"mode":"matchingTag"}} []
[2026-05-19T04:36:25.293552+00:00] main.DEBUG: cache_invalidate:  {"method":"GET","url":"http:/","invalidateInfo":{"tags":["cat_p_new","FPC","MAGE"],"mode":"matchingTag"}} []
[2026-05-19T04:36:25.293623+00:00] main.DEBUG: cache_invalidate:  {"method":"GET","url":"http:/","invalidateInfo":{"tags":["cat_p_new","FPC"],"mode":"matchingTag"}} []
[2026-05-19T04:36:25.293722+00:00] main.DEBUG: cache_invalidate:  {"method":"GET","url":"http:/","invalidateInfo":{"tags":["rss_p_new","FPC","MAGE"],"mode":"matchingTag"}} []
[2026-05-19T04:36:25.293783+00:00] main.DEBUG: cache_invalidate:  {"method":"GET","url":"http:/","invalidateInfo":{"tags":["rss_p_new","FPC"],"mode":"matchingTag"}} []
[2026-05-19T04:36:25.294126+00:00] main.DEBUG: cache_invalidate:  {"method":"GET","url":"http:/","invalidateInfo":{"tags":["cat_p_9","MAGE"],"mode":"matchingTag"}} []
[2026-05-19T04:36:25.294322+00:00] main.DEBUG: cache_invalidate:  {"method":"GET","url":"http:/","invalidateInfo":{"tags":["cat_c_p_5","MAGE"],"mode":"matchingTag"}} []
[2026-05-19T04:36:25.294466+00:00] main.DEBUG: cache_invalidate:  {"method":"GET","url":"http:/","invalidateInfo":{"tags":["cat_p_new","MAGE"],"mode":"matchingTag"}} []
[2026-05-19T04:36:25.294556+00:00] main.DEBUG: cache_invalidate:  {"method":"GET","url":"http:/","invalidateInfo":{"tags":["rss_p_new","MAGE"],"mode":"matchingTag"}} []
[2026-05-19T04:36:25.294629+00:00] main.DEBUG: cache_invalidate:  {"method":"GET","url":"http:/","invalidateInfo":{"tags":["cat_p_9","cat_c_p_5","cat_p_new","rss_p_new"],"mode":"matchingAnyTag"}} []
[2026-05-19T04:36:25.294726+00:00] main.DEBUG: cache_invalidate:  {"method":"GET","url":"http:/","invalidateInfo":{"tags":["cat_p_9","MAGE"],"mode":"matchingTag"}} []
[2026-05-19T04:36:25.294866+00:00] main.DEBUG: cache_invalidate:  {"method":"GET","url":"http:/","invalidateInfo":{"tags":["cat_c_p_5","MAGE"],"mode":"matchingTag"}} []
[2026-05-19T04:36:25.295129+00:00] main.DEBUG: cache_invalidate:  {"method":"GET","url":"http:/","invalidateInfo":{"tags":["cat_p_new","MAGE"],"mode":"matchingTag"}} []
[2026-05-19T04:36:25.295348+00:00] main.DEBUG: cache_invalidate:  {"method":"GET","url":"http:/","invalidateInfo":{"tags":["rss_p_new","MAGE"],"mode":"matchingTag"}} []
[2026-05-19T04:36:25.295465+00:00] main.DEBUG: cache_invalidate:  {"method":"GET","url":"http:/","invalidateInfo":{"tags":["cat_p_9","cat_c_p_5","cat_p_new","rss_p_new"],"mode":"matchingAnyTag"}} []
[2026-05-19T04:36:25.320396+00:00] main.DEBUG: cache_invalidate:  {"method":"GET","url":"http:/","invalidateInfo":{"tags":["cat_p_10","MAGE"],"mode":"matchingTag"}} []
[2026-05-19T04:36:25.320581+00:00] main.DEBUG: cache_invalidate:  {"method":"GET","url":"http:/","invalidateInfo":{"tags":["cat_c_p_5","MAGE"],"mode":"matchingTag"}} []
[2026-05-19T04:36:25.320749+00:00] main.DEBUG: cache_invalidate:  {"method":"GET","url":"http:/","invalidateInfo":{"tags":["cat_p_new","MAGE"],"mode":"matchingTag"}} []
[2026-05-19T04:36:25.320845+00:00] main.DEBUG: cache_invalidate:  {"method":"GET","url":"http:/","invalidateInfo":{"tags":["rss_p_new","MAGE"],"mode":"matchingTag"}} []
[2026-05-19T04:36:25.320908+00:00] main.DEBUG: cache_invalidate:  {"method":"GET","url":"http:/","invalidateInfo":{"tags":["cat_p_10","cat_c_p_5","cat_p_new","rss_p_new"],"mode":"matchingAnyTag"}} []
[2026-05-19T04:36:25.321112+00:00] main.DEBUG: cache_invalidate:  {"method":"GET","url":"http:/","invalidateInfo":{"tags":["cat_p_10","FPC","MAGE"],"mode":"matchingTag"}} []
[2026-05-19T04:36:25.321174+00:00] main.DEBUG: cache_invalidate:  {"method":"GET","url":"http:/","invalidateInfo":{"tags":["cat_p_10","FPC"],"mode":"matchingTag"}} []
[2026-05-19T04:36:25.321260+00:00] main.DEBUG: cache_invalidate:  {"method":"GET","url":"http:/","invalidateInfo":{"tags":["cat_c_p_5","FPC","MAGE"],"mode":"matchingTag"}} []
[2026-05-19T04:36:25.321320+00:00] main.DEBUG: cache_invalidate:  {"method":"GET","url":"http:/","invalidateInfo":{"tags":["cat_c_p_5","FPC"],"mode":"matchingTag"}} []
[2026-05-19T04:36:25.321404+00:00] main.DEBUG: cache_invalidate:  {"method":"GET","url":"http:/","invalidateInfo":{"tags":["cat_p_new","FPC","MAGE"],"mode":"matchingTag"}} []
[2026-05-19T04:36:25.321460+00:00] main.DEBUG: cache_invalidate:  {"method":"GET","url":"http:/","invalidateInfo":{"tags":["cat_p_new","FPC"],"mode":"matchingTag"}} []
[2026-05-19T04:36:25.321542+00:00] main.DEBUG: cache_invalidate:  {"method":"GET","url":"http:/","invalidateInfo":{"tags":["rss_p_new","FPC","MAGE"],"mode":"matchingTag"}} []
[2026-05-19T04:36:25.321597+00:00] main.DEBUG: cache_invalidate:  {"method":"GET","url":"http:/","invalidateInfo":{"tags":["rss_p_new","FPC"],"mode":"matchingTag"}} []
[2026-05-19T04:36:25.331118+00:00] main.DEBUG: cache_invalidate:  {"method":"GET","url":"http:/","invalidateInfo":{"tags":["cat_p_10","FPC","MAGE"],"mode":"matchingTag"}} []
[2026-05-19T04:36:25.331238+00:00] main.DEBUG: cache_invalidate:  {"method":"GET","url":"http:/","invalidateInfo":{"tags":["cat_p_10","FPC"],"mode":"matchingTag"}} []
[2026-05-19T04:36:25.331364+00:00] main.DEBUG: cache_invalidate:  {"method":"GET","url":"http:/","invalidateInfo":{"tags":["cat_c_p_5","FPC","MAGE"],"mode":"matchingTag"}} []
[2026-05-19T04:36:25.331442+00:00] main.DEBUG: cache_invalidate:  {"method":"GET","url":"http:/","invalidateInfo":{"tags":["cat_c_p_5","FPC"],"mode":"matchingTag"}} []
[2026-05-19T04:36:25.331537+00:00] main.DEBUG: cache_invalidate:  {"method":"GET","url":"http:/","invalidateInfo":{"tags":["cat_p_new","FPC","MAGE"],"mode":"matchingTag"}} []
[2026-05-19T04:36:25.331605+00:00] main.DEBUG: cache_invalidate:  {"method":"GET","url":"http:/","invalidateInfo":{"tags":["cat_p_new","FPC"],"mode":"matchingTag"}} []
[2026-05-19T04:36:25.331698+00:00] main.DEBUG: cache_invalidate:  {"method":"GET","url":"http:/","invalidateInfo":{"tags":["rss_p_new","FPC","MAGE"],"mode":"matchingTag"}} []
[2026-05-19T04:36:25.331840+00:00] main.DEBUG: cache_invalidate:  {"method":"GET","url":"http:/","invalidateInfo":{"tags":["rss_p_new","FPC"],"mode":"matchingTag"}} []
[2026-05-19T04:36:25.332042+00:00] main.DEBUG: cache_invalidate:  {"method":"GET","url":"http:/","invalidateInfo":{"tags":["cat_p_10","MAGE"],"mode":"matchingTag"}} []
[2026-05-19T04:36:25.332165+00:00] main.DEBUG: cache_invalidate:  {"method":"GET","url":"http:/","invalidateInfo":{"tags":["cat_c_p_5","MAGE"],"mode":"matchingTag"}} []
[2026-05-19T04:36:25.332281+00:00] main.DEBUG: cache_invalidate:  {"method":"GET","url":"http:/","invalidateInfo":{"tags":["cat_p_new","MAGE"],"mode":"matchingTag"}} []
[2026-05-19T04:36:25.332387+00:00] main.DEBUG: cache_invalidate:  {"method":"GET","url":"http:/","invalidateInfo":{"tags":["rss_p_new","MAGE"],"mode":"matchingTag"}} []
[2026-05-19T04:36:25.332454+00:00] main.DEBUG: cache_invalidate:  {"method":"GET","url":"http:/","invalidateInfo":{"tags":["cat_p_10","cat_c_p_5","cat_p_new","rss_p_new"],"mode":"matchingAnyTag"}} []
[2026-05-19T04:36:25.332541+00:00] main.DEBUG: cache_invalidate:  {"method":"GET","url":"http:/","invalidateInfo":{"tags":["cat_p_10","MAGE"],"mode":"matchingTag"}} []
[2026-05-19T04:36:25.332636+00:00] main.DEBUG: cache_invalidate:  {"method":"GET","url":"http:/","invalidateInfo":{"tags":["cat_c_p_5","MAGE"],"mode":"matchingTag"}} []
[2026-05-19T04:36:25.332729+00:00] main.DEBUG: cache_invalidate:  {"method":"GET","url":"http:/","invalidateInfo":{"tags":["cat_p_new","MAGE"],"mode":"matchingTag"}} []
[2026-05-19T04:36:25.332843+00:00] main.DEBUG: cache_invalidate:  {"method":"GET","url":"http:/","invalidateInfo":{"tags":["rss_p_new","MAGE"],"mode":"matchingTag"}} []
[2026-05-19T04:36:25.332907+00:00] main.DEBUG: cache_invalidate:  {"method":"GET","url":"http:/","invalidateInfo":{"tags":["cat_p_10","cat_c_p_5","cat_p_new","rss_p_new"],"mode":"matchingAnyTag"}} []
[2026-05-19T04:36:25.359839+00:00] main.DEBUG: cache_invalidate:  {"method":"GET","url":"http:/","invalidateInfo":{"tags":["cat_p_11","MAGE"],"mode":"matchingTag"}} []
[2026-05-19T04:36:25.360010+00:00] main.DEBUG: cache_invalidate:  {"method":"GET","url":"http:/","invalidateInfo":{"tags":["cat_c_p_5","MAGE"],"mode":"matchingTag"}} []
[2026-05-19T04:36:25.360132+00:00] main.DEBUG: cache_invalidate:  {"method":"GET","url":"http:/","invalidateInfo":{"tags":["cat_p_new","MAGE"],"mode":"matchingTag"}} []
[2026-05-19T04:36:25.360227+00:00] main.DEBUG: cache_invalidate:  {"method":"GET","url":"http:/","invalidateInfo":{"tags":["rss_p_new","MAGE"],"mode":"matchingTag"}} []
[2026-05-19T04:36:25.360289+00:00] main.DEBUG: cache_invalidate:  {"method":"GET","url":"http:/","invalidateInfo":{"tags":["cat_p_11","cat_c_p_5","cat_p_new","rss_p_new"],"mode":"matchingAnyTag"}} []
[2026-05-19T04:36:25.360461+00:00] main.DEBUG: cache_invalidate:  {"method":"GET","url":"http:/","invalidateInfo":{"tags":["cat_p_11","FPC","MAGE"],"mode":"matchingTag"}} []
[2026-05-19T04:36:25.360531+00:00] main.DEBUG: cache_invalidate:  {"method":"GET","url":"http:/","invalidateInfo":{"tags":["cat_p_11","FPC"],"mode":"matchingTag"}} []
[2026-05-19T04:36:25.360621+00:00] main.DEBUG: cache_invalidate:  {"method":"GET","url":"http:/","invalidateInfo":{"tags":["cat_c_p_5","FPC","MAGE"],"mode":"matchingTag"}} []
[2026-05-19T04:36:25.360685+00:00] main.DEBUG: cache_invalidate:  {"method":"GET","url":"http:/","invalidateInfo":{"tags":["cat_c_p_5","FPC"],"mode":"matchingTag"}} []
[2026-05-19T04:36:25.360769+00:00] main.DEBUG: cache_invalidate:  {"method":"GET","url":"http:/","invalidateInfo":{"tags":["cat_p_new","FPC","MAGE"],"mode":"matchingTag"}} []
[2026-05-19T04:36:25.360839+00:00] main.DEBUG: cache_invalidate:  {"method":"GET","url":"http:/","invalidateInfo":{"tags":["cat_p_new","FPC"],"mode":"matchingTag"}} []
[2026-05-19T04:36:25.360921+00:00] main.DEBUG: cache_invalidate:  {"method":"GET","url":"http:/","invalidateInfo":{"tags":["rss_p_new","FPC","MAGE"],"mode":"matchingTag"}} []
[2026-05-19T04:36:25.360977+00:00] main.DEBUG: cache_invalidate:  {"method":"GET","url":"http:/","invalidateInfo":{"tags":["rss_p_new","FPC"],"mode":"matchingTag"}} []
[2026-05-19T04:36:25.369825+00:00] main.DEBUG: cache_invalidate:  {"method":"GET","url":"http:/","invalidateInfo":{"tags":["cat_p_11","FPC","MAGE"],"mode":"matchingTag"}} []
[2026-05-19T04:36:25.369942+00:00] main.DEBUG: cache_invalidate:  {"method":"GET","url":"http:/","invalidateInfo":{"tags":["cat_p_11","FPC"],"mode":"matchingTag"}} []
[2026-05-19T04:36:25.370063+00:00] main.DEBUG: cache_invalidate:  {"method":"GET","url":"http:/","invalidateInfo":{"tags":["cat_c_p_5","FPC","MAGE"],"mode":"matchingTag"}} []
[2026-05-19T04:36:25.370142+00:00] main.DEBUG: cache_invalidate:  {"method":"GET","url":"http:/","invalidateInfo":{"tags":["cat_c_p_5","FPC"],"mode":"matchingTag"}} []
[2026-05-19T04:36:25.370240+00:00] main.DEBUG: cache_invalidate:  {"method":"GET","url":"http:/","invalidateInfo":{"tags":["cat_p_new","FPC","MAGE"],"mode":"matchingTag"}} []
[2026-05-19T04:36:25.370306+00:00] main.DEBUG: cache_invalidate:  {"method":"GET","url":"http:/","invalidateInfo":{"tags":["cat_p_new","FPC"],"mode":"matchingTag"}} []
[2026-05-19T04:36:25.370396+00:00] main.DEBUG: cache_invalidate:  {"method":"GET","url":"http:/","invalidateInfo":{"tags":["rss_p_new","FPC","MAGE"],"mode":"matchingTag"}} []
[2026-05-19T04:36:25.370456+00:00] main.DEBUG: cache_invalidate:  {"method":"GET","url":"http:/","invalidateInfo":{"tags":["rss_p_new","FPC"],"mode":"matchingTag"}} []
[2026-05-19T04:36:25.370644+00:00] main.DEBUG: cache_invalidate:  {"method":"GET","url":"http:/","invalidateInfo":{"tags":["cat_p_11","MAGE"],"mode":"matchingTag"}} []
[2026-05-19T04:36:25.370752+00:00] main.DEBUG: cache_invalidate:  {"method":"GET","url":"http:/","invalidateInfo":{"tags":["cat_c_p_5","MAGE"],"mode":"matchingTag"}} []
[2026-05-19T04:36:25.370836+00:00] main.DEBUG: cache_invalidate:  {"method":"GET","url":"http:/","invalidateInfo":{"tags":["cat_p_new","MAGE"],"mode":"matchingTag"}} []
[2026-05-19T04:36:25.370920+00:00] main.DEBUG: cache_invalidate:  {"method":"GET","url":"http:/","invalidateInfo":{"tags":["rss_p_new","MAGE"],"mode":"matchingTag"}} []
[2026-05-19T04:36:25.370999+00:00] main.DEBUG: cache_invalidate:  {"method":"GET","url":"http:/","invalidateInfo":{"tags":["cat_p_11","cat_c_p_5","cat_p_new","rss_p_new"],"mode":"matchingAnyTag"}} []
[2026-05-19T04:36:25.371117+00:00] main.DEBUG: cache_invalidate:  {"method":"GET","url":"http:/","invalidateInfo":{"tags":["cat_p_11","MAGE"],"mode":"matchingTag"}} []
[2026-05-19T04:36:25.371209+00:00] main.DEBUG: cache_invalidate:  {"method":"GET","url":"http:/","invalidateInfo":{"tags":["cat_c_p_5","MAGE"],"mode":"matchingTag"}} []
[2026-05-19T04:36:25.371301+00:00] main.DEBUG: cache_invalidate:  {"method":"GET","url":"http:/","invalidateInfo":{"tags":["cat_p_new","MAGE"],"mode":"matchingTag"}} []
[2026-05-19T04:36:25.371433+00:00] main.DEBUG: cache_invalidate:  {"method":"GET","url":"http:/","invalidateInfo":{"tags":["rss_p_new","MAGE"],"mode":"matchingTag"}} []
[2026-05-19T04:36:25.371725+00:00] main.DEBUG: cache_invalidate:  {"method":"GET","url":"http:/","invalidateInfo":{"tags":["cat_p_11","cat_c_p_5","cat_p_new","rss_p_new"],"mode":"matchingAnyTag"}} []
[2026-05-19T04:36:25.394441+00:00] main.DEBUG: cache_invalidate:  {"method":"GET","url":"http:/","invalidateInfo":{"tags":["cat_p_12","MAGE"],"mode":"matchingTag"}} []
[2026-05-19T04:36:25.394664+00:00] main.DEBUG: cache_invalidate:  {"method":"GET","url":"http:/","invalidateInfo":{"tags":["cat_c_p_5","MAGE"],"mode":"matchingTag"}} []
[2026-05-19T04:36:25.394794+00:00] main.DEBUG: cache_invalidate:  {"method":"GET","url":"http:/","invalidateInfo":{"tags":["cat_p_new","MAGE"],"mode":"matchingTag"}} []
[2026-05-19T04:36:25.394892+00:00] main.DEBUG: cache_invalidate:  {"method":"GET","url":"http:/","invalidateInfo":{"tags":["rss_p_new","MAGE"],"mode":"matchingTag"}} []
[2026-05-19T04:36:25.394954+00:00] main.DEBUG: cache_invalidate:  {"method":"GET","url":"http:/","invalidateInfo":{"tags":["cat_p_12","cat_c_p_5","cat_p_new","rss_p_new"],"mode":"matchingAnyTag"}} []
[2026-05-19T04:36:25.395104+00:00] main.DEBUG: cache_invalidate:  {"method":"GET","url":"http:/","invalidateInfo":{"tags":["cat_p_12","FPC","MAGE"],"mode":"matchingTag"}} []
[2026-05-19T04:36:25.395164+00:00] main.DEBUG: cache_invalidate:  {"method":"GET","url":"http:/","invalidateInfo":{"tags":["cat_p_12","FPC"],"mode":"matchingTag"}} []
[2026-05-19T04:36:25.395249+00:00] main.DEBUG: cache_invalidate:  {"method":"GET","url":"http:/","invalidateInfo":{"tags":["cat_c_p_5","FPC","MAGE"],"mode":"matchingTag"}} []
[2026-05-19T04:36:25.395306+00:00] main.DEBUG: cache_invalidate:  {"method":"GET","url":"http:/","invalidateInfo":{"tags":["cat_c_p_5","FPC"],"mode":"matchingTag"}} []
[2026-05-19T04:36:25.395421+00:00] main.DEBUG: cache_invalidate:  {"method":"GET","url":"http:/","invalidateInfo":{"tags":["cat_p_new","FPC","MAGE"],"mode":"matchingTag"}} []
[2026-05-19T04:36:25.395495+00:00] main.DEBUG: cache_invalidate:  {"method":"GET","url":"http:/","invalidateInfo":{"tags":["cat_p_new","FPC"],"mode":"matchingTag"}} []
[2026-05-19T04:36:25.395597+00:00] main.DEBUG: cache_invalidate:  {"method":"GET","url":"http:/","invalidateInfo":{"tags":["rss_p_new","FPC","MAGE"],"mode":"matchingTag"}} []
[2026-05-19T04:36:25.395679+00:00] main.DEBUG: cache_invalidate:  {"method":"GET","url":"http:/","invalidateInfo":{"tags":["rss_p_new","FPC"],"mode":"matchingTag"}} []
[2026-05-19T04:36:25.404548+00:00] main.DEBUG: cache_invalidate:  {"method":"GET","url":"http:/","invalidateInfo":{"tags":["cat_p_12","FPC","MAGE"],"mode":"matchingTag"}} []
[2026-05-19T04:36:25.404746+00:00] main.DEBUG: cache_invalidate:  {"method":"GET","url":"http:/","invalidateInfo":{"tags":["cat_p_12","FPC"],"mode":"matchingTag"}} []
[2026-05-19T04:36:25.404879+00:00] main.DEBUG: cache_invalidate:  {"method":"GET","url":"http:/","invalidateInfo":{"tags":["cat_c_p_5","FPC","MAGE"],"mode":"matchingTag"}} []
[2026-05-19T04:36:25.404947+00:00] main.DEBUG: cache_invalidate:  {"method":"GET","url":"http:/","invalidateInfo":{"tags":["cat_c_p_5","FPC"],"mode":"matchingTag"}} []
[2026-05-19T04:36:25.405051+00:00] main.DEBUG: cache_invalidate:  {"method":"GET","url":"http:/","invalidateInfo":{"tags":["cat_p_new","FPC","MAGE"],"mode":"matchingTag"}} []
[2026-05-19T04:36:25.405152+00:00] main.DEBUG: cache_invalidate:  {"method":"GET","url":"http:/","invalidateInfo":{"tags":["cat_p_new","FPC"],"mode":"matchingTag"}} []
[2026-05-19T04:36:25.405301+00:00] main.DEBUG: cache_invalidate:  {"method":"GET","url":"http:/","invalidateInfo":{"tags":["rss_p_new","FPC","MAGE"],"mode":"matchingTag"}} []
[2026-05-19T04:36:25.405370+00:00] main.DEBUG: cache_invalidate:  {"method":"GET","url":"http:/","invalidateInfo":{"tags":["rss_p_new","FPC"],"mode":"matchingTag"}} []
[2026-05-19T04:36:25.405538+00:00] main.DEBUG: cache_invalidate:  {"method":"GET","url":"http:/","invalidateInfo":{"tags":["cat_p_12","MAGE"],"mode":"matchingTag"}} []
[2026-05-19T04:36:25.405634+00:00] main.DEBUG: cache_invalidate:  {"method":"GET","url":"http:/","invalidateInfo":{"tags":["cat_c_p_5","MAGE"],"mode":"matchingTag"}} []
[2026-05-19T04:36:25.405742+00:00] main.DEBUG: cache_invalidate:  {"method":"GET","url":"http:/","invalidateInfo":{"tags":["cat_p_new","MAGE"],"mode":"matchingTag"}} []
[2026-05-19T04:36:25.405840+00:00] main.DEBUG: cache_invalidate:  {"method":"GET","url":"http:/","invalidateInfo":{"tags":["rss_p_new","MAGE"],"mode":"matchingTag"}} []
[2026-05-19T04:36:25.405902+00:00] main.DEBUG: cache_invalidate:  {"method":"GET","url":"http:/","invalidateInfo":{"tags":["cat_p_12","cat_c_p_5","cat_p_new","rss_p_new"],"mode":"matchingAnyTag"}} []
[2026-05-19T04:36:25.405989+00:00] main.DEBUG: cache_invalidate:  {"method":"GET","url":"http:/","invalidateInfo":{"tags":["cat_p_12","MAGE"],"mode":"matchingTag"}} []
[2026-05-19T04:36:25.406076+00:00] main.DEBUG: cache_invalidate:  {"method":"GET","url":"http:/","invalidateInfo":{"tags":["cat_c_p_5","MAGE"],"mode":"matchingTag"}} []
[2026-05-19T04:36:25.406159+00:00] main.DEBUG: cache_invalidate:  {"method":"GET","url":"http:/","invalidateInfo":{"tags":["cat_p_new","MAGE"],"mode":"matchingTag"}} []
[2026-05-19T04:36:25.406242+00:00] main.DEBUG: cache_invalidate:  {"method":"GET","url":"http:/","invalidateInfo":{"tags":["rss_p_new","MAGE"],"mode":"matchingTag"}} []
[2026-05-19T04:36:25.406299+00:00] main.DEBUG: cache_invalidate:  {"method":"GET","url":"http:/","invalidateInfo":{"tags":["cat_p_12","cat_c_p_5","cat_p_new","rss_p_new"],"mode":"matchingAnyTag"}} []
[2026-05-19T04:36:26.673943+00:00] main.DEBUG: cache_invalidate:  {"method":"GET","url":"http:/","invalidateInfo":{"identifier":"DB_PDO_MYSQL_DDL_cataloginventory_stock_status_1"}} []
[2026-05-19T04:36:26.674480+00:00] main.DEBUG: cache_invalidate:  {"method":"GET","url":"http:/","invalidateInfo":{"identifier":"DB_PDO_MYSQL_DDL_cataloginventory_stock_status_1"}} []
[2026-05-19T04:36:26.677849+00:00] main.DEBUG: cache_invalidate:  {"method":"GET","url":"http:/","invalidateInfo":{"identifier":"DB_PDO_MYSQL_DDL_cataloginventory_stock_status_2"}} []
[2026-05-19T04:36:26.677963+00:00] main.DEBUG: cache_invalidate:  {"method":"GET","url":"http:/","invalidateInfo":{"identifier":"DB_PDO_MYSQL_DDL_cataloginventory_stock_status_2"}} []
[2026-05-19T04:36:26.681147+00:00] main.DEBUG: cache_invalidate:  {"method":"GET","url":"http:/","invalidateInfo":{"identifier":"DB_PDO_MYSQL_DDL_cataloginventory_stock_status_3"}} []
[2026-05-19T04:36:26.681280+00:00] main.DEBUG: cache_invalidate:  {"method":"GET","url":"http:/","invalidateInfo":{"identifier":"DB_PDO_MYSQL_DDL_cataloginventory_stock_status_3"}} []
[2026-05-19T04:36:26.685668+00:00] main.DEBUG: cache_invalidate:  {"method":"GET","url":"http:/","invalidateInfo":{"identifier":"DB_PDO_MYSQL_DDL_cataloginventory_stock_status_4"}} []
[2026-05-19T04:36:26.685807+00:00] main.DEBUG: cache_invalidate:  {"method":"GET","url":"http:/","invalidateInfo":{"identifier":"DB_PDO_MYSQL_DDL_cataloginventory_stock_status_4"}} []
[2026-05-19T04:36:26.690156+00:00] main.DEBUG: cache_invalidate:  {"method":"GET","url":"http:/","invalidateInfo":{"identifier":"DB_PDO_MYSQL_DDL_cataloginventory_stock_status_5"}} []
[2026-05-19T04:36:26.690283+00:00] main.DEBUG: cache_invalidate:  {"method":"GET","url":"http:/","invalidateInfo":{"identifier":"DB_PDO_MYSQL_DDL_cataloginventory_stock_status_5"}} []
[2026-05-19T04:36:26.694282+00:00] main.DEBUG: cache_invalidate:  {"method":"GET","url":"http:/","invalidateInfo":{"identifier":"DB_PDO_MYSQL_DDL_cataloginventory_stock_status_outdated_1"}} []
[2026-05-19T04:36:26.694492+00:00] main.DEBUG: cache_invalidate:  {"method":"GET","url":"http:/","invalidateInfo":{"identifier":"DB_PDO_MYSQL_DDL_cataloginventory_stock_status_outdated_1"}} []
[2026-05-19T04:36:26.698570+00:00] main.DEBUG: cache_invalidate:  {"method":"GET","url":"http:/","invalidateInfo":{"identifier":"DB_PDO_MYSQL_DDL_cataloginventory_stock_status_outdated_2"}} []
[2026-05-19T04:36:26.698718+00:00] main.DEBUG: cache_invalidate:  {"method":"GET","url":"http:/","invalidateInfo":{"identifier":"DB_PDO_MYSQL_DDL_cataloginventory_stock_status_outdated_2"}} []
[2026-05-19T04:36:26.702284+00:00] main.DEBUG: cache_invalidate:  {"method":"GET","url":"http:/","invalidateInfo":{"identifier":"DB_PDO_MYSQL_DDL_cataloginventory_stock_status_outdated_3"}} []
[2026-05-19T04:36:26.702371+00:00] main.DEBUG: cache_invalidate:  {"method":"GET","url":"http:/","invalidateInfo":{"identifier":"DB_PDO_MYSQL_DDL_cataloginventory_stock_status_outdated_3"}} []
[2026-05-19T04:36:26.706255+00:00] main.DEBUG: cache_invalidate:  {"method":"GET","url":"http:/","invalidateInfo":{"identifier":"DB_PDO_MYSQL_DDL_cataloginventory_stock_status_outdated_4"}} []
[2026-05-19T04:36:26.706409+00:00] main.DEBUG: cache_invalidate:  {"method":"GET","url":"http:/","invalidateInfo":{"identifier":"DB_PDO_MYSQL_DDL_cataloginventory_stock_status_outdated_4"}} []
[2026-05-19T04:36:26.710252+00:00] main.DEBUG: cache_invalidate:  {"method":"GET","url":"http:/","invalidateInfo":{"identifier":"DB_PDO_MYSQL_DDL_cataloginventory_stock_status_outdated_5"}} []
[2026-05-19T04:36:26.710405+00:00] main.DEBUG: cache_invalidate:  {"method":"GET","url":"http:/","invalidateInfo":{"identifier":"DB_PDO_MYSQL_DDL_cataloginventory_stock_status_outdated_5"}} []
[2026-05-19T04:36:26.714415+00:00] main.DEBUG: cache_invalidate:  {"method":"GET","url":"http:/","invalidateInfo":{"identifier":"DB_PDO_MYSQL_DDL_cataloginventory_stock_status_replica_1"}} []
[2026-05-19T04:36:26.714526+00:00] main.DEBUG: cache_invalidate:  {"method":"GET","url":"http:/","invalidateInfo":{"identifier":"DB_PDO_MYSQL_DDL_cataloginventory_stock_status_replica_1"}} []
[2026-05-19T04:36:26.718266+00:00] main.DEBUG: cache_invalidate:  {"method":"GET","url":"http:/","invalidateInfo":{"identifier":"DB_PDO_MYSQL_DDL_cataloginventory_stock_status_replica_2"}} []
[2026-05-19T04:36:26.718369+00:00] main.DEBUG: cache_invalidate:  {"method":"GET","url":"http:/","invalidateInfo":{"identifier":"DB_PDO_MYSQL_DDL_cataloginventory_stock_status_replica_2"}} []
[2026-05-19T04:36:26.724918+00:00] main.DEBUG: cache_invalidate:  {"method":"GET","url":"http:/","invalidateInfo":{"identifier":"DB_PDO_MYSQL_DDL_cataloginventory_stock_status_replica_3"}} []
[2026-05-19T04:36:26.725036+00:00] main.DEBUG: cache_invalidate:  {"method":"GET","url":"http:/","invalidateInfo":{"identifier":"DB_PDO_MYSQL_DDL_cataloginventory_stock_status_replica_3"}} []
[2026-05-19T04:36:26.728909+00:00] main.DEBUG: cache_invalidate:  {"method":"GET","url":"http:/","invalidateInfo":{"identifier":"DB_PDO_MYSQL_DDL_cataloginventory_stock_status_replica_4"}} []
[2026-05-19T04:36:26.729000+00:00] main.DEBUG: cache_invalidate:  {"method":"GET","url":"http:/","invalidateInfo":{"identifier":"DB_PDO_MYSQL_DDL_cataloginventory_stock_status_replica_4"}} []
[2026-05-19T04:36:26.733956+00:00] main.DEBUG: cache_invalidate:  {"method":"GET","url":"http:/","invalidateInfo":{"identifier":"DB_PDO_MYSQL_DDL_cataloginventory_stock_status_replica_5"}} []
[2026-05-19T04:36:26.734030+00:00] main.DEBUG: cache_invalidate:  {"method":"GET","url":"http:/","invalidateInfo":{"identifier":"DB_PDO_MYSQL_DDL_cataloginventory_stock_status_replica_5"}} []
[2026-05-19T04:36:26.737719+00:00] main.DEBUG: cache_invalidate:  {"method":"GET","url":"http:/","invalidateInfo":{"tags":["cat_c","FPC","MAGE"],"mode":"matchingTag"}} []
[2026-05-19T04:36:26.737828+00:00] main.DEBUG: cache_invalidate:  {"method":"GET","url":"http:/","invalidateInfo":{"tags":["cat_c","FPC"],"mode":"matchingTag"}} []
[2026-05-19T04:36:26.737933+00:00] main.DEBUG: cache_invalidate:  {"method":"GET","url":"http:/","invalidateInfo":{"tags":["cat_p","FPC","MAGE"],"mode":"matchingTag"}} []
[2026-05-19T04:36:26.737997+00:00] main.DEBUG: cache_invalidate:  {"method":"GET","url":"http:/","invalidateInfo":{"tags":["cat_p","FPC"],"mode":"matchingTag"}} []
[2026-05-19T04:36:26.738548+00:00] main.DEBUG: cache_invalidate:  {"method":"GET","url":"http:/","invalidateInfo":{"tags":["cat_c","MAGE"],"mode":"matchingTag"}} []
[2026-05-19T04:36:26.738696+00:00] main.DEBUG: cache_invalidate:  {"method":"GET","url":"http:/","invalidateInfo":{"tags":["cat_p","MAGE"],"mode":"matchingTag"}} []
[2026-05-19T04:36:26.738763+00:00] main.DEBUG: cache_invalidate:  {"method":"GET","url":"http:/","invalidateInfo":{"tags":["cat_c","cat_p"],"mode":"matchingAnyTag"}} []
[2026-05-19T04:36:26.916443+00:00] main.DEBUG: cache_invalidate:  {"method":"GET","url":"http:/","invalidateInfo":{"identifier":"DB_PDO_MYSQL_DDL_customer_grid_flat_1"}} []
[2026-05-19T04:36:26.916596+00:00] main.DEBUG: cache_invalidate:  {"method":"GET","url":"http:/","invalidateInfo":{"identifier":"DB_PDO_MYSQL_DDL_customer_grid_flat_1"}} []
[2026-05-19T04:36:26.920057+00:00] main.DEBUG: cache_invalidate:  {"method":"GET","url":"http:/","invalidateInfo":{"identifier":"DB_PDO_MYSQL_DDL_customer_grid_flat_2"}} []
[2026-05-19T04:36:26.920174+00:00] main.DEBUG: cache_invalidate:  {"method":"GET","url":"http:/","invalidateInfo":{"identifier":"DB_PDO_MYSQL_DDL_customer_grid_flat_2"}} []
[2026-05-19T04:36:26.923318+00:00] main.DEBUG: cache_invalidate:  {"method":"GET","url":"http:/","invalidateInfo":{"identifier":"DB_PDO_MYSQL_DDL_customer_grid_flat_3"}} []
[2026-05-19T04:36:26.923428+00:00] main.DEBUG: cache_invalidate:  {"method":"GET","url":"http:/","invalidateInfo":{"identifier":"DB_PDO_MYSQL_DDL_customer_grid_flat_3"}} []
[2026-05-19T04:36:26.926553+00:00] main.DEBUG: cache_invalidate:  {"method":"GET","url":"http:/","invalidateInfo":{"identifier":"DB_PDO_MYSQL_DDL_customer_grid_flat_4"}} []
[2026-05-19T04:36:26.926769+00:00] main.DEBUG: cache_invalidate:  {"method":"GET","url":"http:/","invalidateInfo":{"identifier":"DB_PDO_MYSQL_DDL_customer_grid_flat_4"}} []
[2026-05-19T04:36:26.932690+00:00] main.DEBUG: cache_invalidate:  {"method":"GET","url":"http:/","invalidateInfo":{"identifier":"DB_PDO_MYSQL_DDL_customer_grid_flat_5"}} []
[2026-05-19T04:36:26.932809+00:00] main.DEBUG: cache_invalidate:  {"method":"GET","url":"http:/","invalidateInfo":{"identifier":"DB_PDO_MYSQL_DDL_customer_grid_flat_5"}} []
[2026-05-19T04:36:27.101893+00:00] main.DEBUG: cache_invalidate:  {"method":"GET","url":"http:/","invalidateInfo":{"identifier":"DB_PDO_MYSQL_DDL_customer_grid_flat_1"}} []
[2026-05-19T04:36:27.102082+00:00] main.DEBUG: cache_invalidate:  {"method":"GET","url":"http:/","invalidateInfo":{"identifier":"DB_PDO_MYSQL_DDL_customer_grid_flat_1"}} []
[2026-05-19T04:36:27.105312+00:00] main.DEBUG: cache_invalidate:  {"method":"GET","url":"http:/","invalidateInfo":{"identifier":"DB_PDO_MYSQL_DDL_customer_grid_flat_2"}} []
[2026-05-19T04:36:27.105421+00:00] main.DEBUG: cache_invalidate:  {"method":"GET","url":"http:/","invalidateInfo":{"identifier":"DB_PDO_MYSQL_DDL_customer_grid_flat_2"}} []
[2026-05-19T04:36:27.108347+00:00] main.DEBUG: cache_invalidate:  {"method":"GET","url":"http:/","invalidateInfo":{"identifier":"DB_PDO_MYSQL_DDL_customer_grid_flat_3"}} []
[2026-05-19T04:36:27.108462+00:00] main.DEBUG: cache_invalidate:  {"method":"GET","url":"http:/","invalidateInfo":{"identifier":"DB_PDO_MYSQL_DDL_customer_grid_flat_3"}} []
[2026-05-19T04:36:27.111873+00:00] main.DEBUG: cache_invalidate:  {"method":"GET","url":"http:/","invalidateInfo":{"identifier":"DB_PDO_MYSQL_DDL_customer_grid_flat_4"}} []
[2026-05-19T04:36:27.112063+00:00] main.DEBUG: cache_invalidate:  {"method":"GET","url":"http:/","invalidateInfo":{"identifier":"DB_PDO_MYSQL_DDL_customer_grid_flat_4"}} []
[2026-05-19T04:36:27.115953+00:00] main.DEBUG: cache_invalidate:  {"method":"GET","url":"http:/","invalidateInfo":{"identifier":"DB_PDO_MYSQL_DDL_customer_grid_flat_5"}} []
[2026-05-19T04:36:27.116076+00:00] main.DEBUG: cache_invalidate:  {"method":"GET","url":"http:/","invalidateInfo":{"identifier":"DB_PDO_MYSQL_DDL_customer_grid_flat_5"}} []
[2026-05-19T04:36:27.287019+00:00] main.DEBUG: cache_invalidate:  {"method":"GET","url":"http:/","invalidateInfo":{"identifier":"DB_PDO_MYSQL_DDL_catalog_category_product_index_store1_1"}} []
[2026-05-19T04:36:27.287213+00:00] main.DEBUG: cache_invalidate:  {"method":"GET","url":"http:/","invalidateInfo":{"identifier":"DB_PDO_MYSQL_DDL_catalog_category_product_index_store1_1"}} []
[2026-05-19T04:36:27.290606+00:00] main.DEBUG: cache_invalidate:  {"method":"GET","url":"http:/","invalidateInfo":{"identifier":"DB_PDO_MYSQL_DDL_catalog_category_product_index_store1_2"}} []
[2026-05-19T04:36:27.290730+00:00] main.DEBUG: cache_invalidate:  {"method":"GET","url":"http:/","invalidateInfo":{"identifier":"DB_PDO_MYSQL_DDL_catalog_category_product_index_store1_2"}} []
[2026-05-19T04:36:27.293768+00:00] main.DEBUG: cache_invalidate:  {"method":"GET","url":"http:/","invalidateInfo":{"identifier":"DB_PDO_MYSQL_DDL_catalog_category_product_index_store1_3"}} []
[2026-05-19T04:36:27.293873+00:00] main.DEBUG: cache_invalidate:  {"method":"GET","url":"http:/","invalidateInfo":{"identifier":"DB_PDO_MYSQL_DDL_catalog_category_product_index_store1_3"}} []
[2026-05-19T04:36:27.297495+00:00] main.DEBUG: cache_invalidate:  {"method":"GET","url":"http:/","invalidateInfo":{"identifier":"DB_PDO_MYSQL_DDL_catalog_category_product_index_store1_4"}} []
[2026-05-19T04:36:27.297616+00:00] main.DEBUG: cache_invalidate:  {"method":"GET","url":"http:/","invalidateInfo":{"identifier":"DB_PDO_MYSQL_DDL_catalog_category_product_index_store1_4"}} []
[2026-05-19T04:36:27.301797+00:00] main.DEBUG: cache_invalidate:  {"method":"GET","url":"http:/","invalidateInfo":{"identifier":"DB_PDO_MYSQL_DDL_catalog_category_product_index_store1_5"}} []
[2026-05-19T04:36:27.301904+00:00] main.DEBUG: cache_invalidate:  {"method":"GET","url":"http:/","invalidateInfo":{"identifier":"DB_PDO_MYSQL_DDL_catalog_category_product_index_store1_5"}} []
[2026-05-19T04:36:27.304786+00:00] main.DEBUG: cache_invalidate:  {"method":"GET","url":"http:/","invalidateInfo":{"identifier":"DB_PDO_MYSQL_DDL_catalog_category_product_index_store1_outdated_1"}} []
[2026-05-19T04:36:27.304859+00:00] main.DEBUG: cache_invalidate:  {"method":"GET","url":"http:/","invalidateInfo":{"identifier":"DB_PDO_MYSQL_DDL_catalog_category_product_index_store1_outdated_1"}} []
[2026-05-19T04:36:27.307525+00:00] main.DEBUG: cache_invalidate:  {"method":"GET","url":"http:/","invalidateInfo":{"identifier":"DB_PDO_MYSQL_DDL_catalog_category_product_index_store1_outdated_2"}} []
[2026-05-19T04:36:27.307600+00:00] main.DEBUG: cache_invalidate:  {"method":"GET","url":"http:/","invalidateInfo":{"identifier":"DB_PDO_MYSQL_DDL_catalog_category_product_index_store1_outdated_2"}} []
[2026-05-19T04:36:27.310365+00:00] main.DEBUG: cache_invalidate:  {"method":"GET","url":"http:/","invalidateInfo":{"identifier":"DB_PDO_MYSQL_DDL_catalog_category_product_index_store1_outdated_3"}} []
[2026-05-19T04:36:27.310444+00:00] main.DEBUG: cache_invalidate:  {"method":"GET","url":"http:/","invalidateInfo":{"identifier":"DB_PDO_MYSQL_DDL_catalog_category_product_index_store1_outdated_3"}} []
[2026-05-19T04:36:27.314818+00:00] main.DEBUG: cache_invalidate:  {"method":"GET","url":"http:/","invalidateInfo":{"identifier":"DB_PDO_MYSQL_DDL_catalog_category_product_index_store1_outdated_4"}} []
[2026-05-19T04:36:27.314976+00:00] main.DEBUG: cache_invalidate:  {"method":"GET","url":"http:/","invalidateInfo":{"identifier":"DB_PDO_MYSQL_DDL_catalog_category_product_index_store1_outdated_4"}} []
[2026-05-19T04:36:27.319000+00:00] main.DEBUG: cache_invalidate:  {"method":"GET","url":"http:/","invalidateInfo":{"identifier":"DB_PDO_MYSQL_DDL_catalog_category_product_index_store1_outdated_5"}} []
[2026-05-19T04:36:27.319162+00:00] main.DEBUG: cache_invalidate:  {"method":"GET","url":"http:/","invalidateInfo":{"identifier":"DB_PDO_MYSQL_DDL_catalog_category_product_index_store1_outdated_5"}} []
[2026-05-19T04:36:27.324311+00:00] main.DEBUG: cache_invalidate:  {"method":"GET","url":"http:/","invalidateInfo":{"identifier":"DB_PDO_MYSQL_DDL_catalog_category_product_index_store1_replica_1"}} []
[2026-05-19T04:36:27.324409+00:00] main.DEBUG: cache_invalidate:  {"method":"GET","url":"http:/","invalidateInfo":{"identifier":"DB_PDO_MYSQL_DDL_catalog_category_product_index_store1_replica_1"}} []
[2026-05-19T04:36:27.328067+00:00] main.DEBUG: cache_invalidate:  {"method":"GET","url":"http:/","invalidateInfo":{"identifier":"DB_PDO_MYSQL_DDL_catalog_category_product_index_store1_replica_2"}} []
[2026-05-19T04:36:27.328168+00:00] main.DEBUG: cache_invalidate:  {"method":"GET","url":"http:/","invalidateInfo":{"identifier":"DB_PDO_MYSQL_DDL_catalog_category_product_index_store1_replica_2"}} []
[2026-05-19T04:36:27.330860+00:00] main.DEBUG: cache_invalidate:  {"method":"GET","url":"http:/","invalidateInfo":{"identifier":"DB_PDO_MYSQL_DDL_catalog_category_product_index_store1_replica_3"}} []
[2026-05-19T04:36:27.330936+00:00] main.DEBUG: cache_invalidate:  {"method":"GET","url":"http:/","invalidateInfo":{"identifier":"DB_PDO_MYSQL_DDL_catalog_category_product_index_store1_replica_3"}} []
[2026-05-19T04:36:27.333692+00:00] main.DEBUG: cache_invalidate:  {"method":"GET","url":"http:/","invalidateInfo":{"identifier":"DB_PDO_MYSQL_DDL_catalog_category_product_index_store1_replica_4"}} []
[2026-05-19T04:36:27.333804+00:00] main.DEBUG: cache_invalidate:  {"method":"GET","url":"http:/","invalidateInfo":{"identifier":"DB_PDO_MYSQL_DDL_catalog_category_product_index_store1_replica_4"}} []
[2026-05-19T04:36:27.338895+00:00] main.DEBUG: cache_invalidate:  {"method":"GET","url":"http:/","invalidateInfo":{"identifier":"DB_PDO_MYSQL_DDL_catalog_category_product_index_store1_replica_5"}} []
[2026-05-19T04:36:27.339034+00:00] main.DEBUG: cache_invalidate:  {"method":"GET","url":"http:/","invalidateInfo":{"identifier":"DB_PDO_MYSQL_DDL_catalog_category_product_index_store1_replica_5"}} []
[2026-05-19T04:36:27.342945+00:00] main.DEBUG: cache_invalidate:  {"method":"GET","url":"http:/","invalidateInfo":{"tags":["cat_c","FPC","MAGE"],"mode":"matchingTag"}} []
[2026-05-19T04:36:27.343076+00:00] main.DEBUG: cache_invalidate:  {"method":"GET","url":"http:/","invalidateInfo":{"tags":["cat_c","FPC"],"mode":"matchingTag"}} []
[2026-05-19T04:36:27.343660+00:00] main.DEBUG: cache_invalidate:  {"method":"GET","url":"http:/","invalidateInfo":{"tags":["cat_c","MAGE"],"mode":"matchingTag"}} []
[2026-05-19T04:36:27.343730+00:00] main.DEBUG: cache_invalidate:  {"method":"GET","url":"http:/","invalidateInfo":{"tags":["cat_c"],"mode":"matchingAnyTag"}} []
[2026-05-19T04:36:27.613668+00:00] main.DEBUG: cache_invalidate:  {"method":"GET","url":"http:/","invalidateInfo":{"identifier":"DB_PDO_MYSQL_DDL_catalogrule_product_1"}} []
[2026-05-19T04:36:27.613811+00:00] main.DEBUG: cache_invalidate:  {"method":"GET","url":"http:/","invalidateInfo":{"identifier":"DB_PDO_MYSQL_DDL_catalogrule_product_1"}} []
[2026-05-19T04:36:27.616486+00:00] main.DEBUG: cache_invalidate:  {"method":"GET","url":"http:/","invalidateInfo":{"identifier":"DB_PDO_MYSQL_DDL_catalogrule_product_2"}} []
[2026-05-19T04:36:27.616570+00:00] main.DEBUG: cache_invalidate:  {"method":"GET","url":"http:/","invalidateInfo":{"identifier":"DB_PDO_MYSQL_DDL_catalogrule_product_2"}} []
[2026-05-19T04:36:27.619453+00:00] main.DEBUG: cache_invalidate:  {"method":"GET","url":"http:/","invalidateInfo":{"identifier":"DB_PDO_MYSQL_DDL_catalogrule_product_3"}} []
[2026-05-19T04:36:27.619566+00:00] main.DEBUG: cache_invalidate:  {"method":"GET","url":"http:/","invalidateInfo":{"identifier":"DB_PDO_MYSQL_DDL_catalogrule_product_3"}} []
[2026-05-19T04:36:27.623172+00:00] main.DEBUG: cache_invalidate:  {"method":"GET","url":"http:/","invalidateInfo":{"identifier":"DB_PDO_MYSQL_DDL_catalogrule_product_4"}} []
[2026-05-19T04:36:27.623304+00:00] main.DEBUG: cache_invalidate:  {"method":"GET","url":"http:/","invalidateInfo":{"identifier":"DB_PDO_MYSQL_DDL_catalogrule_product_4"}} []
[2026-05-19T04:36:27.627086+00:00] main.DEBUG: cache_invalidate:  {"method":"GET","url":"http:/","invalidateInfo":{"identifier":"DB_PDO_MYSQL_DDL_catalogrule_product_5"}} []
[2026-05-19T04:36:27.627211+00:00] main.DEBUG: cache_invalidate:  {"method":"GET","url":"http:/","invalidateInfo":{"identifier":"DB_PDO_MYSQL_DDL_catalogrule_product_5"}} []
[2026-05-19T04:36:27.630874+00:00] main.DEBUG: cache_invalidate:  {"method":"GET","url":"http:/","invalidateInfo":{"identifier":"DB_PDO_MYSQL_DDL_catalogrule_product830560a5_1"}} []
[2026-05-19T04:36:27.631038+00:00] main.DEBUG: cache_invalidate:  {"method":"GET","url":"http:/","invalidateInfo":{"identifier":"DB_PDO_MYSQL_DDL_catalogrule_product830560a5_1"}} []
[2026-05-19T04:36:27.635091+00:00] main.DEBUG: cache_invalidate:  {"method":"GET","url":"http:/","invalidateInfo":{"identifier":"DB_PDO_MYSQL_DDL_catalogrule_product830560a5_2"}} []
[2026-05-19T04:36:27.635219+00:00] main.DEBUG: cache_invalidate:  {"method":"GET","url":"http:/","invalidateInfo":{"identifier":"DB_PDO_MYSQL_DDL_catalogrule_product830560a5_2"}} []
[2026-05-19T04:36:27.641055+00:00] main.DEBUG: cache_invalidate:  {"method":"GET","url":"http:/","invalidateInfo":{"identifier":"DB_PDO_MYSQL_DDL_catalogrule_product830560a5_3"}} []
[2026-05-19T04:36:27.641165+00:00] main.DEBUG: cache_invalidate:  {"method":"GET","url":"http:/","invalidateInfo":{"identifier":"DB_PDO_MYSQL_DDL_catalogrule_product830560a5_3"}} []
[2026-05-19T04:36:27.646832+00:00] main.DEBUG: cache_invalidate:  {"method":"GET","url":"http:/","invalidateInfo":{"identifier":"DB_PDO_MYSQL_DDL_catalogrule_product830560a5_4"}} []
[2026-05-19T04:36:27.646934+00:00] main.DEBUG: cache_invalidate:  {"method":"GET","url":"http:/","invalidateInfo":{"identifier":"DB_PDO_MYSQL_DDL_catalogrule_product830560a5_4"}} []
[2026-05-19T04:36:27.649765+00:00] main.DEBUG: cache_invalidate:  {"method":"GET","url":"http:/","invalidateInfo":{"identifier":"DB_PDO_MYSQL_DDL_catalogrule_product830560a5_5"}} []
[2026-05-19T04:36:27.649859+00:00] main.DEBUG: cache_invalidate:  {"method":"GET","url":"http:/","invalidateInfo":{"identifier":"DB_PDO_MYSQL_DDL_catalogrule_product830560a5_5"}} []
[2026-05-19T04:36:27.653264+00:00] main.DEBUG: cache_invalidate:  {"method":"GET","url":"http:/","invalidateInfo":{"identifier":"DB_PDO_MYSQL_DDL_catalogrule_product__temp09999df2_1"}} []
[2026-05-19T04:36:27.653371+00:00] main.DEBUG: cache_invalidate:  {"method":"GET","url":"http:/","invalidateInfo":{"identifier":"DB_PDO_MYSQL_DDL_catalogrule_product__temp09999df2_1"}} []
[2026-05-19T04:36:27.657444+00:00] main.DEBUG: cache_invalidate:  {"method":"GET","url":"http:/","invalidateInfo":{"identifier":"DB_PDO_MYSQL_DDL_catalogrule_product__temp09999df2_2"}} []
[2026-05-19T04:36:27.657573+00:00] main.DEBUG: cache_invalidate:  {"method":"GET","url":"http:/","invalidateInfo":{"identifier":"DB_PDO_MYSQL_DDL_catalogrule_product__temp09999df2_2"}} []
[2026-05-19T04:36:27.662526+00:00] main.DEBUG: cache_invalidate:  {"method":"GET","url":"http:/","invalidateInfo":{"identifier":"DB_PDO_MYSQL_DDL_catalogrule_product__temp09999df2_3"}} []
[2026-05-19T04:36:27.662659+00:00] main.DEBUG: cache_invalidate:  {"method":"GET","url":"http:/","invalidateInfo":{"identifier":"DB_PDO_MYSQL_DDL_catalogrule_product__temp09999df2_3"}} []
[2026-05-19T04:36:27.667420+00:00] main.DEBUG: cache_invalidate:  {"method":"GET","url":"http:/","invalidateInfo":{"identifier":"DB_PDO_MYSQL_DDL_catalogrule_product__temp09999df2_4"}} []
[2026-05-19T04:36:27.667636+00:00] main.DEBUG: cache_invalidate:  {"method":"GET","url":"http:/","invalidateInfo":{"identifier":"DB_PDO_MYSQL_DDL_catalogrule_product__temp09999df2_4"}} []
[2026-05-19T04:36:27.671627+00:00] main.DEBUG: cache_invalidate:  {"method":"GET","url":"http:/","invalidateInfo":{"identifier":"DB_PDO_MYSQL_DDL_catalogrule_product__temp09999df2_5"}} []
[2026-05-19T04:36:27.671770+00:00] main.DEBUG: cache_invalidate:  {"method":"GET","url":"http:/","invalidateInfo":{"identifier":"DB_PDO_MYSQL_DDL_catalogrule_product__temp09999df2_5"}} []
[2026-05-19T04:36:27.675797+00:00] main.DEBUG: cache_invalidate:  {"method":"GET","url":"http:/","invalidateInfo":{"identifier":"DB_PDO_MYSQL_DDL_catalogrule_product_price_1"}} []
[2026-05-19T04:36:27.675957+00:00] main.DEBUG: cache_invalidate:  {"method":"GET","url":"http:/","invalidateInfo":{"identifier":"DB_PDO_MYSQL_DDL_catalogrule_product_price_1"}} []
[2026-05-19T04:36:27.683563+00:00] main.DEBUG: cache_invalidate:  {"method":"GET","url":"http:/","invalidateInfo":{"identifier":"DB_PDO_MYSQL_DDL_catalogrule_product_price_2"}} []
[2026-05-19T04:36:27.683741+00:00] main.DEBUG: cache_invalidate:  {"method":"GET","url":"http:/","invalidateInfo":{"identifier":"DB_PDO_MYSQL_DDL_catalogrule_product_price_2"}} []
[2026-05-19T04:36:27.689600+00:00] main.DEBUG: cache_invalidate:  {"method":"GET","url":"http:/","invalidateInfo":{"identifier":"DB_PDO_MYSQL_DDL_catalogrule_product_price_3"}} []
[2026-05-19T04:36:27.689738+00:00] main.DEBUG: cache_invalidate:  {"method":"GET","url":"http:/","invalidateInfo":{"identifier":"DB_PDO_MYSQL_DDL_catalogrule_product_price_3"}} []
[2026-05-19T04:36:27.693840+00:00] main.DEBUG: cache_invalidate:  {"method":"GET","url":"http:/","invalidateInfo":{"identifier":"DB_PDO_MYSQL_DDL_catalogrule_product_price_4"}} []
[2026-05-19T04:36:27.693951+00:00] main.DEBUG: cache_invalidate:  {"method":"GET","url":"http:/","invalidateInfo":{"identifier":"DB_PDO_MYSQL_DDL_catalogrule_product_price_4"}} []
[2026-05-19T04:36:27.700504+00:00] main.DEBUG: cache_invalidate:  {"method":"GET","url":"http:/","invalidateInfo":{"identifier":"DB_PDO_MYSQL_DDL_catalogrule_product_price_5"}} []
[2026-05-19T04:36:27.700697+00:00] main.DEBUG: cache_invalidate:  {"method":"GET","url":"http:/","invalidateInfo":{"identifier":"DB_PDO_MYSQL_DDL_catalogrule_product_price_5"}} []
[2026-05-19T04:36:27.705455+00:00] main.DEBUG: cache_invalidate:  {"method":"GET","url":"http:/","invalidateInfo":{"identifier":"DB_PDO_MYSQL_DDL_catalogrule_product_price1226cf77_1"}} []
[2026-05-19T04:36:27.705802+00:00] main.DEBUG: cache_invalidate:  {"method":"GET","url":"http:/","invalidateInfo":{"identifier":"DB_PDO_MYSQL_DDL_catalogrule_product_price1226cf77_1"}} []
[2026-05-19T04:36:27.711069+00:00] main.DEBUG: cache_invalidate:  {"method":"GET","url":"http:/","invalidateInfo":{"identifier":"DB_PDO_MYSQL_DDL_catalogrule_product_price1226cf77_2"}} []
[2026-05-19T04:36:27.711296+00:00] main.DEBUG: cache_invalidate:  {"method":"GET","url":"http:/","invalidateInfo":{"identifier":"DB_PDO_MYSQL_DDL_catalogrule_product_price1226cf77_2"}} []
[2026-05-19T04:36:27.716197+00:00] main.DEBUG: cache_invalidate:  {"method":"GET","url":"http:/","invalidateInfo":{"identifier":"DB_PDO_MYSQL_DDL_catalogrule_product_price1226cf77_3"}} []
[2026-05-19T04:36:27.716397+00:00] main.DEBUG: cache_invalidate:  {"method":"GET","url":"http:/","invalidateInfo":{"identifier":"DB_PDO_MYSQL_DDL_catalogrule_product_price1226cf77_3"}} []
[2026-05-19T04:36:27.721167+00:00] main.DEBUG: cache_invalidate:  {"method":"GET","url":"http:/","invalidateInfo":{"identifier":"DB_PDO_MYSQL_DDL_catalogrule_product_price1226cf77_4"}} []
[2026-05-19T04:36:27.721308+00:00] main.DEBUG: cache_invalidate:  {"method":"GET","url":"http:/","invalidateInfo":{"identifier":"DB_PDO_MYSQL_DDL_catalogrule_product_price1226cf77_4"}} []
[2026-05-19T04:36:27.725868+00:00] main.DEBUG: cache_invalidate:  {"method":"GET","url":"http:/","invalidateInfo":{"identifier":"DB_PDO_MYSQL_DDL_catalogrule_product_price1226cf77_5"}} []
[2026-05-19T04:36:27.726011+00:00] main.DEBUG: cache_invalidate:  {"method":"GET","url":"http:/","invalidateInfo":{"identifier":"DB_PDO_MYSQL_DDL_catalogrule_product_price1226cf77_5"}} []
[2026-05-19T04:36:27.732599+00:00] main.DEBUG: cache_invalidate:  {"method":"GET","url":"http:/","invalidateInfo":{"identifier":"DB_PDO_MYSQL_DDL_catalogrule_product_price__tempc51767c0_1"}} []
[2026-05-19T04:36:27.732764+00:00] main.DEBUG: cache_invalidate:  {"method":"GET","url":"http:/","invalidateInfo":{"identifier":"DB_PDO_MYSQL_DDL_catalogrule_product_price__tempc51767c0_1"}} []
[2026-05-19T04:36:27.739382+00:00] main.DEBUG: cache_invalidate:  {"method":"GET","url":"http:/","invalidateInfo":{"identifier":"DB_PDO_MYSQL_DDL_catalogrule_product_price__tempc51767c0_2"}} []
[2026-05-19T04:36:27.739515+00:00] main.DEBUG: cache_invalidate:  {"method":"GET","url":"http:/","invalidateInfo":{"identifier":"DB_PDO_MYSQL_DDL_catalogrule_product_price__tempc51767c0_2"}} []
[2026-05-19T04:36:27.744352+00:00] main.DEBUG: cache_invalidate:  {"method":"GET","url":"http:/","invalidateInfo":{"identifier":"DB_PDO_MYSQL_DDL_catalogrule_product_price__tempc51767c0_3"}} []
[2026-05-19T04:36:27.744482+00:00] main.DEBUG: cache_invalidate:  {"method":"GET","url":"http:/","invalidateInfo":{"identifier":"DB_PDO_MYSQL_DDL_catalogrule_product_price__tempc51767c0_3"}} []
[2026-05-19T04:36:27.749671+00:00] main.DEBUG: cache_invalidate:  {"method":"GET","url":"http:/","invalidateInfo":{"identifier":"DB_PDO_MYSQL_DDL_catalogrule_product_price__tempc51767c0_4"}} []
[2026-05-19T04:36:27.749802+00:00] main.DEBUG: cache_invalidate:  {"method":"GET","url":"http:/","invalidateInfo":{"identifier":"DB_PDO_MYSQL_DDL_catalogrule_product_price__tempc51767c0_4"}} []
[2026-05-19T04:36:27.754952+00:00] main.DEBUG: cache_invalidate:  {"method":"GET","url":"http:/","invalidateInfo":{"identifier":"DB_PDO_MYSQL_DDL_catalogrule_product_price__tempc51767c0_5"}} []
[2026-05-19T04:36:27.755141+00:00] main.DEBUG: cache_invalidate:  {"method":"GET","url":"http:/","invalidateInfo":{"identifier":"DB_PDO_MYSQL_DDL_catalogrule_product_price__tempc51767c0_5"}} []
[2026-05-19T04:36:27.760814+00:00] main.DEBUG: cache_invalidate:  {"method":"GET","url":"http:/","invalidateInfo":{"identifier":"DB_PDO_MYSQL_DDL_catalogrule_group_website_1"}} []
[2026-05-19T04:36:27.761051+00:00] main.DEBUG: cache_invalidate:  {"method":"GET","url":"http:/","invalidateInfo":{"identifier":"DB_PDO_MYSQL_DDL_catalogrule_group_website_1"}} []
[2026-05-19T04:36:27.766235+00:00] main.DEBUG: cache_invalidate:  {"method":"GET","url":"http:/","invalidateInfo":{"identifier":"DB_PDO_MYSQL_DDL_catalogrule_group_website_2"}} []
[2026-05-19T04:36:27.766474+00:00] main.DEBUG: cache_invalidate:  {"method":"GET","url":"http:/","invalidateInfo":{"identifier":"DB_PDO_MYSQL_DDL_catalogrule_group_website_2"}} []
[2026-05-19T04:36:27.772676+00:00] main.DEBUG: cache_invalidate:  {"method":"GET","url":"http:/","invalidateInfo":{"identifier":"DB_PDO_MYSQL_DDL_catalogrule_group_website_3"}} []
[2026-05-19T04:36:27.772823+00:00] main.DEBUG: cache_invalidate:  {"method":"GET","url":"http:/","invalidateInfo":{"identifier":"DB_PDO_MYSQL_DDL_catalogrule_group_website_3"}} []
[2026-05-19T04:36:27.778966+00:00] main.DEBUG: cache_invalidate:  {"method":"GET","url":"http:/","invalidateInfo":{"identifier":"DB_PDO_MYSQL_DDL_catalogrule_group_website_4"}} []
[2026-05-19T04:36:27.779110+00:00] main.DEBUG: cache_invalidate:  {"method":"GET","url":"http:/","invalidateInfo":{"identifier":"DB_PDO_MYSQL_DDL_catalogrule_group_website_4"}} []
[2026-05-19T04:36:27.783579+00:00] main.DEBUG: cache_invalidate:  {"method":"GET","url":"http:/","invalidateInfo":{"identifier":"DB_PDO_MYSQL_DDL_catalogrule_group_website_5"}} []
[2026-05-19T04:36:27.783785+00:00] main.DEBUG: cache_invalidate:  {"method":"GET","url":"http:/","invalidateInfo":{"identifier":"DB_PDO_MYSQL_DDL_catalogrule_group_website_5"}} []
[2026-05-19T04:36:27.789462+00:00] main.DEBUG: cache_invalidate:  {"method":"GET","url":"http:/","invalidateInfo":{"identifier":"DB_PDO_MYSQL_DDL_catalogrule_group_website11f0eae0_1"}} []
[2026-05-19T04:36:27.789602+00:00] main.DEBUG: cache_invalidate:  {"method":"GET","url":"http:/","invalidateInfo":{"identifier":"DB_PDO_MYSQL_DDL_catalogrule_group_website11f0eae0_1"}} []
[2026-05-19T04:36:27.795255+00:00] main.DEBUG: cache_invalidate:  {"method":"GET","url":"http:/","invalidateInfo":{"identifier":"DB_PDO_MYSQL_DDL_catalogrule_group_website11f0eae0_2"}} []
[2026-05-19T04:36:27.795427+00:00] main.DEBUG: cache_invalidate:  {"method":"GET","url":"http:/","invalidateInfo":{"identifier":"DB_PDO_MYSQL_DDL_catalogrule_group_website11f0eae0_2"}} []
[2026-05-19T04:36:27.800525+00:00] main.DEBUG: cache_invalidate:  {"method":"GET","url":"http:/","invalidateInfo":{"identifier":"DB_PDO_MYSQL_DDL_catalogrule_group_website11f0eae0_3"}} []
[2026-05-19T04:36:27.800736+00:00] main.DEBUG: cache_invalidate:  {"method":"GET","url":"http:/","invalidateInfo":{"identifier":"DB_PDO_MYSQL_DDL_catalogrule_group_website11f0eae0_3"}} []
[2026-05-19T04:36:27.806048+00:00] main.DEBUG: cache_invalidate:  {"method":"GET","url":"http:/","invalidateInfo":{"identifier":"DB_PDO_MYSQL_DDL_catalogrule_group_website11f0eae0_4"}} []
[2026-05-19T04:36:27.806261+00:00] main.DEBUG: cache_invalidate:  {"method":"GET","url":"http:/","invalidateInfo":{"identifier":"DB_PDO_MYSQL_DDL_catalogrule_group_website11f0eae0_4"}} []
[2026-05-19T04:36:27.811731+00:00] main.DEBUG: cache_invalidate:  {"method":"GET","url":"http:/","invalidateInfo":{"identifier":"DB_PDO_MYSQL_DDL_catalogrule_group_website11f0eae0_5"}} []
[2026-05-19T04:36:27.811876+00:00] main.DEBUG: cache_invalidate:  {"method":"GET","url":"http:/","invalidateInfo":{"identifier":"DB_PDO_MYSQL_DDL_catalogrule_group_website11f0eae0_5"}} []
[2026-05-19T04:36:27.818494+00:00] main.DEBUG: cache_invalidate:  {"method":"GET","url":"http:/","invalidateInfo":{"identifier":"DB_PDO_MYSQL_DDL_catalogrule_group_website__temp64927530_1"}} []
[2026-05-19T04:36:27.818667+00:00] main.DEBUG: cache_invalidate:  {"method":"GET","url":"http:/","invalidateInfo":{"identifier":"DB_PDO_MYSQL_DDL_catalogrule_group_website__temp64927530_1"}} []
[2026-05-19T04:36:27.823175+00:00] main.DEBUG: cache_invalidate:  {"method":"GET","url":"http:/","invalidateInfo":{"identifier":"DB_PDO_MYSQL_DDL_catalogrule_group_website__temp64927530_2"}} []
[2026-05-19T04:36:27.823292+00:00] main.DEBUG: cache_invalidate:  {"method":"GET","url":"http:/","invalidateInfo":{"identifier":"DB_PDO_MYSQL_DDL_catalogrule_group_website__temp64927530_2"}} []
[2026-05-19T04:36:27.827734+00:00] main.DEBUG: cache_invalidate:  {"method":"GET","url":"http:/","invalidateInfo":{"identifier":"DB_PDO_MYSQL_DDL_catalogrule_group_website__temp64927530_3"}} []
[2026-05-19T04:36:27.827893+00:00] main.DEBUG: cache_invalidate:  {"method":"GET","url":"http:/","invalidateInfo":{"identifier":"DB_PDO_MYSQL_DDL_catalogrule_group_website__temp64927530_3"}} []
[2026-05-19T04:36:27.832880+00:00] main.DEBUG: cache_invalidate:  {"method":"GET","url":"http:/","invalidateInfo":{"identifier":"DB_PDO_MYSQL_DDL_catalogrule_group_website__temp64927530_4"}} []
[2026-05-19T04:36:27.833029+00:00] main.DEBUG: cache_invalidate:  {"method":"GET","url":"http:/","invalidateInfo":{"identifier":"DB_PDO_MYSQL_DDL_catalogrule_group_website__temp64927530_4"}} []
[2026-05-19T04:36:27.836563+00:00] main.DEBUG: cache_invalidate:  {"method":"GET","url":"http:/","invalidateInfo":{"identifier":"DB_PDO_MYSQL_DDL_catalogrule_group_website__temp64927530_5"}} []
[2026-05-19T04:36:27.836803+00:00] main.DEBUG: cache_invalidate:  {"method":"GET","url":"http:/","invalidateInfo":{"identifier":"DB_PDO_MYSQL_DDL_catalogrule_group_website__temp64927530_5"}} []
[2026-05-19T04:36:27.851268+00:00] main.DEBUG: cache_invalidate:  {"method":"GET","url":"http:/","invalidateInfo":{"identifier":"DB_PDO_MYSQL_DDL_catalogrule_product830560a5_1"}} []
[2026-05-19T04:36:27.852604+00:00] main.DEBUG: cache_invalidate:  {"method":"GET","url":"http:/","invalidateInfo":{"identifier":"DB_PDO_MYSQL_DDL_catalogrule_product830560a5_1"}} []
[2026-05-19T04:36:27.856785+00:00] main.DEBUG: cache_invalidate:  {"method":"GET","url":"http:/","invalidateInfo":{"identifier":"DB_PDO_MYSQL_DDL_catalogrule_product830560a5_2"}} []
[2026-05-19T04:36:27.856959+00:00] main.DEBUG: cache_invalidate:  {"method":"GET","url":"http:/","invalidateInfo":{"identifier":"DB_PDO_MYSQL_DDL_catalogrule_product830560a5_2"}} []
[2026-05-19T04:36:27.862068+00:00] main.DEBUG: cache_invalidate:  {"method":"GET","url":"http:/","invalidateInfo":{"identifier":"DB_PDO_MYSQL_DDL_catalogrule_product830560a5_3"}} []
[2026-05-19T04:36:27.862200+00:00] main.DEBUG: cache_invalidate:  {"method":"GET","url":"http:/","invalidateInfo":{"identifier":"DB_PDO_MYSQL_DDL_catalogrule_product830560a5_3"}} []
[2026-05-19T04:36:27.866721+00:00] main.DEBUG: cache_invalidate:  {"method":"GET","url":"http:/","invalidateInfo":{"identifier":"DB_PDO_MYSQL_DDL_catalogrule_product830560a5_4"}} []
[2026-05-19T04:36:27.866931+00:00] main.DEBUG: cache_invalidate:  {"method":"GET","url":"http:/","invalidateInfo":{"identifier":"DB_PDO_MYSQL_DDL_catalogrule_product830560a5_4"}} []
[2026-05-19T04:36:27.872234+00:00] main.DEBUG: cache_invalidate:  {"method":"GET","url":"http:/","invalidateInfo":{"identifier":"DB_PDO_MYSQL_DDL_catalogrule_product830560a5_5"}} []
[2026-05-19T04:36:27.872380+00:00] main.DEBUG: cache_invalidate:  {"method":"GET","url":"http:/","invalidateInfo":{"identifier":"DB_PDO_MYSQL_DDL_catalogrule_product830560a5_5"}} []
[2026-05-19T04:36:27.887403+00:00] main.DEBUG: cache_invalidate:  {"method":"GET","url":"http:/","invalidateInfo":{"identifier":"DB_PDO_MYSQL_DDL_catalogrule_product_price1226cf77_1"}} []
[2026-05-19T04:36:27.887568+00:00] main.DEBUG: cache_invalidate:  {"method":"GET","url":"http:/","invalidateInfo":{"identifier":"DB_PDO_MYSQL_DDL_catalogrule_product_price1226cf77_1"}} []
[2026-05-19T04:36:27.891804+00:00] main.DEBUG: cache_invalidate:  {"method":"GET","url":"http:/","invalidateInfo":{"identifier":"DB_PDO_MYSQL_DDL_catalogrule_product_price1226cf77_2"}} []
[2026-05-19T04:36:27.891939+00:00] main.DEBUG: cache_invalidate:  {"method":"GET","url":"http:/","invalidateInfo":{"identifier":"DB_PDO_MYSQL_DDL_catalogrule_product_price1226cf77_2"}} []
[2026-05-19T04:36:27.897332+00:00] main.DEBUG: cache_invalidate:  {"method":"GET","url":"http:/","invalidateInfo":{"identifier":"DB_PDO_MYSQL_DDL_catalogrule_product_price1226cf77_3"}} []
[2026-05-19T04:36:27.897574+00:00] main.DEBUG: cache_invalidate:  {"method":"GET","url":"http:/","invalidateInfo":{"identifier":"DB_PDO_MYSQL_DDL_catalogrule_product_price1226cf77_3"}} []
[2026-05-19T04:36:27.902288+00:00] main.DEBUG: cache_invalidate:  {"method":"GET","url":"http:/","invalidateInfo":{"identifier":"DB_PDO_MYSQL_DDL_catalogrule_product_price1226cf77_4"}} []
[2026-05-19T04:36:27.902463+00:00] main.DEBUG: cache_invalidate:  {"method":"GET","url":"http:/","invalidateInfo":{"identifier":"DB_PDO_MYSQL_DDL_catalogrule_product_price1226cf77_4"}} []
[2026-05-19T04:36:27.908498+00:00] main.DEBUG: cache_invalidate:  {"method":"GET","url":"http:/","invalidateInfo":{"identifier":"DB_PDO_MYSQL_DDL_catalogrule_product_price1226cf77_5"}} []
[2026-05-19T04:36:27.908656+00:00] main.DEBUG: cache_invalidate:  {"method":"GET","url":"http:/","invalidateInfo":{"identifier":"DB_PDO_MYSQL_DDL_catalogrule_product_price1226cf77_5"}} []
[2026-05-19T04:36:27.927889+00:00] main.DEBUG: cache_invalidate:  {"method":"GET","url":"http:/","invalidateInfo":{"identifier":"DB_PDO_MYSQL_DDL_catalogrule_group_website11f0eae0_1"}} []
[2026-05-19T04:36:27.928116+00:00] main.DEBUG: cache_invalidate:  {"method":"GET","url":"http:/","invalidateInfo":{"identifier":"DB_PDO_MYSQL_DDL_catalogrule_group_website11f0eae0_1"}} []
[2026-05-19T04:36:27.933822+00:00] main.DEBUG: cache_invalidate:  {"method":"GET","url":"http:/","invalidateInfo":{"identifier":"DB_PDO_MYSQL_DDL_catalogrule_group_website11f0eae0_2"}} []
[2026-05-19T04:36:27.934001+00:00] main.DEBUG: cache_invalidate:  {"method":"GET","url":"http:/","invalidateInfo":{"identifier":"DB_PDO_MYSQL_DDL_catalogrule_group_website11f0eae0_2"}} []
[2026-05-19T04:36:27.939109+00:00] main.DEBUG: cache_invalidate:  {"method":"GET","url":"http:/","invalidateInfo":{"identifier":"DB_PDO_MYSQL_DDL_catalogrule_group_website11f0eae0_3"}} []
[2026-05-19T04:36:27.939271+00:00] main.DEBUG: cache_invalidate:  {"method":"GET","url":"http:/","invalidateInfo":{"identifier":"DB_PDO_MYSQL_DDL_catalogrule_group_website11f0eae0_3"}} []
[2026-05-19T04:36:27.944517+00:00] main.DEBUG: cache_invalidate:  {"method":"GET","url":"http:/","invalidateInfo":{"identifier":"DB_PDO_MYSQL_DDL_catalogrule_group_website11f0eae0_4"}} []
[2026-05-19T04:36:27.944721+00:00] main.DEBUG: cache_invalidate:  {"method":"GET","url":"http:/","invalidateInfo":{"identifier":"DB_PDO_MYSQL_DDL_catalogrule_group_website11f0eae0_4"}} []
[2026-05-19T04:36:27.950316+00:00] main.DEBUG: cache_invalidate:  {"method":"GET","url":"http:/","invalidateInfo":{"identifier":"DB_PDO_MYSQL_DDL_catalogrule_group_website11f0eae0_5"}} []
[2026-05-19T04:36:27.950477+00:00] main.DEBUG: cache_invalidate:  {"method":"GET","url":"http:/","invalidateInfo":{"identifier":"DB_PDO_MYSQL_DDL_catalogrule_group_website11f0eae0_5"}} []
[2026-05-19T04:36:27.968396+00:00] main.DEBUG: cache_invalidate:  {"method":"GET","url":"http:/","invalidateInfo":{"tags":["cat_c","FPC","MAGE"],"mode":"matchingTag"}} []
[2026-05-19T04:36:27.968606+00:00] main.DEBUG: cache_invalidate:  {"method":"GET","url":"http:/","invalidateInfo":{"tags":["cat_c","FPC"],"mode":"matchingTag"}} []
[2026-05-19T04:36:27.968813+00:00] main.DEBUG: cache_invalidate:  {"method":"GET","url":"http:/","invalidateInfo":{"tags":["cat_p","FPC","MAGE"],"mode":"matchingTag"}} []
[2026-05-19T04:36:27.968922+00:00] main.DEBUG: cache_invalidate:  {"method":"GET","url":"http:/","invalidateInfo":{"tags":["cat_p","FPC"],"mode":"matchingTag"}} []
[2026-05-19T04:36:27.969291+00:00] main.DEBUG: cache_invalidate:  {"method":"GET","url":"http:/","invalidateInfo":{"tags":["BLOCK_HTML","FPC","MAGE"],"mode":"matchingTag"}} []
[2026-05-19T04:36:27.969407+00:00] main.DEBUG: cache_invalidate:  {"method":"GET","url":"http:/","invalidateInfo":{"tags":["BLOCK_HTML","FPC"],"mode":"matchingTag"}} []
[2026-05-19T04:36:27.970139+00:00] main.DEBUG: cache_invalidate:  {"method":"GET","url":"http:/","invalidateInfo":{"tags":["cat_c","MAGE"],"mode":"matchingTag"}} []
[2026-05-19T04:36:27.970335+00:00] main.DEBUG: cache_invalidate:  {"method":"GET","url":"http:/","invalidateInfo":{"tags":["cat_p","MAGE"],"mode":"matchingTag"}} []
[2026-05-19T04:36:27.971942+00:00] main.DEBUG: cache_invalidate:  {"method":"GET","url":"http:/","invalidateInfo":{"tags":["BLOCK_HTML","MAGE"],"mode":"matchingTag"}} []
[2026-05-19T04:36:27.972157+00:00] main.DEBUG: cache_invalidate:  {"method":"GET","url":"http:/","invalidateInfo":{"tags":["cat_c","cat_p","BLOCK_HTML"],"mode":"matchingAnyTag"}} []
[2026-05-19T04:36:28.141081+00:00] main.DEBUG: cache_invalidate:  {"method":"GET","url":"http:/","invalidateInfo":{"identifier":"DB_PDO_MYSQL_DDL_catalog_product_index_eav_1"}} []
[2026-05-19T04:36:28.141229+00:00] main.DEBUG: cache_invalidate:  {"method":"GET","url":"http:/","invalidateInfo":{"identifier":"DB_PDO_MYSQL_DDL_catalog_product_index_eav_1"}} []
[2026-05-19T04:36:28.144178+00:00] main.DEBUG: cache_invalidate:  {"method":"GET","url":"http:/","invalidateInfo":{"identifier":"DB_PDO_MYSQL_DDL_catalog_product_index_eav_2"}} []
[2026-05-19T04:36:28.144286+00:00] main.DEBUG: cache_invalidate:  {"method":"GET","url":"http:/","invalidateInfo":{"identifier":"DB_PDO_MYSQL_DDL_catalog_product_index_eav_2"}} []
[2026-05-19T04:36:28.147528+00:00] main.DEBUG: cache_invalidate:  {"method":"GET","url":"http:/","invalidateInfo":{"identifier":"DB_PDO_MYSQL_DDL_catalog_product_index_eav_3"}} []
[2026-05-19T04:36:28.147648+00:00] main.DEBUG: cache_invalidate:  {"method":"GET","url":"http:/","invalidateInfo":{"identifier":"DB_PDO_MYSQL_DDL_catalog_product_index_eav_3"}} []
[2026-05-19T04:36:28.150847+00:00] main.DEBUG: cache_invalidate:  {"method":"GET","url":"http:/","invalidateInfo":{"identifier":"DB_PDO_MYSQL_DDL_catalog_product_index_eav_4"}} []
[2026-05-19T04:36:28.151033+00:00] main.DEBUG: cache_invalidate:  {"method":"GET","url":"http:/","invalidateInfo":{"identifier":"DB_PDO_MYSQL_DDL_catalog_product_index_eav_4"}} []
[2026-05-19T04:36:28.154282+00:00] main.DEBUG: cache_invalidate:  {"method":"GET","url":"http:/","invalidateInfo":{"identifier":"DB_PDO_MYSQL_DDL_catalog_product_index_eav_5"}} []
[2026-05-19T04:36:28.154393+00:00] main.DEBUG: cache_invalidate:  {"method":"GET","url":"http:/","invalidateInfo":{"identifier":"DB_PDO_MYSQL_DDL_catalog_product_index_eav_5"}} []
[2026-05-19T04:36:28.157598+00:00] main.DEBUG: cache_invalidate:  {"method":"GET","url":"http:/","invalidateInfo":{"identifier":"DB_PDO_MYSQL_DDL_catalog_product_index_eav_outdated_1"}} []
[2026-05-19T04:36:28.157730+00:00] main.DEBUG: cache_invalidate:  {"method":"GET","url":"http:/","invalidateInfo":{"identifier":"DB_PDO_MYSQL_DDL_catalog_product_index_eav_outdated_1"}} []
[2026-05-19T04:36:28.163770+00:00] main.DEBUG: cache_invalidate:  {"method":"GET","url":"http:/","invalidateInfo":{"identifier":"DB_PDO_MYSQL_DDL_catalog_product_index_eav_outdated_2"}} []
[2026-05-19T04:36:28.163874+00:00] main.DEBUG: cache_invalidate:  {"method":"GET","url":"http:/","invalidateInfo":{"identifier":"DB_PDO_MYSQL_DDL_catalog_product_index_eav_outdated_2"}} []
[2026-05-19T04:36:28.167219+00:00] main.DEBUG: cache_invalidate:  {"method":"GET","url":"http:/","invalidateInfo":{"identifier":"DB_PDO_MYSQL_DDL_catalog_product_index_eav_outdated_3"}} []
[2026-05-19T04:36:28.167332+00:00] main.DEBUG: cache_invalidate:  {"method":"GET","url":"http:/","invalidateInfo":{"identifier":"DB_PDO_MYSQL_DDL_catalog_product_index_eav_outdated_3"}} []
[2026-05-19T04:36:28.171189+00:00] main.DEBUG: cache_invalidate:  {"method":"GET","url":"http:/","invalidateInfo":{"identifier":"DB_PDO_MYSQL_DDL_catalog_product_index_eav_outdated_4"}} []
[2026-05-19T04:36:28.171349+00:00] main.DEBUG: cache_invalidate:  {"method":"GET","url":"http:/","invalidateInfo":{"identifier":"DB_PDO_MYSQL_DDL_catalog_product_index_eav_outdated_4"}} []
[2026-05-19T04:36:28.175967+00:00] main.DEBUG: cache_invalidate:  {"method":"GET","url":"http:/","invalidateInfo":{"identifier":"DB_PDO_MYSQL_DDL_catalog_product_index_eav_outdated_5"}} []
[2026-05-19T04:36:28.176094+00:00] main.DEBUG: cache_invalidate:  {"method":"GET","url":"http:/","invalidateInfo":{"identifier":"DB_PDO_MYSQL_DDL_catalog_product_index_eav_outdated_5"}} []
[2026-05-19T04:36:28.180819+00:00] main.DEBUG: cache_invalidate:  {"method":"GET","url":"http:/","invalidateInfo":{"identifier":"DB_PDO_MYSQL_DDL_catalog_product_index_eav_replica_1"}} []
[2026-05-19T04:36:28.180923+00:00] main.DEBUG: cache_invalidate:  {"method":"GET","url":"http:/","invalidateInfo":{"identifier":"DB_PDO_MYSQL_DDL_catalog_product_index_eav_replica_1"}} []
[2026-05-19T04:36:28.184414+00:00] main.DEBUG: cache_invalidate:  {"method":"GET","url":"http:/","invalidateInfo":{"identifier":"DB_PDO_MYSQL_DDL_catalog_product_index_eav_replica_2"}} []
[2026-05-19T04:36:28.184531+00:00] main.DEBUG: cache_invalidate:  {"method":"GET","url":"http:/","invalidateInfo":{"identifier":"DB_PDO_MYSQL_DDL_catalog_product_index_eav_replica_2"}} []
[2026-05-19T04:36:28.187523+00:00] main.DEBUG: cache_invalidate:  {"method":"GET","url":"http:/","invalidateInfo":{"identifier":"DB_PDO_MYSQL_DDL_catalog_product_index_eav_replica_3"}} []
[2026-05-19T04:36:28.187675+00:00] main.DEBUG: cache_invalidate:  {"method":"GET","url":"http:/","invalidateInfo":{"identifier":"DB_PDO_MYSQL_DDL_catalog_product_index_eav_replica_3"}} []
[2026-05-19T04:36:28.191308+00:00] main.DEBUG: cache_invalidate:  {"method":"GET","url":"http:/","invalidateInfo":{"identifier":"DB_PDO_MYSQL_DDL_catalog_product_index_eav_replica_4"}} []
[2026-05-19T04:36:28.191438+00:00] main.DEBUG: cache_invalidate:  {"method":"GET","url":"http:/","invalidateInfo":{"identifier":"DB_PDO_MYSQL_DDL_catalog_product_index_eav_replica_4"}} []
[2026-05-19T04:36:28.196352+00:00] main.DEBUG: cache_invalidate:  {"method":"GET","url":"http:/","invalidateInfo":{"identifier":"DB_PDO_MYSQL_DDL_catalog_product_index_eav_replica_5"}} []
[2026-05-19T04:36:28.196485+00:00] main.DEBUG: cache_invalidate:  {"method":"GET","url":"http:/","invalidateInfo":{"identifier":"DB_PDO_MYSQL_DDL_catalog_product_index_eav_replica_5"}} []
[2026-05-19T04:36:28.268093+00:00] main.DEBUG: cache_invalidate:  {"method":"GET","url":"http:/","invalidateInfo":{"identifier":"DB_PDO_MYSQL_DDL_catalog_product_index_eav_decimal_1"}} []
[2026-05-19T04:36:28.268244+00:00] main.DEBUG: cache_invalidate:  {"method":"GET","url":"http:/","invalidateInfo":{"identifier":"DB_PDO_MYSQL_DDL_catalog_product_index_eav_decimal_1"}} []
[2026-05-19T04:36:28.271467+00:00] main.DEBUG: cache_invalidate:  {"method":"GET","url":"http:/","invalidateInfo":{"identifier":"DB_PDO_MYSQL_DDL_catalog_product_index_eav_decimal_2"}} []
[2026-05-19T04:36:28.271635+00:00] main.DEBUG: cache_invalidate:  {"method":"GET","url":"http:/","invalidateInfo":{"identifier":"DB_PDO_MYSQL_DDL_catalog_product_index_eav_decimal_2"}} []
[2026-05-19T04:36:28.275033+00:00] main.DEBUG: cache_invalidate:  {"method":"GET","url":"http:/","invalidateInfo":{"identifier":"DB_PDO_MYSQL_DDL_catalog_product_index_eav_decimal_3"}} []
[2026-05-19T04:36:28.275151+00:00] main.DEBUG: cache_invalidate:  {"method":"GET","url":"http:/","invalidateInfo":{"identifier":"DB_PDO_MYSQL_DDL_catalog_product_index_eav_decimal_3"}} []
[2026-05-19T04:36:28.278490+00:00] main.DEBUG: cache_invalidate:  {"method":"GET","url":"http:/","invalidateInfo":{"identifier":"DB_PDO_MYSQL_DDL_catalog_product_index_eav_decimal_4"}} []
[2026-05-19T04:36:28.278604+00:00] main.DEBUG: cache_invalidate:  {"method":"GET","url":"http:/","invalidateInfo":{"identifier":"DB_PDO_MYSQL_DDL_catalog_product_index_eav_decimal_4"}} []
[2026-05-19T04:36:28.281555+00:00] main.DEBUG: cache_invalidate:  {"method":"GET","url":"http:/","invalidateInfo":{"identifier":"DB_PDO_MYSQL_DDL_catalog_product_index_eav_decimal_5"}} []
[2026-05-19T04:36:28.281676+00:00] main.DEBUG: cache_invalidate:  {"method":"GET","url":"http:/","invalidateInfo":{"identifier":"DB_PDO_MYSQL_DDL_catalog_product_index_eav_decimal_5"}} []
[2026-05-19T04:36:28.284933+00:00] main.DEBUG: cache_invalidate:  {"method":"GET","url":"http:/","invalidateInfo":{"identifier":"DB_PDO_MYSQL_DDL_catalog_product_index_eav_decimal_outdated_1"}} []
[2026-05-19T04:36:28.285037+00:00] main.DEBUG: cache_invalidate:  {"method":"GET","url":"http:/","invalidateInfo":{"identifier":"DB_PDO_MYSQL_DDL_catalog_product_index_eav_decimal_outdated_1"}} []
[2026-05-19T04:36:28.288070+00:00] main.DEBUG: cache_invalidate:  {"method":"GET","url":"http:/","invalidateInfo":{"identifier":"DB_PDO_MYSQL_DDL_catalog_product_index_eav_decimal_outdated_2"}} []
[2026-05-19T04:36:28.288174+00:00] main.DEBUG: cache_invalidate:  {"method":"GET","url":"http:/","invalidateInfo":{"identifier":"DB_PDO_MYSQL_DDL_catalog_product_index_eav_decimal_outdated_2"}} []
[2026-05-19T04:36:28.292194+00:00] main.DEBUG: cache_invalidate:  {"method":"GET","url":"http:/","invalidateInfo":{"identifier":"DB_PDO_MYSQL_DDL_catalog_product_index_eav_decimal_outdated_3"}} []
[2026-05-19T04:36:28.292319+00:00] main.DEBUG: cache_invalidate:  {"method":"GET","url":"http:/","invalidateInfo":{"identifier":"DB_PDO_MYSQL_DDL_catalog_product_index_eav_decimal_outdated_3"}} []
[2026-05-19T04:36:28.296183+00:00] main.DEBUG: cache_invalidate:  {"method":"GET","url":"http:/","invalidateInfo":{"identifier":"DB_PDO_MYSQL_DDL_catalog_product_index_eav_decimal_outdated_4"}} []
[2026-05-19T04:36:28.296304+00:00] main.DEBUG: cache_invalidate:  {"method":"GET","url":"http:/","invalidateInfo":{"identifier":"DB_PDO_MYSQL_DDL_catalog_product_index_eav_decimal_outdated_4"}} []
[2026-05-19T04:36:28.300359+00:00] main.DEBUG: cache_invalidate:  {"method":"GET","url":"http:/","invalidateInfo":{"identifier":"DB_PDO_MYSQL_DDL_catalog_product_index_eav_decimal_outdated_5"}} []
[2026-05-19T04:36:28.300520+00:00] main.DEBUG: cache_invalidate:  {"method":"GET","url":"http:/","invalidateInfo":{"identifier":"DB_PDO_MYSQL_DDL_catalog_product_index_eav_decimal_outdated_5"}} []
[2026-05-19T04:36:28.305430+00:00] main.DEBUG: cache_invalidate:  {"method":"GET","url":"http:/","invalidateInfo":{"identifier":"DB_PDO_MYSQL_DDL_catalog_product_index_eav_decimal_replica_1"}} []
[2026-05-19T04:36:28.305523+00:00] main.DEBUG: cache_invalidate:  {"method":"GET","url":"http:/","invalidateInfo":{"identifier":"DB_PDO_MYSQL_DDL_catalog_product_index_eav_decimal_replica_1"}} []
[2026-05-19T04:36:28.308981+00:00] main.DEBUG: cache_invalidate:  {"method":"GET","url":"http:/","invalidateInfo":{"identifier":"DB_PDO_MYSQL_DDL_catalog_product_index_eav_decimal_replica_2"}} []
[2026-05-19T04:36:28.309091+00:00] main.DEBUG: cache_invalidate:  {"method":"GET","url":"http:/","invalidateInfo":{"identifier":"DB_PDO_MYSQL_DDL_catalog_product_index_eav_decimal_replica_2"}} []
[2026-05-19T04:36:28.312373+00:00] main.DEBUG: cache_invalidate:  {"method":"GET","url":"http:/","invalidateInfo":{"identifier":"DB_PDO_MYSQL_DDL_catalog_product_index_eav_decimal_replica_3"}} []
[2026-05-19T04:36:28.312480+00:00] main.DEBUG: cache_invalidate:  {"method":"GET","url":"http:/","invalidateInfo":{"identifier":"DB_PDO_MYSQL_DDL_catalog_product_index_eav_decimal_replica_3"}} []
[2026-05-19T04:36:28.316121+00:00] main.DEBUG: cache_invalidate:  {"method":"GET","url":"http:/","invalidateInfo":{"identifier":"DB_PDO_MYSQL_DDL_catalog_product_index_eav_decimal_replica_4"}} []
[2026-05-19T04:36:28.316204+00:00] main.DEBUG: cache_invalidate:  {"method":"GET","url":"http:/","invalidateInfo":{"identifier":"DB_PDO_MYSQL_DDL_catalog_product_index_eav_decimal_replica_4"}} []
[2026-05-19T04:36:28.319637+00:00] main.DEBUG: cache_invalidate:  {"method":"GET","url":"http:/","invalidateInfo":{"identifier":"DB_PDO_MYSQL_DDL_catalog_product_index_eav_decimal_replica_5"}} []
[2026-05-19T04:36:28.319712+00:00] main.DEBUG: cache_invalidate:  {"method":"GET","url":"http:/","invalidateInfo":{"identifier":"DB_PDO_MYSQL_DDL_catalog_product_index_eav_decimal_replica_5"}} []
[2026-05-19T04:36:28.320390+00:00] main.DEBUG: cache_invalidate:  {"method":"GET","url":"http:/","invalidateInfo":{"tags":["cat_c","FPC","MAGE"],"mode":"matchingTag"}} []
[2026-05-19T04:36:28.320482+00:00] main.DEBUG: cache_invalidate:  {"method":"GET","url":"http:/","invalidateInfo":{"tags":["cat_c","FPC"],"mode":"matchingTag"}} []
[2026-05-19T04:36:28.320597+00:00] main.DEBUG: cache_invalidate:  {"method":"GET","url":"http:/","invalidateInfo":{"tags":["cat_p","FPC","MAGE"],"mode":"matchingTag"}} []
[2026-05-19T04:36:28.320669+00:00] main.DEBUG: cache_invalidate:  {"method":"GET","url":"http:/","invalidateInfo":{"tags":["cat_p","FPC"],"mode":"matchingTag"}} []
[2026-05-19T04:36:28.321186+00:00] main.DEBUG: cache_invalidate:  {"method":"GET","url":"http:/","invalidateInfo":{"tags":["cat_c","MAGE"],"mode":"matchingTag"}} []
[2026-05-19T04:36:28.321289+00:00] main.DEBUG: cache_invalidate:  {"method":"GET","url":"http:/","invalidateInfo":{"tags":["cat_p","MAGE"],"mode":"matchingTag"}} []
[2026-05-19T04:36:28.321354+00:00] main.DEBUG: cache_invalidate:  {"method":"GET","url":"http:/","invalidateInfo":{"tags":["cat_c","cat_p"],"mode":"matchingAnyTag"}} []
[2026-05-19T04:36:28.513068+00:00] main.DEBUG: cache_invalidate:  {"method":"GET","url":"http:/","invalidateInfo":{"identifier":"DB_PDO_MYSQL_DDL_catalog_product_index_price_temp_1"}} []
[2026-05-19T04:36:28.513209+00:00] main.DEBUG: cache_invalidate:  {"method":"GET","url":"http:/","invalidateInfo":{"identifier":"DB_PDO_MYSQL_DDL_catalog_product_index_price_temp_1"}} []
[2026-05-19T04:36:28.517667+00:00] main.DEBUG: cache_invalidate:  {"method":"GET","url":"http:/","invalidateInfo":{"identifier":"DB_PDO_MYSQL_DDL_catalog_product_index_price_temp_2"}} []
[2026-05-19T04:36:28.517793+00:00] main.DEBUG: cache_invalidate:  {"method":"GET","url":"http:/","invalidateInfo":{"identifier":"DB_PDO_MYSQL_DDL_catalog_product_index_price_temp_2"}} []
[2026-05-19T04:36:28.520996+00:00] main.DEBUG: cache_invalidate:  {"method":"GET","url":"http:/","invalidateInfo":{"identifier":"DB_PDO_MYSQL_DDL_catalog_product_index_price_temp_3"}} []
[2026-05-19T04:36:28.521141+00:00] main.DEBUG: cache_invalidate:  {"method":"GET","url":"http:/","invalidateInfo":{"identifier":"DB_PDO_MYSQL_DDL_catalog_product_index_price_temp_3"}} []
[2026-05-19T04:36:28.524580+00:00] main.DEBUG: cache_invalidate:  {"method":"GET","url":"http:/","invalidateInfo":{"identifier":"DB_PDO_MYSQL_DDL_catalog_product_index_price_temp_4"}} []
[2026-05-19T04:36:28.524690+00:00] main.DEBUG: cache_invalidate:  {"method":"GET","url":"http:/","invalidateInfo":{"identifier":"DB_PDO_MYSQL_DDL_catalog_product_index_price_temp_4"}} []
[2026-05-19T04:36:28.528064+00:00] main.DEBUG: cache_invalidate:  {"method":"GET","url":"http:/","invalidateInfo":{"identifier":"DB_PDO_MYSQL_DDL_catalog_product_index_price_temp_5"}} []
[2026-05-19T04:36:28.528191+00:00] main.DEBUG: cache_invalidate:  {"method":"GET","url":"http:/","invalidateInfo":{"identifier":"DB_PDO_MYSQL_DDL_catalog_product_index_price_temp_5"}} []
[2026-05-19T04:36:28.570626+00:00] main.DEBUG: cache_invalidate:  {"method":"GET","url":"http:/","invalidateInfo":{"identifier":"DB_PDO_MYSQL_DDL_catalog_product_index_price_1"}} []
[2026-05-19T04:36:28.570772+00:00] main.DEBUG: cache_invalidate:  {"method":"GET","url":"http:/","invalidateInfo":{"identifier":"DB_PDO_MYSQL_DDL_catalog_product_index_price_1"}} []
[2026-05-19T04:36:28.573965+00:00] main.DEBUG: cache_invalidate:  {"method":"GET","url":"http:/","invalidateInfo":{"identifier":"DB_PDO_MYSQL_DDL_catalog_product_index_price_2"}} []
[2026-05-19T04:36:28.574075+00:00] main.DEBUG: cache_invalidate:  {"method":"GET","url":"http:/","invalidateInfo":{"identifier":"DB_PDO_MYSQL_DDL_catalog_product_index_price_2"}} []
[2026-05-19T04:36:28.577388+00:00] main.DEBUG: cache_invalidate:  {"method":"GET","url":"http:/","invalidateInfo":{"identifier":"DB_PDO_MYSQL_DDL_catalog_product_index_price_3"}} []
[2026-05-19T04:36:28.577486+00:00] main.DEBUG: cache_invalidate:  {"method":"GET","url":"http:/","invalidateInfo":{"identifier":"DB_PDO_MYSQL_DDL_catalog_product_index_price_3"}} []
[2026-05-19T04:36:28.580617+00:00] main.DEBUG: cache_invalidate:  {"method":"GET","url":"http:/","invalidateInfo":{"identifier":"DB_PDO_MYSQL_DDL_catalog_product_index_price_4"}} []
[2026-05-19T04:36:28.580741+00:00] main.DEBUG: cache_invalidate:  {"method":"GET","url":"http:/","invalidateInfo":{"identifier":"DB_PDO_MYSQL_DDL_catalog_product_index_price_4"}} []
[2026-05-19T04:36:28.584103+00:00] main.DEBUG: cache_invalidate:  {"method":"GET","url":"http:/","invalidateInfo":{"identifier":"DB_PDO_MYSQL_DDL_catalog_product_index_price_5"}} []
[2026-05-19T04:36:28.584216+00:00] main.DEBUG: cache_invalidate:  {"method":"GET","url":"http:/","invalidateInfo":{"identifier":"DB_PDO_MYSQL_DDL_catalog_product_index_price_5"}} []
[2026-05-19T04:36:28.587842+00:00] main.DEBUG: cache_invalidate:  {"method":"GET","url":"http:/","invalidateInfo":{"identifier":"DB_PDO_MYSQL_DDL_catalog_product_index_price_outdated_1"}} []
[2026-05-19T04:36:28.587965+00:00] main.DEBUG: cache_invalidate:  {"method":"GET","url":"http:/","invalidateInfo":{"identifier":"DB_PDO_MYSQL_DDL_catalog_product_index_price_outdated_1"}} []
[2026-05-19T04:36:28.591618+00:00] main.DEBUG: cache_invalidate:  {"method":"GET","url":"http:/","invalidateInfo":{"identifier":"DB_PDO_MYSQL_DDL_catalog_product_index_price_outdated_2"}} []
[2026-05-19T04:36:28.591732+00:00] main.DEBUG: cache_invalidate:  {"method":"GET","url":"http:/","invalidateInfo":{"identifier":"DB_PDO_MYSQL_DDL_catalog_product_index_price_outdated_2"}} []
[2026-05-19T04:36:28.595140+00:00] main.DEBUG: cache_invalidate:  {"method":"GET","url":"http:/","invalidateInfo":{"identifier":"DB_PDO_MYSQL_DDL_catalog_product_index_price_outdated_3"}} []
[2026-05-19T04:36:28.595239+00:00] main.DEBUG: cache_invalidate:  {"method":"GET","url":"http:/","invalidateInfo":{"identifier":"DB_PDO_MYSQL_DDL_catalog_product_index_price_outdated_3"}} []
[2026-05-19T04:36:28.599431+00:00] main.DEBUG: cache_invalidate:  {"method":"GET","url":"http:/","invalidateInfo":{"identifier":"DB_PDO_MYSQL_DDL_catalog_product_index_price_outdated_4"}} []
[2026-05-19T04:36:28.599613+00:00] main.DEBUG: cache_invalidate:  {"method":"GET","url":"http:/","invalidateInfo":{"identifier":"DB_PDO_MYSQL_DDL_catalog_product_index_price_outdated_4"}} []
[2026-05-19T04:36:28.603385+00:00] main.DEBUG: cache_invalidate:  {"method":"GET","url":"http:/","invalidateInfo":{"identifier":"DB_PDO_MYSQL_DDL_catalog_product_index_price_outdated_5"}} []
[2026-05-19T04:36:28.603499+00:00] main.DEBUG: cache_invalidate:  {"method":"GET","url":"http:/","invalidateInfo":{"identifier":"DB_PDO_MYSQL_DDL_catalog_product_index_price_outdated_5"}} []
[2026-05-19T04:36:28.608820+00:00] main.DEBUG: cache_invalidate:  {"method":"GET","url":"http:/","invalidateInfo":{"identifier":"DB_PDO_MYSQL_DDL_catalog_product_index_price_replica_1"}} []
[2026-05-19T04:36:28.608915+00:00] main.DEBUG: cache_invalidate:  {"method":"GET","url":"http:/","invalidateInfo":{"identifier":"DB_PDO_MYSQL_DDL_catalog_product_index_price_replica_1"}} []
[2026-05-19T04:36:28.612020+00:00] main.DEBUG: cache_invalidate:  {"method":"GET","url":"http:/","invalidateInfo":{"identifier":"DB_PDO_MYSQL_DDL_catalog_product_index_price_replica_2"}} []
[2026-05-19T04:36:28.612213+00:00] main.DEBUG: cache_invalidate:  {"method":"GET","url":"http:/","invalidateInfo":{"identifier":"DB_PDO_MYSQL_DDL_catalog_product_index_price_replica_2"}} []
[2026-05-19T04:36:28.615323+00:00] main.DEBUG: cache_invalidate:  {"method":"GET","url":"http:/","invalidateInfo":{"identifier":"DB_PDO_MYSQL_DDL_catalog_product_index_price_replica_3"}} []
[2026-05-19T04:36:28.615439+00:00] main.DEBUG: cache_invalidate:  {"method":"GET","url":"http:/","invalidateInfo":{"identifier":"DB_PDO_MYSQL_DDL_catalog_product_index_price_replica_3"}} []
[2026-05-19T04:36:28.620940+00:00] main.DEBUG: cache_invalidate:  {"method":"GET","url":"http:/","invalidateInfo":{"identifier":"DB_PDO_MYSQL_DDL_catalog_product_index_price_replica_4"}} []
[2026-05-19T04:36:28.621108+00:00] main.DEBUG: cache_invalidate:  {"method":"GET","url":"http:/","invalidateInfo":{"identifier":"DB_PDO_MYSQL_DDL_catalog_product_index_price_replica_4"}} []
[2026-05-19T04:36:28.625023+00:00] main.DEBUG: cache_invalidate:  {"method":"GET","url":"http:/","invalidateInfo":{"identifier":"DB_PDO_MYSQL_DDL_catalog_product_index_price_replica_5"}} []
[2026-05-19T04:36:28.625113+00:00] main.DEBUG: cache_invalidate:  {"method":"GET","url":"http:/","invalidateInfo":{"identifier":"DB_PDO_MYSQL_DDL_catalog_product_index_price_replica_5"}} []
[2026-05-19T04:36:28.625850+00:00] main.DEBUG: cache_invalidate:  {"method":"GET","url":"http:/","invalidateInfo":{"tags":["cat_c","FPC","MAGE"],"mode":"matchingTag"}} []
[2026-05-19T04:36:28.625941+00:00] main.DEBUG: cache_invalidate:  {"method":"GET","url":"http:/","invalidateInfo":{"tags":["cat_c","FPC"],"mode":"matchingTag"}} []
[2026-05-19T04:36:28.626040+00:00] main.DEBUG: cache_invalidate:  {"method":"GET","url":"http:/","invalidateInfo":{"tags":["cat_p","FPC","MAGE"],"mode":"matchingTag"}} []
[2026-05-19T04:36:28.626122+00:00] main.DEBUG: cache_invalidate:  {"method":"GET","url":"http:/","invalidateInfo":{"tags":["cat_p","FPC"],"mode":"matchingTag"}} []
[2026-05-19T04:36:28.626605+00:00] main.DEBUG: cache_invalidate:  {"method":"GET","url":"http:/","invalidateInfo":{"tags":["cat_c","MAGE"],"mode":"matchingTag"}} []
[2026-05-19T04:36:28.626704+00:00] main.DEBUG: cache_invalidate:  {"method":"GET","url":"http:/","invalidateInfo":{"tags":["cat_p","MAGE"],"mode":"matchingTag"}} []
[2026-05-19T04:36:28.626766+00:00] main.DEBUG: cache_invalidate:  {"method":"GET","url":"http:/","invalidateInfo":{"tags":["cat_c","cat_p"],"mode":"matchingAnyTag"}} []
[2026-05-19T04:36:29.347454+00:00] main.DEBUG: cache_invalidate:  {"method":"GET","url":"http:/","invalidateInfo":{"tags":["cat_c_2","FPC","MAGE"],"mode":"matchingTag"}} []
[2026-05-19T04:36:29.347629+00:00] main.DEBUG: cache_invalidate:  {"method":"GET","url":"http:/","invalidateInfo":{"tags":["cat_c_2","FPC"],"mode":"matchingTag"}} []
[2026-05-19T04:36:29.347930+00:00] main.DEBUG: cache_invalidate:  {"method":"GET","url":"http:/","invalidateInfo":{"tags":["cat_c_3","FPC","MAGE"],"mode":"matchingTag"}} []
[2026-05-19T04:36:29.348041+00:00] main.DEBUG: cache_invalidate:  {"method":"GET","url":"http:/","invalidateInfo":{"tags":["cat_c_3","FPC"],"mode":"matchingTag"}} []
[2026-05-19T04:36:29.348182+00:00] main.DEBUG: cache_invalidate:  {"method":"GET","url":"http:/","invalidateInfo":{"tags":["cat_c_4","FPC","MAGE"],"mode":"matchingTag"}} []
[2026-05-19T04:36:29.348265+00:00] main.DEBUG: cache_invalidate:  {"method":"GET","url":"http:/","invalidateInfo":{"tags":["cat_c_4","FPC"],"mode":"matchingTag"}} []
[2026-05-19T04:36:29.348366+00:00] main.DEBUG: cache_invalidate:  {"method":"GET","url":"http:/","invalidateInfo":{"tags":["cat_c_5","FPC","MAGE"],"mode":"matchingTag"}} []
[2026-05-19T04:36:29.348435+00:00] main.DEBUG: cache_invalidate:  {"method":"GET","url":"http:/","invalidateInfo":{"tags":["cat_c_5","FPC"],"mode":"matchingTag"}} []
[2026-05-19T04:36:29.348531+00:00] main.DEBUG: cache_invalidate:  {"method":"GET","url":"http:/","invalidateInfo":{"tags":["cat_c_2","MAGE"],"mode":"matchingTag"}} []
[2026-05-19T04:36:29.348636+00:00] main.DEBUG: cache_invalidate:  {"method":"GET","url":"http:/","invalidateInfo":{"tags":["cat_c_3","MAGE"],"mode":"matchingTag"}} []
[2026-05-19T04:36:29.348750+00:00] main.DEBUG: cache_invalidate:  {"method":"GET","url":"http:/","invalidateInfo":{"tags":["cat_c_4","MAGE"],"mode":"matchingTag"}} []
[2026-05-19T04:36:29.348854+00:00] main.DEBUG: cache_invalidate:  {"method":"GET","url":"http:/","invalidateInfo":{"tags":["cat_c_5","MAGE"],"mode":"matchingTag"}} []
[2026-05-19T04:36:29.348929+00:00] main.DEBUG: cache_invalidate:  {"method":"GET","url":"http:/","invalidateInfo":{"tags":["cat_c_2","cat_c_3","cat_c_4","cat_c_5"],"mode":"matchingAnyTag"}} []
[2026-05-19T04:36:29.437484+00:00] main.INFO: {"feed":"salesOrders","operation":"full reindex(legacy)","status":"Initialize","elapsed":"68 ms","pid":"61","caller":"\/var\/www\/html\/bin\/magento indexer:reindex"} [] []
[2026-05-19T04:36:29.479960+00:00] main.DEBUG: cache_invalidate:  {"method":"GET","url":"http:/","invalidateInfo":{"identifier":"DB_PDO_MYSQL_DDL_sales_data_exporter_orders_index_sequence_1"}} []
[2026-05-19T04:36:29.480136+00:00] main.DEBUG: cache_invalidate:  {"method":"GET","url":"http:/","invalidateInfo":{"identifier":"DB_PDO_MYSQL_DDL_sales_data_exporter_orders_index_sequence_1"}} []
[2026-05-19T04:36:29.484787+00:00] main.DEBUG: cache_invalidate:  {"method":"GET","url":"http:/","invalidateInfo":{"identifier":"DB_PDO_MYSQL_DDL_sales_data_exporter_orders_index_sequence_2"}} []
[2026-05-19T04:36:29.484920+00:00] main.DEBUG: cache_invalidate:  {"method":"GET","url":"http:/","invalidateInfo":{"identifier":"DB_PDO_MYSQL_DDL_sales_data_exporter_orders_index_sequence_2"}} []
[2026-05-19T04:36:29.488283+00:00] main.DEBUG: cache_invalidate:  {"method":"GET","url":"http:/","invalidateInfo":{"identifier":"DB_PDO_MYSQL_DDL_sales_data_exporter_orders_index_sequence_3"}} []
[2026-05-19T04:36:29.488391+00:00] main.DEBUG: cache_invalidate:  {"method":"GET","url":"http:/","invalidateInfo":{"identifier":"DB_PDO_MYSQL_DDL_sales_data_exporter_orders_index_sequence_3"}} []
[2026-05-19T04:36:29.491287+00:00] main.DEBUG: cache_invalidate:  {"method":"GET","url":"http:/","invalidateInfo":{"identifier":"DB_PDO_MYSQL_DDL_sales_data_exporter_orders_index_sequence_4"}} []
[2026-05-19T04:36:29.491387+00:00] main.DEBUG: cache_invalidate:  {"method":"GET","url":"http:/","invalidateInfo":{"identifier":"DB_PDO_MYSQL_DDL_sales_data_exporter_orders_index_sequence_4"}} []
[2026-05-19T04:36:29.494502+00:00] main.DEBUG: cache_invalidate:  {"method":"GET","url":"http:/","invalidateInfo":{"identifier":"DB_PDO_MYSQL_DDL_sales_data_exporter_orders_index_sequence_5"}} []
[2026-05-19T04:36:29.494605+00:00] main.DEBUG: cache_invalidate:  {"method":"GET","url":"http:/","invalidateInfo":{"identifier":"DB_PDO_MYSQL_DDL_sales_data_exporter_orders_index_sequence_5"}} []
[2026-05-19T04:36:29.515064+00:00] main.DEBUG: cache_invalidate:  {"method":"GET","url":"http:/","invalidateInfo":{"identifier":"DB_PDO_MYSQL_DDL_sales_data_exporter_orders_index_sequence_1"}} []
[2026-05-19T04:36:29.515238+00:00] main.DEBUG: cache_invalidate:  {"method":"GET","url":"http:/","invalidateInfo":{"identifier":"DB_PDO_MYSQL_DDL_sales_data_exporter_orders_index_sequence_1"}} []
[2026-05-19T04:36:29.518295+00:00] main.DEBUG: cache_invalidate:  {"method":"GET","url":"http:/","invalidateInfo":{"identifier":"DB_PDO_MYSQL_DDL_sales_data_exporter_orders_index_sequence_2"}} []
[2026-05-19T04:36:29.518407+00:00] main.DEBUG: cache_invalidate:  {"method":"GET","url":"http:/","invalidateInfo":{"identifier":"DB_PDO_MYSQL_DDL_sales_data_exporter_orders_index_sequence_2"}} []
[2026-05-19T04:36:29.522192+00:00] main.DEBUG: cache_invalidate:  {"method":"GET","url":"http:/","invalidateInfo":{"identifier":"DB_PDO_MYSQL_DDL_sales_data_exporter_orders_index_sequence_3"}} []
[2026-05-19T04:36:29.522302+00:00] main.DEBUG: cache_invalidate:  {"method":"GET","url":"http:/","invalidateInfo":{"identifier":"DB_PDO_MYSQL_DDL_sales_data_exporter_orders_index_sequence_3"}} []
[2026-05-19T04:36:29.526246+00:00] main.DEBUG: cache_invalidate:  {"method":"GET","url":"http:/","invalidateInfo":{"identifier":"DB_PDO_MYSQL_DDL_sales_data_exporter_orders_index_sequence_4"}} []
[2026-05-19T04:36:29.526400+00:00] main.DEBUG: cache_invalidate:  {"method":"GET","url":"http:/","invalidateInfo":{"identifier":"DB_PDO_MYSQL_DDL_sales_data_exporter_orders_index_sequence_4"}} []
[2026-05-19T04:36:29.530447+00:00] main.DEBUG: cache_invalidate:  {"method":"GET","url":"http:/","invalidateInfo":{"identifier":"DB_PDO_MYSQL_DDL_sales_data_exporter_orders_index_sequence_5"}} []
[2026-05-19T04:36:29.530623+00:00] main.DEBUG: cache_invalidate:  {"method":"GET","url":"http:/","invalidateInfo":{"identifier":"DB_PDO_MYSQL_DDL_sales_data_exporter_orders_index_sequence_5"}} []
[2026-05-19T04:36:29.539551+00:00] main.INFO: {"feed":"salesOrders","operation":"full reindex(legacy)","status":"Creating batch table `sales_data_exporter_orders_index_batches`. Start position: 0","elapsed":"170 ms","pid":"61","caller":"\/var\/www\/html\/bin\/magento indexer:reindex"} [] []
[2026-05-19T04:36:29.549851+00:00] main.DEBUG: cache_invalidate:  {"method":"GET","url":"http:/","invalidateInfo":{"identifier":"DB_PDO_MYSQL_DDL_sales_data_exporter_orders_index_batches_1"}} []
[2026-05-19T04:36:29.549992+00:00] main.DEBUG: cache_invalidate:  {"method":"GET","url":"http:/","invalidateInfo":{"identifier":"DB_PDO_MYSQL_DDL_sales_data_exporter_orders_index_batches_1"}} []
[2026-05-19T04:36:29.553686+00:00] main.DEBUG: cache_invalidate:  {"method":"GET","url":"http:/","invalidateInfo":{"identifier":"DB_PDO_MYSQL_DDL_sales_data_exporter_orders_index_batches_2"}} []
[2026-05-19T04:36:29.553824+00:00] main.DEBUG: cache_invalidate:  {"method":"GET","url":"http:/","invalidateInfo":{"identifier":"DB_PDO_MYSQL_DDL_sales_data_exporter_orders_index_batches_2"}} []
[2026-05-19T04:36:29.557038+00:00] main.DEBUG: cache_invalidate:  {"method":"GET","url":"http:/","invalidateInfo":{"identifier":"DB_PDO_MYSQL_DDL_sales_data_exporter_orders_index_batches_3"}} []
[2026-05-19T04:36:29.557139+00:00] main.DEBUG: cache_invalidate:  {"method":"GET","url":"http:/","invalidateInfo":{"identifier":"DB_PDO_MYSQL_DDL_sales_data_exporter_orders_index_batches_3"}} []
[2026-05-19T04:36:29.560926+00:00] main.DEBUG: cache_invalidate:  {"method":"GET","url":"http:/","invalidateInfo":{"identifier":"DB_PDO_MYSQL_DDL_sales_data_exporter_orders_index_batches_4"}} []
[2026-05-19T04:36:29.561039+00:00] main.DEBUG: cache_invalidate:  {"method":"GET","url":"http:/","invalidateInfo":{"identifier":"DB_PDO_MYSQL_DDL_sales_data_exporter_orders_index_batches_4"}} []
[2026-05-19T04:36:29.565315+00:00] main.DEBUG: cache_invalidate:  {"method":"GET","url":"http:/","invalidateInfo":{"identifier":"DB_PDO_MYSQL_DDL_sales_data_exporter_orders_index_batches_5"}} []
[2026-05-19T04:36:29.565434+00:00] main.DEBUG: cache_invalidate:  {"method":"GET","url":"http:/","invalidateInfo":{"identifier":"DB_PDO_MYSQL_DDL_sales_data_exporter_orders_index_batches_5"}} []
[2026-05-19T04:36:29.583316+00:00] main.DEBUG: cache_invalidate:  {"method":"GET","url":"http:/","invalidateInfo":{"identifier":"DB_PDO_MYSQL_DDL_sales_data_exporter_orders_index_batches_1"}} []
[2026-05-19T04:36:29.583443+00:00] main.DEBUG: cache_invalidate:  {"method":"GET","url":"http:/","invalidateInfo":{"identifier":"DB_PDO_MYSQL_DDL_sales_data_exporter_orders_index_batches_1"}} []
[2026-05-19T04:36:29.586450+00:00] main.DEBUG: cache_invalidate:  {"method":"GET","url":"http:/","invalidateInfo":{"identifier":"DB_PDO_MYSQL_DDL_sales_data_exporter_orders_index_batches_2"}} []
[2026-05-19T04:36:29.586552+00:00] main.DEBUG: cache_invalidate:  {"method":"GET","url":"http:/","invalidateInfo":{"identifier":"DB_PDO_MYSQL_DDL_sales_data_exporter_orders_index_batches_2"}} []
[2026-05-19T04:36:29.589465+00:00] main.DEBUG: cache_invalidate:  {"method":"GET","url":"http:/","invalidateInfo":{"identifier":"DB_PDO_MYSQL_DDL_sales_data_exporter_orders_index_batches_3"}} []
[2026-05-19T04:36:29.589551+00:00] main.DEBUG: cache_invalidate:  {"method":"GET","url":"http:/","invalidateInfo":{"identifier":"DB_PDO_MYSQL_DDL_sales_data_exporter_orders_index_batches_3"}} []
[2026-05-19T04:36:29.592669+00:00] main.DEBUG: cache_invalidate:  {"method":"GET","url":"http:/","invalidateInfo":{"identifier":"DB_PDO_MYSQL_DDL_sales_data_exporter_orders_index_batches_4"}} []
[2026-05-19T04:36:29.592761+00:00] main.DEBUG: cache_invalidate:  {"method":"GET","url":"http:/","invalidateInfo":{"identifier":"DB_PDO_MYSQL_DDL_sales_data_exporter_orders_index_batches_4"}} []
[2026-05-19T04:36:29.597538+00:00] main.DEBUG: cache_invalidate:  {"method":"GET","url":"http:/","invalidateInfo":{"identifier":"DB_PDO_MYSQL_DDL_sales_data_exporter_orders_index_batches_5"}} []
[2026-05-19T04:36:29.597694+00:00] main.DEBUG: cache_invalidate:  {"method":"GET","url":"http:/","invalidateInfo":{"identifier":"DB_PDO_MYSQL_DDL_sales_data_exporter_orders_index_batches_5"}} []
[2026-05-19T04:36:29.602888+00:00] main.INFO: {"feed":"salesOrders","operation":"full reindex(legacy)","status":"Batch table `sales_data_exporter_orders_index_batches` created. Total Items: 0, batches: ~0","elapsed":"233 ms","pid":"61","caller":"\/var\/www\/html\/bin\/magento indexer:reindex"} [] []
[2026-05-19T04:36:29.603112+00:00] main.INFO: {"feed":"salesOrders","operation":"full reindex(legacy)","status":"skipping - no items to sync. Are there any items in source table `sales_order`?","elapsed":"233 ms","pid":"61","caller":"\/var\/www\/html\/bin\/magento indexer:reindex"} [] []
[2026-05-19T04:36:29.606017+00:00] main.INFO: {"feed":"salesOrders","operation":"full reindex(legacy)","status":"Complete","elapsed":"236 ms","pid":"61","caller":"\/var\/www\/html\/bin\/magento indexer:reindex"} [] []
[2026-05-19T04:36:29.617932+00:00] main.INFO: {"feed":"salesOrderStatuses","operation":"full reindex(legacy)","status":"Initialize","elapsed":"429 ms","pid":"61","caller":"\/var\/www\/html\/bin\/magento indexer:reindex"} [] []
[2026-05-19T04:36:29.652371+00:00] main.DEBUG: cache_invalidate:  {"method":"GET","url":"http:/","invalidateInfo":{"identifier":"DB_PDO_MYSQL_DDL_sales_data_exporter_order_statuses_index_sequence_1"}} []
[2026-05-19T04:36:29.652532+00:00] main.DEBUG: cache_invalidate:  {"method":"GET","url":"http:/","invalidateInfo":{"identifier":"DB_PDO_MYSQL_DDL_sales_data_exporter_order_statuses_index_sequence_1"}} []
[2026-05-19T04:36:29.656006+00:00] main.DEBUG: cache_invalidate:  {"method":"GET","url":"http:/","invalidateInfo":{"identifier":"DB_PDO_MYSQL_DDL_sales_data_exporter_order_statuses_index_sequence_2"}} []
[2026-05-19T04:36:29.656129+00:00] main.DEBUG: cache_invalidate:  {"method":"GET","url":"http:/","invalidateInfo":{"identifier":"DB_PDO_MYSQL_DDL_sales_data_exporter_order_statuses_index_sequence_2"}} []
[2026-05-19T04:36:29.659797+00:00] main.DEBUG: cache_invalidate:  {"method":"GET","url":"http:/","invalidateInfo":{"identifier":"DB_PDO_MYSQL_DDL_sales_data_exporter_order_statuses_index_sequence_3"}} []
[2026-05-19T04:36:29.659997+00:00] main.DEBUG: cache_invalidate:  {"method":"GET","url":"http:/","invalidateInfo":{"identifier":"DB_PDO_MYSQL_DDL_sales_data_exporter_order_statuses_index_sequence_3"}} []
[2026-05-19T04:36:29.663822+00:00] main.DEBUG: cache_invalidate:  {"method":"GET","url":"http:/","invalidateInfo":{"identifier":"DB_PDO_MYSQL_DDL_sales_data_exporter_order_statuses_index_sequence_4"}} []
[2026-05-19T04:36:29.663935+00:00] main.DEBUG: cache_invalidate:  {"method":"GET","url":"http:/","invalidateInfo":{"identifier":"DB_PDO_MYSQL_DDL_sales_data_exporter_order_statuses_index_sequence_4"}} []
[2026-05-19T04:36:29.667122+00:00] main.DEBUG: cache_invalidate:  {"method":"GET","url":"http:/","invalidateInfo":{"identifier":"DB_PDO_MYSQL_DDL_sales_data_exporter_order_statuses_index_sequence_5"}} []
[2026-05-19T04:36:29.667225+00:00] main.DEBUG: cache_invalidate:  {"method":"GET","url":"http:/","invalidateInfo":{"identifier":"DB_PDO_MYSQL_DDL_sales_data_exporter_order_statuses_index_sequence_5"}} []
[2026-05-19T04:36:29.687250+00:00] main.DEBUG: cache_invalidate:  {"method":"GET","url":"http:/","invalidateInfo":{"identifier":"DB_PDO_MYSQL_DDL_sales_data_exporter_order_statuses_index_sequence_1"}} []
[2026-05-19T04:36:29.687385+00:00] main.DEBUG: cache_invalidate:  {"method":"GET","url":"http:/","invalidateInfo":{"identifier":"DB_PDO_MYSQL_DDL_sales_data_exporter_order_statuses_index_sequence_1"}} []
[2026-05-19T04:36:29.691000+00:00] main.DEBUG: cache_invalidate:  {"method":"GET","url":"http:/","invalidateInfo":{"identifier":"DB_PDO_MYSQL_DDL_sales_data_exporter_order_statuses_index_sequence_2"}} []
[2026-05-19T04:36:29.691114+00:00] main.DEBUG: cache_invalidate:  {"method":"GET","url":"http:/","invalidateInfo":{"identifier":"DB_PDO_MYSQL_DDL_sales_data_exporter_order_statuses_index_sequence_2"}} []
[2026-05-19T04:36:29.694960+00:00] main.DEBUG: cache_invalidate:  {"method":"GET","url":"http:/","invalidateInfo":{"identifier":"DB_PDO_MYSQL_DDL_sales_data_exporter_order_statuses_index_sequence_3"}} []
[2026-05-19T04:36:29.695076+00:00] main.DEBUG: cache_invalidate:  {"method":"GET","url":"http:/","invalidateInfo":{"identifier":"DB_PDO_MYSQL_DDL_sales_data_exporter_order_statuses_index_sequence_3"}} []
[2026-05-19T04:36:29.698565+00:00] main.DEBUG: cache_invalidate:  {"method":"GET","url":"http:/","invalidateInfo":{"identifier":"DB_PDO_MYSQL_DDL_sales_data_exporter_order_statuses_index_sequence_4"}} []
[2026-05-19T04:36:29.698743+00:00] main.DEBUG: cache_invalidate:  {"method":"GET","url":"http:/","invalidateInfo":{"identifier":"DB_PDO_MYSQL_DDL_sales_data_exporter_order_statuses_index_sequence_4"}} []
[2026-05-19T04:36:29.701861+00:00] main.DEBUG: cache_invalidate:  {"method":"GET","url":"http:/","invalidateInfo":{"identifier":"DB_PDO_MYSQL_DDL_sales_data_exporter_order_statuses_index_sequence_5"}} []
[2026-05-19T04:36:29.701973+00:00] main.DEBUG: cache_invalidate:  {"method":"GET","url":"http:/","invalidateInfo":{"identifier":"DB_PDO_MYSQL_DDL_sales_data_exporter_order_statuses_index_sequence_5"}} []
[2026-05-19T04:36:29.705621+00:00] main.INFO: {"feed":"salesOrderStatuses","operation":"full reindex(legacy)","status":"Creating batch table `sales_data_exporter_order_statuses_index_batches`. Start position: ","elapsed":"516 ms","pid":"61","caller":"\/var\/www\/html\/bin\/magento indexer:reindex"} [] []
[2026-05-19T04:36:29.714770+00:00] main.DEBUG: cache_invalidate:  {"method":"GET","url":"http:/","invalidateInfo":{"identifier":"DB_PDO_MYSQL_DDL_sales_data_exporter_order_statuses_index_batches_1"}} []
[2026-05-19T04:36:29.714905+00:00] main.DEBUG: cache_invalidate:  {"method":"GET","url":"http:/","invalidateInfo":{"identifier":"DB_PDO_MYSQL_DDL_sales_data_exporter_order_statuses_index_batches_1"}} []
[2026-05-19T04:36:29.719249+00:00] main.DEBUG: cache_invalidate:  {"method":"GET","url":"http:/","invalidateInfo":{"identifier":"DB_PDO_MYSQL_DDL_sales_data_exporter_order_statuses_index_batches_2"}} []
[2026-05-19T04:36:29.719387+00:00] main.DEBUG: cache_invalidate:  {"method":"GET","url":"http:/","invalidateInfo":{"identifier":"DB_PDO_MYSQL_DDL_sales_data_exporter_order_statuses_index_batches_2"}} []
[2026-05-19T04:36:29.722716+00:00] main.DEBUG: cache_invalidate:  {"method":"GET","url":"http:/","invalidateInfo":{"identifier":"DB_PDO_MYSQL_DDL_sales_data_exporter_order_statuses_index_batches_3"}} []
[2026-05-19T04:36:29.722837+00:00] main.DEBUG: cache_invalidate:  {"method":"GET","url":"http:/","invalidateInfo":{"identifier":"DB_PDO_MYSQL_DDL_sales_data_exporter_order_statuses_index_batches_3"}} []
[2026-05-19T04:36:29.726430+00:00] main.DEBUG: cache_invalidate:  {"method":"GET","url":"http:/","invalidateInfo":{"identifier":"DB_PDO_MYSQL_DDL_sales_data_exporter_order_statuses_index_batches_4"}} []
[2026-05-19T04:36:29.726542+00:00] main.DEBUG: cache_invalidate:  {"method":"GET","url":"http:/","invalidateInfo":{"identifier":"DB_PDO_MYSQL_DDL_sales_data_exporter_order_statuses_index_batches_4"}} []
[2026-05-19T04:36:29.730308+00:00] main.DEBUG: cache_invalidate:  {"method":"GET","url":"http:/","invalidateInfo":{"identifier":"DB_PDO_MYSQL_DDL_sales_data_exporter_order_statuses_index_batches_5"}} []
[2026-05-19T04:36:29.730420+00:00] main.DEBUG: cache_invalidate:  {"method":"GET","url":"http:/","invalidateInfo":{"identifier":"DB_PDO_MYSQL_DDL_sales_data_exporter_order_statuses_index_batches_5"}} []
[2026-05-19T04:36:29.751553+00:00] main.DEBUG: cache_invalidate:  {"method":"GET","url":"http:/","invalidateInfo":{"identifier":"DB_PDO_MYSQL_DDL_sales_data_exporter_order_statuses_index_batches_1"}} []
[2026-05-19T04:36:29.751724+00:00] main.DEBUG: cache_invalidate:  {"method":"GET","url":"http:/","invalidateInfo":{"identifier":"DB_PDO_MYSQL_DDL_sales_data_exporter_order_statuses_index_batches_1"}} []
[2026-05-19T04:36:29.755246+00:00] main.DEBUG: cache_invalidate:  {"method":"GET","url":"http:/","invalidateInfo":{"identifier":"DB_PDO_MYSQL_DDL_sales_data_exporter_order_statuses_index_batches_2"}} []
[2026-05-19T04:36:29.755360+00:00] main.DEBUG: cache_invalidate:  {"method":"GET","url":"http:/","invalidateInfo":{"identifier":"DB_PDO_MYSQL_DDL_sales_data_exporter_order_statuses_index_batches_2"}} []
[2026-05-19T04:36:29.759008+00:00] main.DEBUG: cache_invalidate:  {"method":"GET","url":"http:/","invalidateInfo":{"identifier":"DB_PDO_MYSQL_DDL_sales_data_exporter_order_statuses_index_batches_3"}} []
[2026-05-19T04:36:29.759113+00:00] main.DEBUG: cache_invalidate:  {"method":"GET","url":"http:/","invalidateInfo":{"identifier":"DB_PDO_MYSQL_DDL_sales_data_exporter_order_statuses_index_batches_3"}} []
[2026-05-19T04:36:29.762028+00:00] main.DEBUG: cache_invalidate:  {"method":"GET","url":"http:/","invalidateInfo":{"identifier":"DB_PDO_MYSQL_DDL_sales_data_exporter_order_statuses_index_batches_4"}} []
[2026-05-19T04:36:29.762098+00:00] main.DEBUG: cache_invalidate:  {"method":"GET","url":"http:/","invalidateInfo":{"identifier":"DB_PDO_MYSQL_DDL_sales_data_exporter_order_statuses_index_batches_4"}} []
[2026-05-19T04:36:29.766445+00:00] main.DEBUG: cache_invalidate:  {"method":"GET","url":"http:/","invalidateInfo":{"identifier":"DB_PDO_MYSQL_DDL_sales_data_exporter_order_statuses_index_batches_5"}} []
[2026-05-19T04:36:29.766616+00:00] main.DEBUG: cache_invalidate:  {"method":"GET","url":"http:/","invalidateInfo":{"identifier":"DB_PDO_MYSQL_DDL_sales_data_exporter_order_statuses_index_batches_5"}} []
[2026-05-19T04:36:29.775841+00:00] main.INFO: {"feed":"salesOrderStatuses","operation":"full reindex(legacy)","status":"Batch table `sales_data_exporter_order_statuses_index_batches` created. Total Items: 12, batches: ~0","elapsed":"587 ms","pid":"61","caller":"\/var\/www\/html\/bin\/magento indexer:reindex"} [] []
[2026-05-19T04:36:29.776050+00:00] main.INFO: {"feed":"salesOrderStatuses","operation":"full reindex(legacy)","status":"start processing `12` items in `1` threads with `100` batch size","elapsed":"587 ms","pid":"61","caller":"\/var\/www\/html\/bin\/magento indexer:reindex"} [] []
[2026-05-19T04:36:29.789839+00:00] main.INFO: {"feed":"salesOrderStatuses","operation":"full reindex(legacy)","status":"Progress 1\/1, processed 12, synced 12","elapsed":"601 ms","pid":"61","caller":"\/var\/www\/html\/bin\/magento indexer:reindex"} [] []
[2026-05-19T04:36:29.793875+00:00] main.INFO: {"feed":"salesOrderStatuses","operation":"full reindex(legacy)","status":"Complete","elapsed":"605 ms","pid":"61","caller":"\/var\/www\/html\/bin\/magento indexer:reindex"} [] []
[2026-05-19T04:36:29.804830+00:00] main.INFO: {"feed":"stores","operation":"full reindex(legacy)","status":"Initialize","elapsed":"802 ms","pid":"61","caller":"\/var\/www\/html\/bin\/magento indexer:reindex"} [] []
[2026-05-19T04:36:29.834176+00:00] main.DEBUG: cache_invalidate:  {"method":"GET","url":"http:/","invalidateInfo":{"identifier":"DB_PDO_MYSQL_DDL_stores_data_exporter_index_sequence_1"}} []
[2026-05-19T04:36:29.834314+00:00] main.DEBUG: cache_invalidate:  {"method":"GET","url":"http:/","invalidateInfo":{"identifier":"DB_PDO_MYSQL_DDL_stores_data_exporter_index_sequence_1"}} []
[2026-05-19T04:36:29.838271+00:00] main.DEBUG: cache_invalidate:  {"method":"GET","url":"http:/","invalidateInfo":{"identifier":"DB_PDO_MYSQL_DDL_stores_data_exporter_index_sequence_2"}} []
[2026-05-19T04:36:29.838457+00:00] main.DEBUG: cache_invalidate:  {"method":"GET","url":"http:/","invalidateInfo":{"identifier":"DB_PDO_MYSQL_DDL_stores_data_exporter_index_sequence_2"}} []
[2026-05-19T04:36:29.841693+00:00] main.DEBUG: cache_invalidate:  {"method":"GET","url":"http:/","invalidateInfo":{"identifier":"DB_PDO_MYSQL_DDL_stores_data_exporter_index_sequence_3"}} []
[2026-05-19T04:36:29.841810+00:00] main.DEBUG: cache_invalidate:  {"method":"GET","url":"http:/","invalidateInfo":{"identifier":"DB_PDO_MYSQL_DDL_stores_data_exporter_index_sequence_3"}} []
[2026-05-19T04:36:29.845092+00:00] main.DEBUG: cache_invalidate:  {"method":"GET","url":"http:/","invalidateInfo":{"identifier":"DB_PDO_MYSQL_DDL_stores_data_exporter_index_sequence_4"}} []
[2026-05-19T04:36:29.845235+00:00] main.DEBUG: cache_invalidate:  {"method":"GET","url":"http:/","invalidateInfo":{"identifier":"DB_PDO_MYSQL_DDL_stores_data_exporter_index_sequence_4"}} []
[2026-05-19T04:36:29.849086+00:00] main.DEBUG: cache_invalidate:  {"method":"GET","url":"http:/","invalidateInfo":{"identifier":"DB_PDO_MYSQL_DDL_stores_data_exporter_index_sequence_5"}} []
[2026-05-19T04:36:29.849186+00:00] main.DEBUG: cache_invalidate:  {"method":"GET","url":"http:/","invalidateInfo":{"identifier":"DB_PDO_MYSQL_DDL_stores_data_exporter_index_sequence_5"}} []
[2026-05-19T04:36:29.867314+00:00] main.DEBUG: cache_invalidate:  {"method":"GET","url":"http:/","invalidateInfo":{"identifier":"DB_PDO_MYSQL_DDL_stores_data_exporter_index_sequence_1"}} []
[2026-05-19T04:36:29.867443+00:00] main.DEBUG: cache_invalidate:  {"method":"GET","url":"http:/","invalidateInfo":{"identifier":"DB_PDO_MYSQL_DDL_stores_data_exporter_index_sequence_1"}} []
[2026-05-19T04:36:29.870471+00:00] main.DEBUG: cache_invalidate:  {"method":"GET","url":"http:/","invalidateInfo":{"identifier":"DB_PDO_MYSQL_DDL_stores_data_exporter_index_sequence_2"}} []
[2026-05-19T04:36:29.870601+00:00] main.DEBUG: cache_invalidate:  {"method":"GET","url":"http:/","invalidateInfo":{"identifier":"DB_PDO_MYSQL_DDL_stores_data_exporter_index_sequence_2"}} []
[2026-05-19T04:36:29.873570+00:00] main.DEBUG: cache_invalidate:  {"method":"GET","url":"http:/","invalidateInfo":{"identifier":"DB_PDO_MYSQL_DDL_stores_data_exporter_index_sequence_3"}} []
[2026-05-19T04:36:29.873659+00:00] main.DEBUG: cache_invalidate:  {"method":"GET","url":"http:/","invalidateInfo":{"identifier":"DB_PDO_MYSQL_DDL_stores_data_exporter_index_sequence_3"}} []
[2026-05-19T04:36:29.877013+00:00] main.DEBUG: cache_invalidate:  {"method":"GET","url":"http:/","invalidateInfo":{"identifier":"DB_PDO_MYSQL_DDL_stores_data_exporter_index_sequence_4"}} []
[2026-05-19T04:36:29.877109+00:00] main.DEBUG: cache_invalidate:  {"method":"GET","url":"http:/","invalidateInfo":{"identifier":"DB_PDO_MYSQL_DDL_stores_data_exporter_index_sequence_4"}} []
[2026-05-19T04:36:29.879969+00:00] main.DEBUG: cache_invalidate:  {"method":"GET","url":"http:/","invalidateInfo":{"identifier":"DB_PDO_MYSQL_DDL_stores_data_exporter_index_sequence_5"}} []
[2026-05-19T04:36:29.880036+00:00] main.DEBUG: cache_invalidate:  {"method":"GET","url":"http:/","invalidateInfo":{"identifier":"DB_PDO_MYSQL_DDL_stores_data_exporter_index_sequence_5"}} []
[2026-05-19T04:36:29.883442+00:00] main.INFO: {"feed":"stores","operation":"full reindex(legacy)","status":"Creating batch table `stores_data_exporter_index_batches`. Start position: 0","elapsed":"881 ms","pid":"61","caller":"\/var\/www\/html\/bin\/magento indexer:reindex"} [] []
[2026-05-19T04:36:29.895278+00:00] main.DEBUG: cache_invalidate:  {"method":"GET","url":"http:/","invalidateInfo":{"identifier":"DB_PDO_MYSQL_DDL_stores_data_exporter_index_batches_1"}} []
[2026-05-19T04:36:29.895402+00:00] main.DEBUG: cache_invalidate:  {"method":"GET","url":"http:/","invalidateInfo":{"identifier":"DB_PDO_MYSQL_DDL_stores_data_exporter_index_batches_1"}} []
[2026-05-19T04:36:29.899322+00:00] main.DEBUG: cache_invalidate:  {"method":"GET","url":"http:/","invalidateInfo":{"identifier":"DB_PDO_MYSQL_DDL_stores_data_exporter_index_batches_2"}} []
[2026-05-19T04:36:29.899498+00:00] main.DEBUG: cache_invalidate:  {"method":"GET","url":"http:/","invalidateInfo":{"identifier":"DB_PDO_MYSQL_DDL_stores_data_exporter_index_batches_2"}} []
[2026-05-19T04:36:29.903275+00:00] main.DEBUG: cache_invalidate:  {"method":"GET","url":"http:/","invalidateInfo":{"identifier":"DB_PDO_MYSQL_DDL_stores_data_exporter_index_batches_3"}} []
[2026-05-19T04:36:29.903383+00:00] main.DEBUG: cache_invalidate:  {"method":"GET","url":"http:/","invalidateInfo":{"identifier":"DB_PDO_MYSQL_DDL_stores_data_exporter_index_batches_3"}} []
[2026-05-19T04:36:29.907799+00:00] main.DEBUG: cache_invalidate:  {"method":"GET","url":"http:/","invalidateInfo":{"identifier":"DB_PDO_MYSQL_DDL_stores_data_exporter_index_batches_4"}} []
[2026-05-19T04:36:29.907958+00:00] main.DEBUG: cache_invalidate:  {"method":"GET","url":"http:/","invalidateInfo":{"identifier":"DB_PDO_MYSQL_DDL_stores_data_exporter_index_batches_4"}} []
[2026-05-19T04:36:29.912277+00:00] main.DEBUG: cache_invalidate:  {"method":"GET","url":"http:/","invalidateInfo":{"identifier":"DB_PDO_MYSQL_DDL_stores_data_exporter_index_batches_5"}} []
[2026-05-19T04:36:29.912380+00:00] main.DEBUG: cache_invalidate:  {"method":"GET","url":"http:/","invalidateInfo":{"identifier":"DB_PDO_MYSQL_DDL_stores_data_exporter_index_batches_5"}} []
[2026-05-19T04:36:29.927085+00:00] main.DEBUG: cache_invalidate:  {"method":"GET","url":"http:/","invalidateInfo":{"identifier":"DB_PDO_MYSQL_DDL_stores_data_exporter_index_batches_1"}} []
[2026-05-19T04:36:29.927216+00:00] main.DEBUG: cache_invalidate:  {"method":"GET","url":"http:/","invalidateInfo":{"identifier":"DB_PDO_MYSQL_DDL_stores_data_exporter_index_batches_1"}} []
[2026-05-19T04:36:29.930149+00:00] main.DEBUG: cache_invalidate:  {"method":"GET","url":"http:/","invalidateInfo":{"identifier":"DB_PDO_MYSQL_DDL_stores_data_exporter_index_batches_2"}} []
[2026-05-19T04:36:29.930248+00:00] main.DEBUG: cache_invalidate:  {"method":"GET","url":"http:/","invalidateInfo":{"identifier":"DB_PDO_MYSQL_DDL_stores_data_exporter_index_batches_2"}} []
[2026-05-19T04:36:29.933246+00:00] main.DEBUG: cache_invalidate:  {"method":"GET","url":"http:/","invalidateInfo":{"identifier":"DB_PDO_MYSQL_DDL_stores_data_exporter_index_batches_3"}} []
[2026-05-19T04:36:29.933360+00:00] main.DEBUG: cache_invalidate:  {"method":"GET","url":"http:/","invalidateInfo":{"identifier":"DB_PDO_MYSQL_DDL_stores_data_exporter_index_batches_3"}} []
[2026-05-19T04:36:29.936316+00:00] main.DEBUG: cache_invalidate:  {"method":"GET","url":"http:/","invalidateInfo":{"identifier":"DB_PDO_MYSQL_DDL_stores_data_exporter_index_batches_4"}} []
[2026-05-19T04:36:29.936428+00:00] main.DEBUG: cache_invalidate:  {"method":"GET","url":"http:/","invalidateInfo":{"identifier":"DB_PDO_MYSQL_DDL_stores_data_exporter_index_batches_4"}} []
[2026-05-19T04:36:29.939350+00:00] main.DEBUG: cache_invalidate:  {"method":"GET","url":"http:/","invalidateInfo":{"identifier":"DB_PDO_MYSQL_DDL_stores_data_exporter_index_batches_5"}} []
[2026-05-19T04:36:29.939456+00:00] main.DEBUG: cache_invalidate:  {"method":"GET","url":"http:/","invalidateInfo":{"identifier":"DB_PDO_MYSQL_DDL_stores_data_exporter_index_batches_5"}} []
[2026-05-19T04:36:29.944792+00:00] main.INFO: {"feed":"stores","operation":"full reindex(legacy)","status":"Batch table `stores_data_exporter_index_batches` created. Total Items: 1, batches: ~0","elapsed":"942 ms","pid":"61","caller":"\/var\/www\/html\/bin\/magento indexer:reindex"} [] []
[2026-05-19T04:36:29.945073+00:00] main.INFO: {"feed":"stores","operation":"full reindex(legacy)","status":"start processing `1` items in `1` threads with `100` batch size","elapsed":"943 ms","pid":"61","caller":"\/var\/www\/html\/bin\/magento indexer:reindex"} [] []
[2026-05-19T04:36:29.953036+00:00] main.INFO: {"feed":"stores","operation":"full reindex(legacy)","status":"Progress 1\/1, processed 1, synced 1","elapsed":"951 ms","pid":"61","caller":"\/var\/www\/html\/bin\/magento indexer:reindex"} [] []
[2026-05-19T04:36:29.955276+00:00] main.INFO: {"feed":"stores","operation":"full reindex(legacy)","status":"Complete","elapsed":"953 ms","pid":"61","caller":"\/var\/www\/html\/bin\/magento indexer:reindex"} [] []
[2026-05-19T04:36:30.645020+00:00] main.DEBUG: cache_invalidate:  {"method":"GET","url":"http:/","invalidateInfo":{"tags":["FPC","MAGE"],"mode":"matchingTag"}} []
[2026-05-19T04:36:30.648175+00:00] main.DEBUG: cache_invalidate:  {"method":"GET","url":"http:/","invalidateInfo":{"tags":["FPC"],"mode":"matchingTag"}} []
[2026-05-19T04:36:30.779798+00:00] main.DEBUG: cache_invalidate:  {"method":"GET","url":"http:/","invalidateInfo":{"tags":["MAGE"],"mode":"matchingTag"}} []
[2026-05-19T04:36:30.779984+00:00] main.DEBUG: cache_invalidate:  {"method":"GET","url":"http:/","invalidateInfo":{"tags":[],"mode":"all"},"trace":"Exception: full purge of cache storage triggered in /var/www/html/vendor/magento/framework/Cache/InvalidateLogger.php:52
Stack trace:
#0 /var/www/html/vendor/magento/framework/Cache/Frontend/Decorator/Logger.php(62): Magento\\Framework\\Cache\\InvalidateLogger->execute(Array)
#1 /var/www/html/vendor/magento/framework/Cache/Frontend/Decorator/Logger.php(50): Magento\\Framework\\Cache\\Frontend\\Decorator\\Logger->log(Array)
#2 /var/www/html/vendor/magento/framework/Cache/Frontend/Decorator/Bare.php(92): Magento\\Framework\\Cache\\Frontend\\Decorator\\Logger->clean('all', Array)
#3 /var/www/html/vendor/magento/framework/App/Cache/Type/AccessProxy.php(110): Magento\\Framework\\Cache\\Frontend\\Decorator\\Bare->clean('all', Array)
#4 /var/www/html/vendor/magento/framework/App/Cache/Manager.php(111): Magento\\Framework\\App\\Cache\\Type\\AccessProxy->clean()
#5 /var/www/html/vendor/magento/module-backend/Console/Command/CacheFlushCommand.php(39): Magento\\Framework\\App\\Cache\\Manager->flush(Array)
#6 /var/www/html/vendor/magento/module-backend/Console/Command/AbstractCacheTypeManageCommand.php(64): Magento\\Backend\\Console\\Command\\CacheFlushCommand->performAction(Array)
#7 /var/www/html/vendor/symfony/console/Command/Command.php(341): Magento\\Backend\\Console\\Command\\AbstractCacheTypeManageCommand->execute(Object(Symfony\\Component\\Console\\Input\\ArgvInput), Object(Symfony\\Component\\Console\\Output\\ConsoleOutput))
#8 /var/www/html/vendor/magento/framework/Interception/Interceptor.php(58): Symfony\\Component\\Console\\Command\\Command->run(Object(Symfony\\Component\\Console\\Input\\ArgvInput), Object(Symfony\\Component\\Console\\Output\\ConsoleOutput))
#9 /var/www/html/vendor/magento/framework/Interception/Interceptor.php(138): Magento\\Backend\\Console\\Command\\CacheFlushCommand\\Interceptor->___callParent('run', Array)
#10 /var/www/html/vendor/magento/framework/Interception/Interceptor.php(153): Magento\\Backend\\Console\\Command\\CacheFlushCommand\\Interceptor->Magento\\Framework\\Interception\\{closure}(Object(Symfony\\Component\\Console\\Input\\ArgvInput), Object(Symfony\\Component\\Console\\Output\\ConsoleOutput))
#11 /var/www/html/generated/code/Magento/Backend/Console/Command/CacheFlushCommand/Interceptor.php(77): Magento\\Backend\\Console\\Command\\CacheFlushCommand\\Interceptor->___callPlugins('run', Array, Array)
#12 /var/www/html/vendor/symfony/console/Application.php(1094): Magento\\Backend\\Console\\Command\\CacheFlushCommand\\Interceptor->run(Object(Symfony\\Component\\Console\\Input\\ArgvInput), Object(Symfony\\Component\\Console\\Output\\ConsoleOutput))
#13 /var/www/html/vendor/symfony/console/Application.php(356): Symfony\\Component\\Console\\Application->doRunCommand(Object(Magento\\Backend\\Console\\Command\\CacheFlushCommand\\Interceptor), Object(Symfony\\Component\\Console\\Input\\ArgvInput), Object(Symfony\\Component\\Console\\Output\\ConsoleOutput))
#14 /var/www/html/vendor/magento/framework/Console/Cli.php(137): Symfony\\Component\\Console\\Application->doRun(Object(Symfony\\Component\\Console\\Input\\ArgvInput), Object(Symfony\\Component\\Console\\Output\\ConsoleOutput))
#15 /var/www/html/vendor/symfony/console/Application.php(195): Magento\\Framework\\Console\\Cli->doRun(Object(Symfony\\Component\\Console\\Input\\ArgvInput), Object(Symfony\\Component\\Console\\Output\\ConsoleOutput))
#16 /var/www/html/bin/magento(23): Symfony\\Component\\Console\\Application->run()
#17 {main}"} []
[2026-05-19T04:36:30.804597+00:00] main.DEBUG: cache_invalidate:  {"method":"GET","url":"http:/","invalidateInfo":{"tags":["MAGE"],"mode":"matchingTag"}} []
[2026-05-19T04:36:30.804783+00:00] main.DEBUG: cache_invalidate:  {"method":"GET","url":"http:/","invalidateInfo":{"tags":[],"mode":"all"},"trace":"Exception: full purge of cache storage triggered in /var/www/html/vendor/magento/framework/Cache/InvalidateLogger.php:52
Stack trace:
#0 /var/www/html/vendor/magento/framework/Cache/Frontend/Decorator/Logger.php(62): Magento\\Framework\\Cache\\InvalidateLogger->execute(Array)
#1 /var/www/html/vendor/magento/framework/Cache/Frontend/Decorator/Logger.php(50): Magento\\Framework\\Cache\\Frontend\\Decorator\\Logger->log(Array)
#2 /var/www/html/vendor/magento/framework/Cache/Frontend/Decorator/Bare.php(92): Magento\\Framework\\Cache\\Frontend\\Decorator\\Logger->clean('all', Array)
#3 /var/www/html/vendor/magento/framework/App/Cache/Type/AccessProxy.php(110): Magento\\Framework\\Cache\\Frontend\\Decorator\\Bare->clean('all', Array)
#4 /var/www/html/vendor/magento/framework/App/Cache/Manager.php(111): Magento\\Framework\\App\\Cache\\Type\\AccessProxy->clean()
#5 /var/www/html/vendor/magento/module-backend/Console/Command/CacheFlushCommand.php(39): Magento\\Framework\\App\\Cache\\Manager->flush(Array)
#6 /var/www/html/vendor/magento/module-backend/Console/Command/AbstractCacheTypeManageCommand.php(64): Magento\\Backend\\Console\\Command\\CacheFlushCommand->performAction(Array)
#7 /var/www/html/vendor/symfony/console/Command/Command.php(341): Magento\\Backend\\Console\\Command\\AbstractCacheTypeManageCommand->execute(Object(Symfony\\Component\\Console\\Input\\ArgvInput), Object(Symfony\\Component\\Console\\Output\\ConsoleOutput))
#8 /var/www/html/vendor/magento/framework/Interception/Interceptor.php(58): Symfony\\Component\\Console\\Command\\Command->run(Object(Symfony\\Component\\Console\\Input\\ArgvInput), Object(Symfony\\Component\\Console\\Output\\ConsoleOutput))
#9 /var/www/html/vendor/magento/framework/Interception/Interceptor.php(138): Magento\\Backend\\Console\\Command\\CacheFlushCommand\\Interceptor->___callParent('run', Array)
#10 /var/www/html/vendor/magento/framework/Interception/Interceptor.php(153): Magento\\Backend\\Console\\Command\\CacheFlushCommand\\Interceptor->Magento\\Framework\\Interception\\{closure}(Object(Symfony\\Component\\Console\\Input\\ArgvInput), Object(Symfony\\Component\\Console\\Output\\ConsoleOutput))
#11 /var/www/html/generated/code/Magento/Backend/Console/Command/CacheFlushCommand/Interceptor.php(77): Magento\\Backend\\Console\\Command\\CacheFlushCommand\\Interceptor->___callPlugins('run', Array, Array)
#12 /var/www/html/vendor/symfony/console/Application.php(1094): Magento\\Backend\\Console\\Command\\CacheFlushCommand\\Interceptor->run(Object(Symfony\\Component\\Console\\Input\\ArgvInput), Object(Symfony\\Component\\Console\\Output\\ConsoleOutput))
#13 /var/www/html/vendor/symfony/console/Application.php(356): Symfony\\Component\\Console\\Application->doRunCommand(Object(Magento\\Backend\\Console\\Command\\CacheFlushCommand\\Interceptor), Object(Symfony\\Component\\Console\\Input\\ArgvInput), Object(Symfony\\Component\\Console\\Output\\ConsoleOutput))
#14 /var/www/html/vendor/magento/framework/Console/Cli.php(137): Symfony\\Component\\Console\\Application->doRun(Object(Symfony\\Component\\Console\\Input\\ArgvInput), Object(Symfony\\Component\\Console\\Output\\ConsoleOutput))
#15 /var/www/html/vendor/symfony/console/Application.php(195): Magento\\Framework\\Console\\Cli->doRun(Object(Symfony\\Component\\Console\\Input\\ArgvInput), Object(Symfony\\Component\\Console\\Output\\ConsoleOutput))
#16 /var/www/html/bin/magento(23): Symfony\\Component\\Console\\Application->run()
#17 {main}"} []
[2026-05-19T04:36:30.823781+00:00] main.DEBUG: cache_invalidate:  {"method":"GET","url":"http:/","invalidateInfo":{"tags":["MAGE"],"mode":"matchingTag"}} []
[2026-05-19T04:36:30.823928+00:00] main.DEBUG: cache_invalidate:  {"method":"GET","url":"http:/","invalidateInfo":{"tags":[],"mode":"all"},"trace":"Exception: full purge of cache storage triggered in /var/www/html/vendor/magento/framework/Cache/InvalidateLogger.php:52
Stack trace:
#0 /var/www/html/vendor/magento/framework/Cache/Frontend/Decorator/Logger.php(62): Magento\\Framework\\Cache\\InvalidateLogger->execute(Array)
#1 /var/www/html/vendor/magento/framework/Cache/Frontend/Decorator/Logger.php(50): Magento\\Framework\\Cache\\Frontend\\Decorator\\Logger->log(Array)
#2 /var/www/html/vendor/magento/framework/Cache/Frontend/Decorator/Bare.php(92): Magento\\Framework\\Cache\\Frontend\\Decorator\\Logger->clean('all', Array)
#3 /var/www/html/vendor/magento/framework/App/Cache/Type/AccessProxy.php(110): Magento\\Framework\\Cache\\Frontend\\Decorator\\Bare->clean('all', Array)
#4 /var/www/html/vendor/magento/framework/App/Cache/Manager.php(111): Magento\\Framework\\App\\Cache\\Type\\AccessProxy->clean()
#5 /var/www/html/vendor/magento/module-backend/Console/Command/CacheFlushCommand.php(39): Magento\\Framework\\App\\Cache\\Manager->flush(Array)
#6 /var/www/html/vendor/magento/module-backend/Console/Command/AbstractCacheTypeManageCommand.php(64): Magento\\Backend\\Console\\Command\\CacheFlushCommand->performAction(Array)
#7 /var/www/html/vendor/symfony/console/Command/Command.php(341): Magento\\Backend\\Console\\Command\\AbstractCacheTypeManageCommand->execute(Object(Symfony\\Component\\Console\\Input\\ArgvInput), Object(Symfony\\Component\\Console\\Output\\ConsoleOutput))
#8 /var/www/html/vendor/magento/framework/Interception/Interceptor.php(58): Symfony\\Component\\Console\\Command\\Command->run(Object(Symfony\\Component\\Console\\Input\\ArgvInput), Object(Symfony\\Component\\Console\\Output\\ConsoleOutput))
#9 /var/www/html/vendor/magento/framework/Interception/Interceptor.php(138): Magento\\Backend\\Console\\Command\\CacheFlushCommand\\Interceptor->___callParent('run', Array)
#10 /var/www/html/vendor/magento/framework/Interception/Interceptor.php(153): Magento\\Backend\\Console\\Command\\CacheFlushCommand\\Interceptor->Magento\\Framework\\Interception\\{closure}(Object(Symfony\\Component\\Console\\Input\\ArgvInput), Object(Symfony\\Component\\Console\\Output\\ConsoleOutput))
#11 /var/www/html/generated/code/Magento/Backend/Console/Command/CacheFlushCommand/Interceptor.php(77): Magento\\Backend\\Console\\Command\\CacheFlushCommand\\Interceptor->___callPlugins('run', Array, Array)
#12 /var/www/html/vendor/symfony/console/Application.php(1094): Magento\\Backend\\Console\\Command\\CacheFlushCommand\\Interceptor->run(Object(Symfony\\Component\\Console\\Input\\ArgvInput), Object(Symfony\\Component\\Console\\Output\\ConsoleOutput))
#13 /var/www/html/vendor/symfony/console/Application.php(356): Symfony\\Component\\Console\\Application->doRunCommand(Object(Magento\\Backend\\Console\\Command\\CacheFlushCommand\\Interceptor), Object(Symfony\\Component\\Console\\Input\\ArgvInput), Object(Symfony\\Component\\Console\\Output\\ConsoleOutput))
#14 /var/www/html/vendor/magento/framework/Console/Cli.php(137): Symfony\\Component\\Console\\Application->doRun(Object(Symfony\\Component\\Console\\Input\\ArgvInput), Object(Symfony\\Component\\Console\\Output\\ConsoleOutput))
#15 /var/www/html/vendor/symfony/console/Application.php(195): Magento\\Framework\\Console\\Cli->doRun(Object(Symfony\\Component\\Console\\Input\\ArgvInput), Object(Symfony\\Component\\Console\\Output\\ConsoleOutput))
#16 /var/www/html/bin/magento(23): Symfony\\Component\\Console\\Application->run()
#17 {main}"} []
[2026-05-19T04:36:30.842809+00:00] main.DEBUG: cache_invalidate:  {"method":"GET","url":"http:/","invalidateInfo":{"tags":["MAGE"],"mode":"matchingTag"}} []
[2026-05-19T04:36:30.843027+00:00] main.DEBUG: cache_invalidate:  {"method":"GET","url":"http:/","invalidateInfo":{"tags":[],"mode":"all"},"trace":"Exception: full purge of cache storage triggered in /var/www/html/vendor/magento/framework/Cache/InvalidateLogger.php:52
Stack trace:
#0 /var/www/html/vendor/magento/framework/Cache/Frontend/Decorator/Logger.php(62): Magento\\Framework\\Cache\\InvalidateLogger->execute(Array)
#1 /var/www/html/vendor/magento/framework/Cache/Frontend/Decorator/Logger.php(50): Magento\\Framework\\Cache\\Frontend\\Decorator\\Logger->log(Array)
#2 /var/www/html/vendor/magento/framework/Cache/Frontend/Decorator/Bare.php(92): Magento\\Framework\\Cache\\Frontend\\Decorator\\Logger->clean('all', Array)
#3 /var/www/html/vendor/magento/framework/App/Cache/Type/AccessProxy.php(110): Magento\\Framework\\Cache\\Frontend\\Decorator\\Bare->clean('all', Array)
#4 /var/www/html/vendor/magento/framework/App/Cache/Manager.php(111): Magento\\Framework\\App\\Cache\\Type\\AccessProxy->clean()
#5 /var/www/html/vendor/magento/module-backend/Console/Command/CacheFlushCommand.php(39): Magento\\Framework\\App\\Cache\\Manager->flush(Array)
#6 /var/www/html/vendor/magento/module-backend/Console/Command/AbstractCacheTypeManageCommand.php(64): Magento\\Backend\\Console\\Command\\CacheFlushCommand->performAction(Array)
#7 /var/www/html/vendor/symfony/console/Command/Command.php(341): Magento\\Backend\\Console\\Command\\AbstractCacheTypeManageCommand->execute(Object(Symfony\\Component\\Console\\Input\\ArgvInput), Object(Symfony\\Component\\Console\\Output\\ConsoleOutput))
#8 /var/www/html/vendor/magento/framework/Interception/Interceptor.php(58): Symfony\\Component\\Console\\Command\\Command->run(Object(Symfony\\Component\\Console\\Input\\ArgvInput), Object(Symfony\\Component\\Console\\Output\\ConsoleOutput))
#9 /var/www/html/vendor/magento/framework/Interception/Interceptor.php(138): Magento\\Backend\\Console\\Command\\CacheFlushCommand\\Interceptor->___callParent('run', Array)
#10 /var/www/html/vendor/magento/framework/Interception/Interceptor.php(153): Magento\\Backend\\Console\\Command\\CacheFlushCommand\\Interceptor->Magento\\Framework\\Interception\\{closure}(Object(Symfony\\Component\\Console\\Input\\ArgvInput), Object(Symfony\\Component\\Console\\Output\\ConsoleOutput))
#11 /var/www/html/generated/code/Magento/Backend/Console/Command/CacheFlushCommand/Interceptor.php(77): Magento\\Backend\\Console\\Command\\CacheFlushCommand\\Interceptor->___callPlugins('run', Array, Array)
#12 /var/www/html/vendor/symfony/console/Application.php(1094): Magento\\Backend\\Console\\Command\\CacheFlushCommand\\Interceptor->run(Object(Symfony\\Component\\Console\\Input\\ArgvInput), Object(Symfony\\Component\\Console\\Output\\ConsoleOutput))
#13 /var/www/html/vendor/symfony/console/Application.php(356): Symfony\\Component\\Console\\Application->doRunCommand(Object(Magento\\Backend\\Console\\Command\\CacheFlushCommand\\Interceptor), Object(Symfony\\Component\\Console\\Input\\ArgvInput), Object(Symfony\\Component\\Console\\Output\\ConsoleOutput))
#14 /var/www/html/vendor/magento/framework/Console/Cli.php(137): Symfony\\Component\\Console\\Application->doRun(Object(Symfony\\Component\\Console\\Input\\ArgvInput), Object(Symfony\\Component\\Console\\Output\\ConsoleOutput))
#15 /var/www/html/vendor/symfony/console/Application.php(195): Magento\\Framework\\Console\\Cli->doRun(Object(Symfony\\Component\\Console\\Input\\ArgvInput), Object(Symfony\\Component\\Console\\Output\\ConsoleOutput))
#16 /var/www/html/bin/magento(23): Symfony\\Component\\Console\\Application->run()
#17 {main}"} []
[2026-05-19T04:36:30.861424+00:00] main.DEBUG: cache_invalidate:  {"method":"GET","url":"http:/","invalidateInfo":{"tags":["MAGE"],"mode":"matchingTag"}} []
[2026-05-19T04:36:30.861644+00:00] main.DEBUG: cache_invalidate:  {"method":"GET","url":"http:/","invalidateInfo":{"tags":[],"mode":"all"},"trace":"Exception: full purge of cache storage triggered in /var/www/html/vendor/magento/framework/Cache/InvalidateLogger.php:52
Stack trace:
#0 /var/www/html/vendor/magento/framework/Cache/Frontend/Decorator/Logger.php(62): Magento\\Framework\\Cache\\InvalidateLogger->execute(Array)
#1 /var/www/html/vendor/magento/framework/Cache/Frontend/Decorator/Logger.php(50): Magento\\Framework\\Cache\\Frontend\\Decorator\\Logger->log(Array)
#2 /var/www/html/vendor/magento/framework/Cache/Frontend/Decorator/Bare.php(92): Magento\\Framework\\Cache\\Frontend\\Decorator\\Logger->clean('all', Array)
#3 /var/www/html/vendor/magento/framework/App/Cache/Type/AccessProxy.php(110): Magento\\Framework\\Cache\\Frontend\\Decorator\\Bare->clean('all', Array)
#4 /var/www/html/vendor/magento/framework/App/Cache/Manager.php(111): Magento\\Framework\\App\\Cache\\Type\\AccessProxy->clean()
#5 /var/www/html/vendor/magento/module-backend/Console/Command/CacheFlushCommand.php(39): Magento\\Framework\\App\\Cache\\Manager->flush(Array)
#6 /var/www/html/vendor/magento/module-backend/Console/Command/AbstractCacheTypeManageCommand.php(64): Magento\\Backend\\Console\\Command\\CacheFlushCommand->performAction(Array)
#7 /var/www/html/vendor/symfony/console/Command/Command.php(341): Magento\\Backend\\Console\\Command\\AbstractCacheTypeManageCommand->execute(Object(Symfony\\Component\\Console\\Input\\ArgvInput), Object(Symfony\\Component\\Console\\Output\\ConsoleOutput))
#8 /var/www/html/vendor/magento/framework/Interception/Interceptor.php(58): Symfony\\Component\\Console\\Command\\Command->run(Object(Symfony\\Component\\Console\\Input\\ArgvInput), Object(Symfony\\Component\\Console\\Output\\ConsoleOutput))
#9 /var/www/html/vendor/magento/framework/Interception/Interceptor.php(138): Magento\\Backend\\Console\\Command\\CacheFlushCommand\\Interceptor->___callParent('run', Array)
#10 /var/www/html/vendor/magento/framework/Interception/Interceptor.php(153): Magento\\Backend\\Console\\Command\\CacheFlushCommand\\Interceptor->Magento\\Framework\\Interception\\{closure}(Object(Symfony\\Component\\Console\\Input\\ArgvInput), Object(Symfony\\Component\\Console\\Output\\ConsoleOutput))
#11 /var/www/html/generated/code/Magento/Backend/Console/Command/CacheFlushCommand/Interceptor.php(77): Magento\\Backend\\Console\\Command\\CacheFlushCommand\\Interceptor->___callPlugins('run', Array, Array)
#12 /var/www/html/vendor/symfony/console/Application.php(1094): Magento\\Backend\\Console\\Command\\CacheFlushCommand\\Interceptor->run(Object(Symfony\\Component\\Console\\Input\\ArgvInput), Object(Symfony\\Component\\Console\\Output\\ConsoleOutput))
#13 /var/www/html/vendor/symfony/console/Application.php(356): Symfony\\Component\\Console\\Application->doRunCommand(Object(Magento\\Backend\\Console\\Command\\CacheFlushCommand\\Interceptor), Object(Symfony\\Component\\Console\\Input\\ArgvInput), Object(Symfony\\Component\\Console\\Output\\ConsoleOutput))
#14 /var/www/html/vendor/magento/framework/Console/Cli.php(137): Symfony\\Component\\Console\\Application->doRun(Object(Symfony\\Component\\Console\\Input\\ArgvInput), Object(Symfony\\Component\\Console\\Output\\ConsoleOutput))
#15 /var/www/html/vendor/symfony/console/Application.php(195): Magento\\Framework\\Console\\Cli->doRun(Object(Symfony\\Component\\Console\\Input\\ArgvInput), Object(Symfony\\Component\\Console\\Output\\ConsoleOutput))
#16 /var/www/html/bin/magento(23): Symfony\\Component\\Console\\Application->run()
#17 {main}"} []
[2026-05-19T04:36:30.880422+00:00] main.DEBUG: cache_invalidate:  {"method":"GET","url":"http:/","invalidateInfo":{"tags":["MAGE"],"mode":"matchingTag"}} []
[2026-05-19T04:36:30.880639+00:00] main.DEBUG: cache_invalidate:  {"method":"GET","url":"http:/","invalidateInfo":{"tags":[],"mode":"all"},"trace":"Exception: full purge of cache storage triggered in /var/www/html/vendor/magento/framework/Cache/InvalidateLogger.php:52
Stack trace:
#0 /var/www/html/vendor/magento/framework/Cache/Frontend/Decorator/Logger.php(62): Magento\\Framework\\Cache\\InvalidateLogger->execute(Array)
#1 /var/www/html/vendor/magento/framework/Cache/Frontend/Decorator/Logger.php(50): Magento\\Framework\\Cache\\Frontend\\Decorator\\Logger->log(Array)
#2 /var/www/html/vendor/magento/framework/Cache/Frontend/Decorator/Bare.php(92): Magento\\Framework\\Cache\\Frontend\\Decorator\\Logger->clean('all', Array)
#3 /var/www/html/vendor/magento/framework/App/Cache/Type/AccessProxy.php(110): Magento\\Framework\\Cache\\Frontend\\Decorator\\Bare->clean('all', Array)
#4 /var/www/html/vendor/magento/framework/App/Cache/Manager.php(111): Magento\\Framework\\App\\Cache\\Type\\AccessProxy->clean()
#5 /var/www/html/vendor/magento/module-backend/Console/Command/CacheFlushCommand.php(39): Magento\\Framework\\App\\Cache\\Manager->flush(Array)
#6 /var/www/html/vendor/magento/module-backend/Console/Command/AbstractCacheTypeManageCommand.php(64): Magento\\Backend\\Console\\Command\\CacheFlushCommand->performAction(Array)
#7 /var/www/html/vendor/symfony/console/Command/Command.php(341): Magento\\Backend\\Console\\Command\\AbstractCacheTypeManageCommand->execute(Object(Symfony\\Component\\Console\\Input\\ArgvInput), Object(Symfony\\Component\\Console\\Output\\ConsoleOutput))
#8 /var/www/html/vendor/magento/framework/Interception/Interceptor.php(58): Symfony\\Component\\Console\\Command\\Command->run(Object(Symfony\\Component\\Console\\Input\\ArgvInput), Object(Symfony\\Component\\Console\\Output\\ConsoleOutput))
#9 /var/www/html/vendor/magento/framework/Interception/Interceptor.php(138): Magento\\Backend\\Console\\Command\\CacheFlushCommand\\Interceptor->___callParent('run', Array)
#10 /var/www/html/vendor/magento/framework/Interception/Interceptor.php(153): Magento\\Backend\\Console\\Command\\CacheFlushCommand\\Interceptor->Magento\\Framework\\Interception\\{closure}(Object(Symfony\\Component\\Console\\Input\\ArgvInput), Object(Symfony\\Component\\Console\\Output\\ConsoleOutput))
#11 /var/www/html/generated/code/Magento/Backend/Console/Command/CacheFlushCommand/Interceptor.php(77): Magento\\Backend\\Console\\Command\\CacheFlushCommand\\Interceptor->___callPlugins('run', Array, Array)
#12 /var/www/html/vendor/symfony/console/Application.php(1094): Magento\\Backend\\Console\\Command\\CacheFlushCommand\\Interceptor->run(Object(Symfony\\Component\\Console\\Input\\ArgvInput), Object(Symfony\\Component\\Console\\Output\\ConsoleOutput))
#13 /var/www/html/vendor/symfony/console/Application.php(356): Symfony\\Component\\Console\\Application->doRunCommand(Object(Magento\\Backend\\Console\\Command\\CacheFlushCommand\\Interceptor), Object(Symfony\\Component\\Console\\Input\\ArgvInput), Object(Symfony\\Component\\Console\\Output\\ConsoleOutput))
#14 /var/www/html/vendor/magento/framework/Console/Cli.php(137): Symfony\\Component\\Console\\Application->doRun(Object(Symfony\\Component\\Console\\Input\\ArgvInput), Object(Symfony\\Component\\Console\\Output\\ConsoleOutput))
#15 /var/www/html/vendor/symfony/console/Application.php(195): Magento\\Framework\\Console\\Cli->doRun(Object(Symfony\\Component\\Console\\Input\\ArgvInput), Object(Symfony\\Component\\Console\\Output\\ConsoleOutput))
#16 /var/www/html/bin/magento(23): Symfony\\Component\\Console\\Application->run()
#17 {main}"} []
[2026-05-19T04:36:30.898251+00:00] main.DEBUG: cache_invalidate:  {"method":"GET","url":"http:/","invalidateInfo":{"tags":["MAGE"],"mode":"matchingTag"}} []
[2026-05-19T04:36:30.898402+00:00] main.DEBUG: cache_invalidate:  {"method":"GET","url":"http:/","invalidateInfo":{"tags":[],"mode":"all"},"trace":"Exception: full purge of cache storage triggered in /var/www/html/vendor/magento/framework/Cache/InvalidateLogger.php:52
Stack trace:
#0 /var/www/html/vendor/magento/framework/Cache/Frontend/Decorator/Logger.php(62): Magento\\Framework\\Cache\\InvalidateLogger->execute(Array)
#1 /var/www/html/vendor/magento/framework/Cache/Frontend/Decorator/Logger.php(50): Magento\\Framework\\Cache\\Frontend\\Decorator\\Logger->log(Array)
#2 /var/www/html/vendor/magento/framework/Cache/Frontend/Decorator/Bare.php(92): Magento\\Framework\\Cache\\Frontend\\Decorator\\Logger->clean('all', Array)
#3 /var/www/html/vendor/magento/framework/App/Cache/Type/AccessProxy.php(110): Magento\\Framework\\Cache\\Frontend\\Decorator\\Bare->clean('all', Array)
#4 /var/www/html/vendor/magento/framework/App/Cache/Manager.php(111): Magento\\Framework\\App\\Cache\\Type\\AccessProxy->clean()
#5 /var/www/html/vendor/magento/module-backend/Console/Command/CacheFlushCommand.php(39): Magento\\Framework\\App\\Cache\\Manager->flush(Array)
#6 /var/www/html/vendor/magento/module-backend/Console/Command/AbstractCacheTypeManageCommand.php(64): Magento\\Backend\\Console\\Command\\CacheFlushCommand->performAction(Array)
#7 /var/www/html/vendor/symfony/console/Command/Command.php(341): Magento\\Backend\\Console\\Command\\AbstractCacheTypeManageCommand->execute(Object(Symfony\\Component\\Console\\Input\\ArgvInput), Object(Symfony\\Component\\Console\\Output\\ConsoleOutput))
#8 /var/www/html/vendor/magento/framework/Interception/Interceptor.php(58): Symfony\\Component\\Console\\Command\\Command->run(Object(Symfony\\Component\\Console\\Input\\ArgvInput), Object(Symfony\\Component\\Console\\Output\\ConsoleOutput))
#9 /var/www/html/vendor/magento/framework/Interception/Interceptor.php(138): Magento\\Backend\\Console\\Command\\CacheFlushCommand\\Interceptor->___callParent('run', Array)
#10 /var/www/html/vendor/magento/framework/Interception/Interceptor.php(153): Magento\\Backend\\Console\\Command\\CacheFlushCommand\\Interceptor->Magento\\Framework\\Interception\\{closure}(Object(Symfony\\Component\\Console\\Input\\ArgvInput), Object(Symfony\\Component\\Console\\Output\\ConsoleOutput))
#11 /var/www/html/generated/code/Magento/Backend/Console/Command/CacheFlushCommand/Interceptor.php(77): Magento\\Backend\\Console\\Command\\CacheFlushCommand\\Interceptor->___callPlugins('run', Array, Array)
#12 /var/www/html/vendor/symfony/console/Application.php(1094): Magento\\Backend\\Console\\Command\\CacheFlushCommand\\Interceptor->run(Object(Symfony\\Component\\Console\\Input\\ArgvInput), Object(Symfony\\Component\\Console\\Output\\ConsoleOutput))
#13 /var/www/html/vendor/symfony/console/Application.php(356): Symfony\\Component\\Console\\Application->doRunCommand(Object(Magento\\Backend\\Console\\Command\\CacheFlushCommand\\Interceptor), Object(Symfony\\Component\\Console\\Input\\ArgvInput), Object(Symfony\\Component\\Console\\Output\\ConsoleOutput))
#14 /var/www/html/vendor/magento/framework/Console/Cli.php(137): Symfony\\Component\\Console\\Application->doRun(Object(Symfony\\Component\\Console\\Input\\ArgvInput), Object(Symfony\\Component\\Console\\Output\\ConsoleOutput))
#15 /var/www/html/vendor/symfony/console/Application.php(195): Magento\\Framework\\Console\\Cli->doRun(Object(Symfony\\Component\\Console\\Input\\ArgvInput), Object(Symfony\\Component\\Console\\Output\\ConsoleOutput))
#16 /var/www/html/bin/magento(23): Symfony\\Component\\Console\\Application->run()
#17 {main}"} []
[2026-05-19T04:36:30.916985+00:00] main.DEBUG: cache_invalidate:  {"method":"GET","url":"http:/","invalidateInfo":{"tags":["MAGE"],"mode":"matchingTag"}} []
[2026-05-19T04:36:30.917164+00:00] main.DEBUG: cache_invalidate:  {"method":"GET","url":"http:/","invalidateInfo":{"tags":[],"mode":"all"},"trace":"Exception: full purge of cache storage triggered in /var/www/html/vendor/magento/framework/Cache/InvalidateLogger.php:52
Stack trace:
#0 /var/www/html/vendor/magento/framework/Cache/Frontend/Decorator/Logger.php(62): Magento\\Framework\\Cache\\InvalidateLogger->execute(Array)
#1 /var/www/html/vendor/magento/framework/Cache/Frontend/Decorator/Logger.php(50): Magento\\Framework\\Cache\\Frontend\\Decorator\\Logger->log(Array)
#2 /var/www/html/vendor/magento/framework/Cache/Frontend/Decorator/Bare.php(92): Magento\\Framework\\Cache\\Frontend\\Decorator\\Logger->clean('all', Array)
#3 /var/www/html/vendor/magento/framework/App/Cache/Type/AccessProxy.php(110): Magento\\Framework\\Cache\\Frontend\\Decorator\\Bare->clean('all', Array)
#4 /var/www/html/vendor/magento/framework/App/Cache/Manager.php(111): Magento\\Framework\\App\\Cache\\Type\\AccessProxy->clean()
#5 /var/www/html/vendor/magento/module-backend/Console/Command/CacheFlushCommand.php(39): Magento\\Framework\\App\\Cache\\Manager->flush(Array)
#6 /var/www/html/vendor/magento/module-backend/Console/Command/AbstractCacheTypeManageCommand.php(64): Magento\\Backend\\Console\\Command\\CacheFlushCommand->performAction(Array)
#7 /var/www/html/vendor/symfony/console/Command/Command.php(341): Magento\\Backend\\Console\\Command\\AbstractCacheTypeManageCommand->execute(Object(Symfony\\Component\\Console\\Input\\ArgvInput), Object(Symfony\\Component\\Console\\Output\\ConsoleOutput))
#8 /var/www/html/vendor/magento/framework/Interception/Interceptor.php(58): Symfony\\Component\\Console\\Command\\Command->run(Object(Symfony\\Component\\Console\\Input\\ArgvInput), Object(Symfony\\Component\\Console\\Output\\ConsoleOutput))
#9 /var/www/html/vendor/magento/framework/Interception/Interceptor.php(138): Magento\\Backend\\Console\\Command\\CacheFlushCommand\\Interceptor->___callParent('run', Array)
#10 /var/www/html/vendor/magento/framework/Interception/Interceptor.php(153): Magento\\Backend\\Console\\Command\\CacheFlushCommand\\Interceptor->Magento\\Framework\\Interception\\{closure}(Object(Symfony\\Component\\Console\\Input\\ArgvInput), Object(Symfony\\Component\\Console\\Output\\ConsoleOutput))
#11 /var/www/html/generated/code/Magento/Backend/Console/Command/CacheFlushCommand/Interceptor.php(77): Magento\\Backend\\Console\\Command\\CacheFlushCommand\\Interceptor->___callPlugins('run', Array, Array)
#12 /var/www/html/vendor/symfony/console/Application.php(1094): Magento\\Backend\\Console\\Command\\CacheFlushCommand\\Interceptor->run(Object(Symfony\\Component\\Console\\Input\\ArgvInput), Object(Symfony\\Component\\Console\\Output\\ConsoleOutput))
#13 /var/www/html/vendor/symfony/console/Application.php(356): Symfony\\Component\\Console\\Application->doRunCommand(Object(Magento\\Backend\\Console\\Command\\CacheFlushCommand\\Interceptor), Object(Symfony\\Component\\Console\\Input\\ArgvInput), Object(Symfony\\Component\\Console\\Output\\ConsoleOutput))
#14 /var/www/html/vendor/magento/framework/Console/Cli.php(137): Symfony\\Component\\Console\\Application->doRun(Object(Symfony\\Component\\Console\\Input\\ArgvInput), Object(Symfony\\Component\\Console\\Output\\ConsoleOutput))
#15 /var/www/html/vendor/symfony/console/Application.php(195): Magento\\Framework\\Console\\Cli->doRun(Object(Symfony\\Component\\Console\\Input\\ArgvInput), Object(Symfony\\Component\\Console\\Output\\ConsoleOutput))
#16 /var/www/html/bin/magento(23): Symfony\\Component\\Console\\Application->run()
#17 {main}"} []
[2026-05-19T04:36:30.935332+00:00] main.DEBUG: cache_invalidate:  {"method":"GET","url":"http:/","invalidateInfo":{"tags":["MAGE"],"mode":"matchingTag"}} []
[2026-05-19T04:36:30.935510+00:00] main.DEBUG: cache_invalidate:  {"method":"GET","url":"http:/","invalidateInfo":{"tags":[],"mode":"all"},"trace":"Exception: full purge of cache storage triggered in /var/www/html/vendor/magento/framework/Cache/InvalidateLogger.php:52
Stack trace:
#0 /var/www/html/vendor/magento/framework/Cache/Frontend/Decorator/Logger.php(62): Magento\\Framework\\Cache\\InvalidateLogger->execute(Array)
#1 /var/www/html/vendor/magento/framework/Cache/Frontend/Decorator/Logger.php(50): Magento\\Framework\\Cache\\Frontend\\Decorator\\Logger->log(Array)
#2 /var/www/html/vendor/magento/framework/Cache/Frontend/Decorator/Bare.php(92): Magento\\Framework\\Cache\\Frontend\\Decorator\\Logger->clean('all', Array)
#3 /var/www/html/vendor/magento/framework/App/Cache/Type/AccessProxy.php(110): Magento\\Framework\\Cache\\Frontend\\Decorator\\Bare->clean('all', Array)
#4 /var/www/html/vendor/magento/framework/App/Cache/Manager.php(111): Magento\\Framework\\App\\Cache\\Type\\AccessProxy->clean()
#5 /var/www/html/vendor/magento/module-backend/Console/Command/CacheFlushCommand.php(39): Magento\\Framework\\App\\Cache\\Manager->flush(Array)
#6 /var/www/html/vendor/magento/module-backend/Console/Command/AbstractCacheTypeManageCommand.php(64): Magento\\Backend\\Console\\Command\\CacheFlushCommand->performAction(Array)
#7 /var/www/html/vendor/symfony/console/Command/Command.php(341): Magento\\Backend\\Console\\Command\\AbstractCacheTypeManageCommand->execute(Object(Symfony\\Component\\Console\\Input\\ArgvInput), Object(Symfony\\Component\\Console\\Output\\ConsoleOutput))
#8 /var/www/html/vendor/magento/framework/Interception/Interceptor.php(58): Symfony\\Component\\Console\\Command\\Command->run(Object(Symfony\\Component\\Console\\Input\\ArgvInput), Object(Symfony\\Component\\Console\\Output\\ConsoleOutput))
#9 /var/www/html/vendor/magento/framework/Interception/Interceptor.php(138): Magento\\Backend\\Console\\Command\\CacheFlushCommand\\Interceptor->___callParent('run', Array)
#10 /var/www/html/vendor/magento/framework/Interception/Interceptor.php(153): Magento\\Backend\\Console\\Command\\CacheFlushCommand\\Interceptor->Magento\\Framework\\Interception\\{closure}(Object(Symfony\\Component\\Console\\Input\\ArgvInput), Object(Symfony\\Component\\Console\\Output\\ConsoleOutput))
#11 /var/www/html/generated/code/Magento/Backend/Console/Command/CacheFlushCommand/Interceptor.php(77): Magento\\Backend\\Console\\Command\\CacheFlushCommand\\Interceptor->___callPlugins('run', Array, Array)
#12 /var/www/html/vendor/symfony/console/Application.php(1094): Magento\\Backend\\Console\\Command\\CacheFlushCommand\\Interceptor->run(Object(Symfony\\Component\\Console\\Input\\ArgvInput), Object(Symfony\\Component\\Console\\Output\\ConsoleOutput))
#13 /var/www/html/vendor/symfony/console/Application.php(356): Symfony\\Component\\Console\\Application->doRunCommand(Object(Magento\\Backend\\Console\\Command\\CacheFlushCommand\\Interceptor), Object(Symfony\\Component\\Console\\Input\\ArgvInput), Object(Symfony\\Component\\Console\\Output\\ConsoleOutput))
#14 /var/www/html/vendor/magento/framework/Console/Cli.php(137): Symfony\\Component\\Console\\Application->doRun(Object(Symfony\\Component\\Console\\Input\\ArgvInput), Object(Symfony\\Component\\Console\\Output\\ConsoleOutput))
#15 /var/www/html/vendor/symfony/console/Application.php(195): Magento\\Framework\\Console\\Cli->doRun(Object(Symfony\\Component\\Console\\Input\\ArgvInput), Object(Symfony\\Component\\Console\\Output\\ConsoleOutput))
#16 /var/www/html/bin/magento(23): Symfony\\Component\\Console\\Application->run()
#17 {main}"} []
[2026-05-19T04:36:30.953634+00:00] main.DEBUG: cache_invalidate:  {"method":"GET","url":"http:/","invalidateInfo":{"tags":["MAGE"],"mode":"matchingTag"}} []
[2026-05-19T04:36:30.953790+00:00] main.DEBUG: cache_invalidate:  {"method":"GET","url":"http:/","invalidateInfo":{"tags":[],"mode":"all"},"trace":"Exception: full purge of cache storage triggered in /var/www/html/vendor/magento/framework/Cache/InvalidateLogger.php:52
Stack trace:
#0 /var/www/html/vendor/magento/framework/Cache/Frontend/Decorator/Logger.php(62): Magento\\Framework\\Cache\\InvalidateLogger->execute(Array)
#1 /var/www/html/vendor/magento/framework/Cache/Frontend/Decorator/Logger.php(50): Magento\\Framework\\Cache\\Frontend\\Decorator\\Logger->log(Array)
#2 /var/www/html/vendor/magento/framework/Cache/Frontend/Decorator/Bare.php(92): Magento\\Framework\\Cache\\Frontend\\Decorator\\Logger->clean('all', Array)
#3 /var/www/html/vendor/magento/framework/App/Cache/Type/AccessProxy.php(110): Magento\\Framework\\Cache\\Frontend\\Decorator\\Bare->clean('all', Array)
#4 /var/www/html/vendor/magento/framework/App/Cache/Manager.php(111): Magento\\Framework\\App\\Cache\\Type\\AccessProxy->clean()
#5 /var/www/html/vendor/magento/module-backend/Console/Command/CacheFlushCommand.php(39): Magento\\Framework\\App\\Cache\\Manager->flush(Array)
#6 /var/www/html/vendor/magento/module-backend/Console/Command/AbstractCacheTypeManageCommand.php(64): Magento\\Backend\\Console\\Command\\CacheFlushCommand->performAction(Array)
#7 /var/www/html/vendor/symfony/console/Command/Command.php(341): Magento\\Backend\\Console\\Command\\AbstractCacheTypeManageCommand->execute(Object(Symfony\\Component\\Console\\Input\\ArgvInput), Object(Symfony\\Component\\Console\\Output\\ConsoleOutput))
#8 /var/www/html/vendor/magento/framework/Interception/Interceptor.php(58): Symfony\\Component\\Console\\Command\\Command->run(Object(Symfony\\Component\\Console\\Input\\ArgvInput), Object(Symfony\\Component\\Console\\Output\\ConsoleOutput))
#9 /var/www/html/vendor/magento/framework/Interception/Interceptor.php(138): Magento\\Backend\\Console\\Command\\CacheFlushCommand\\Interceptor->___callParent('run', Array)
#10 /var/www/html/vendor/magento/framework/Interception/Interceptor.php(153): Magento\\Backend\\Console\\Command\\CacheFlushCommand\\Interceptor->Magento\\Framework\\Interception\\{closure}(Object(Symfony\\Component\\Console\\Input\\ArgvInput), Object(Symfony\\Component\\Console\\Output\\ConsoleOutput))
#11 /var/www/html/generated/code/Magento/Backend/Console/Command/CacheFlushCommand/Interceptor.php(77): Magento\\Backend\\Console\\Command\\CacheFlushCommand\\Interceptor->___callPlugins('run', Array, Array)
#12 /var/www/html/vendor/symfony/console/Application.php(1094): Magento\\Backend\\Console\\Command\\CacheFlushCommand\\Interceptor->run(Object(Symfony\\Component\\Console\\Input\\ArgvInput), Object(Symfony\\Component\\Console\\Output\\ConsoleOutput))
#13 /var/www/html/vendor/symfony/console/Application.php(356): Symfony\\Component\\Console\\Application->doRunCommand(Object(Magento\\Backend\\Console\\Command\\CacheFlushCommand\\Interceptor), Object(Symfony\\Component\\Console\\Input\\ArgvInput), Object(Symfony\\Component\\Console\\Output\\ConsoleOutput))
#14 /var/www/html/vendor/magento/framework/Console/Cli.php(137): Symfony\\Component\\Console\\Application->doRun(Object(Symfony\\Component\\Console\\Input\\ArgvInput), Object(Symfony\\Component\\Console\\Output\\ConsoleOutput))
#15 /var/www/html/vendor/symfony/console/Application.php(195): Magento\\Framework\\Console\\Cli->doRun(Object(Symfony\\Component\\Console\\Input\\ArgvInput), Object(Symfony\\Component\\Console\\Output\\ConsoleOutput))
#16 /var/www/html/bin/magento(23): Symfony\\Component\\Console\\Application->run()
#17 {main}"} []
[2026-05-19T04:36:30.971338+00:00] main.DEBUG: cache_invalidate:  {"method":"GET","url":"http:/","invalidateInfo":{"tags":["MAGE"],"mode":"matchingTag"}} []
[2026-05-19T04:36:30.971489+00:00] main.DEBUG: cache_invalidate:  {"method":"GET","url":"http:/","invalidateInfo":{"tags":[],"mode":"all"},"trace":"Exception: full purge of cache storage triggered in /var/www/html/vendor/magento/framework/Cache/InvalidateLogger.php:52
Stack trace:
#0 /var/www/html/vendor/magento/framework/Cache/Frontend/Decorator/Logger.php(62): Magento\\Framework\\Cache\\InvalidateLogger->execute(Array)
#1 /var/www/html/vendor/magento/framework/Cache/Frontend/Decorator/Logger.php(50): Magento\\Framework\\Cache\\Frontend\\Decorator\\Logger->log(Array)
#2 /var/www/html/vendor/magento/framework/Cache/Frontend/Decorator/Bare.php(92): Magento\\Framework\\Cache\\Frontend\\Decorator\\Logger->clean('all', Array)
#3 /var/www/html/vendor/magento/framework/App/Cache/Type/AccessProxy.php(110): Magento\\Framework\\Cache\\Frontend\\Decorator\\Bare->clean('all', Array)
#4 /var/www/html/vendor/magento/framework/App/Cache/Manager.php(111): Magento\\Framework\\App\\Cache\\Type\\AccessProxy->clean()
#5 /var/www/html/vendor/magento/module-backend/Console/Command/CacheFlushCommand.php(39): Magento\\Framework\\App\\Cache\\Manager->flush(Array)
#6 /var/www/html/vendor/magento/module-backend/Console/Command/AbstractCacheTypeManageCommand.php(64): Magento\\Backend\\Console\\Command\\CacheFlushCommand->performAction(Array)
#7 /var/www/html/vendor/symfony/console/Command/Command.php(341): Magento\\Backend\\Console\\Command\\AbstractCacheTypeManageCommand->execute(Object(Symfony\\Component\\Console\\Input\\ArgvInput), Object(Symfony\\Component\\Console\\Output\\ConsoleOutput))
#8 /var/www/html/vendor/magento/framework/Interception/Interceptor.php(58): Symfony\\Component\\Console\\Command\\Command->run(Object(Symfony\\Component\\Console\\Input\\ArgvInput), Object(Symfony\\Component\\Console\\Output\\ConsoleOutput))
#9 /var/www/html/vendor/magento/framework/Interception/Interceptor.php(138): Magento\\Backend\\Console\\Command\\CacheFlushCommand\\Interceptor->___callParent('run', Array)
#10 /var/www/html/vendor/magento/framework/Interception/Interceptor.php(153): Magento\\Backend\\Console\\Command\\CacheFlushCommand\\Interceptor->Magento\\Framework\\Interception\\{closure}(Object(Symfony\\Component\\Console\\Input\\ArgvInput), Object(Symfony\\Component\\Console\\Output\\ConsoleOutput))
#11 /var/www/html/generated/code/Magento/Backend/Console/Command/CacheFlushCommand/Interceptor.php(77): Magento\\Backend\\Console\\Command\\CacheFlushCommand\\Interceptor->___callPlugins('run', Array, Array)
#12 /var/www/html/vendor/symfony/console/Application.php(1094): Magento\\Backend\\Console\\Command\\CacheFlushCommand\\Interceptor->run(Object(Symfony\\Component\\Console\\Input\\ArgvInput), Object(Symfony\\Component\\Console\\Output\\ConsoleOutput))
#13 /var/www/html/vendor/symfony/console/Application.php(356): Symfony\\Component\\Console\\Application->doRunCommand(Object(Magento\\Backend\\Console\\Command\\CacheFlushCommand\\Interceptor), Object(Symfony\\Component\\Console\\Input\\ArgvInput), Object(Symfony\\Component\\Console\\Output\\ConsoleOutput))
#14 /var/www/html/vendor/magento/framework/Console/Cli.php(137): Symfony\\Component\\Console\\Application->doRun(Object(Symfony\\Component\\Console\\Input\\ArgvInput), Object(Symfony\\Component\\Console\\Output\\ConsoleOutput))
#15 /var/www/html/vendor/symfony/console/Application.php(195): Magento\\Framework\\Console\\Cli->doRun(Object(Symfony\\Component\\Console\\Input\\ArgvInput), Object(Symfony\\Component\\Console\\Output\\ConsoleOutput))
#16 /var/www/html/bin/magento(23): Symfony\\Component\\Console\\Application->run()
#17 {main}"} []
[2026-05-19T04:36:30.989973+00:00] main.DEBUG: cache_invalidate:  {"method":"GET","url":"http:/","invalidateInfo":{"tags":["MAGE"],"mode":"matchingTag"}} []
[2026-05-19T04:36:30.990159+00:00] main.DEBUG: cache_invalidate:  {"method":"GET","url":"http:/","invalidateInfo":{"tags":[],"mode":"all"},"trace":"Exception: full purge of cache storage triggered in /var/www/html/vendor/magento/framework/Cache/InvalidateLogger.php:52
Stack trace:
#0 /var/www/html/vendor/magento/framework/Cache/Frontend/Decorator/Logger.php(62): Magento\\Framework\\Cache\\InvalidateLogger->execute(Array)
#1 /var/www/html/vendor/magento/framework/Cache/Frontend/Decorator/Logger.php(50): Magento\\Framework\\Cache\\Frontend\\Decorator\\Logger->log(Array)
#2 /var/www/html/vendor/magento/framework/Cache/Frontend/Decorator/Bare.php(92): Magento\\Framework\\Cache\\Frontend\\Decorator\\Logger->clean('all', Array)
#3 /var/www/html/vendor/magento/framework/App/Cache/Type/AccessProxy.php(110): Magento\\Framework\\Cache\\Frontend\\Decorator\\Bare->clean('all', Array)
#4 /var/www/html/vendor/magento/framework/App/Cache/Manager.php(111): Magento\\Framework\\App\\Cache\\Type\\AccessProxy->clean()
#5 /var/www/html/vendor/magento/module-backend/Console/Command/CacheFlushCommand.php(39): Magento\\Framework\\App\\Cache\\Manager->flush(Array)
#6 /var/www/html/vendor/magento/module-backend/Console/Command/AbstractCacheTypeManageCommand.php(64): Magento\\Backend\\Console\\Command\\CacheFlushCommand->performAction(Array)
#7 /var/www/html/vendor/symfony/console/Command/Command.php(341): Magento\\Backend\\Console\\Command\\AbstractCacheTypeManageCommand->execute(Object(Symfony\\Component\\Console\\Input\\ArgvInput), Object(Symfony\\Component\\Console\\Output\\ConsoleOutput))
#8 /var/www/html/vendor/magento/framework/Interception/Interceptor.php(58): Symfony\\Component\\Console\\Command\\Command->run(Object(Symfony\\Component\\Console\\Input\\ArgvInput), Object(Symfony\\Component\\Console\\Output\\ConsoleOutput))
#9 /var/www/html/vendor/magento/framework/Interception/Interceptor.php(138): Magento\\Backend\\Console\\Command\\CacheFlushCommand\\Interceptor->___callParent('run', Array)
#10 /var/www/html/vendor/magento/framework/Interception/Interceptor.php(153): Magento\\Backend\\Console\\Command\\CacheFlushCommand\\Interceptor->Magento\\Framework\\Interception\\{closure}(Object(Symfony\\Component\\Console\\Input\\ArgvInput), Object(Symfony\\Component\\Console\\Output\\ConsoleOutput))
#11 /var/www/html/generated/code/Magento/Backend/Console/Command/CacheFlushCommand/Interceptor.php(77): Magento\\Backend\\Console\\Command\\CacheFlushCommand\\Interceptor->___callPlugins('run', Array, Array)
#12 /var/www/html/vendor/symfony/console/Application.php(1094): Magento\\Backend\\Console\\Command\\CacheFlushCommand\\Interceptor->run(Object(Symfony\\Component\\Console\\Input\\ArgvInput), Object(Symfony\\Component\\Console\\Output\\ConsoleOutput))
#13 /var/www/html/vendor/symfony/console/Application.php(356): Symfony\\Component\\Console\\Application->doRunCommand(Object(Magento\\Backend\\Console\\Command\\CacheFlushCommand\\Interceptor), Object(Symfony\\Component\\Console\\Input\\ArgvInput), Object(Symfony\\Component\\Console\\Output\\ConsoleOutput))
#14 /var/www/html/vendor/magento/framework/Console/Cli.php(137): Symfony\\Component\\Console\\Application->doRun(Object(Symfony\\Component\\Console\\Input\\ArgvInput), Object(Symfony\\Component\\Console\\Output\\ConsoleOutput))
#15 /var/www/html/vendor/symfony/console/Application.php(195): Magento\\Framework\\Console\\Cli->doRun(Object(Symfony\\Component\\Console\\Input\\ArgvInput), Object(Symfony\\Component\\Console\\Output\\ConsoleOutput))
#16 /var/www/html/bin/magento(23): Symfony\\Component\\Console\\Application->run()
#17 {main}"} []
[2026-05-19T04:36:31.008343+00:00] main.DEBUG: cache_invalidate:  {"method":"GET","url":"http:/","invalidateInfo":{"tags":["MAGE"],"mode":"matchingTag"}} []
[2026-05-19T04:36:31.008497+00:00] main.DEBUG: cache_invalidate:  {"method":"GET","url":"http:/","invalidateInfo":{"tags":[],"mode":"all"},"trace":"Exception: full purge of cache storage triggered in /var/www/html/vendor/magento/framework/Cache/InvalidateLogger.php:52
Stack trace:
#0 /var/www/html/vendor/magento/framework/Cache/Frontend/Decorator/Logger.php(62): Magento\\Framework\\Cache\\InvalidateLogger->execute(Array)
#1 /var/www/html/vendor/magento/framework/Cache/Frontend/Decorator/Logger.php(50): Magento\\Framework\\Cache\\Frontend\\Decorator\\Logger->log(Array)
#2 /var/www/html/vendor/magento/framework/Cache/Frontend/Decorator/Bare.php(92): Magento\\Framework\\Cache\\Frontend\\Decorator\\Logger->clean('all', Array)
#3 /var/www/html/vendor/magento/framework/App/Cache/Type/AccessProxy.php(110): Magento\\Framework\\Cache\\Frontend\\Decorator\\Bare->clean('all', Array)
#4 /var/www/html/vendor/magento/framework/App/Cache/Manager.php(111): Magento\\Framework\\App\\Cache\\Type\\AccessProxy->clean()
#5 /var/www/html/vendor/magento/module-backend/Console/Command/CacheFlushCommand.php(39): Magento\\Framework\\App\\Cache\\Manager->flush(Array)
#6 /var/www/html/vendor/magento/module-backend/Console/Command/AbstractCacheTypeManageCommand.php(64): Magento\\Backend\\Console\\Command\\CacheFlushCommand->performAction(Array)
#7 /var/www/html/vendor/symfony/console/Command/Command.php(341): Magento\\Backend\\Console\\Command\\AbstractCacheTypeManageCommand->execute(Object(Symfony\\Component\\Console\\Input\\ArgvInput), Object(Symfony\\Component\\Console\\Output\\ConsoleOutput))
#8 /var/www/html/vendor/magento/framework/Interception/Interceptor.php(58): Symfony\\Component\\Console\\Command\\Command->run(Object(Symfony\\Component\\Console\\Input\\ArgvInput), Object(Symfony\\Component\\Console\\Output\\ConsoleOutput))
#9 /var/www/html/vendor/magento/framework/Interception/Interceptor.php(138): Magento\\Backend\\Console\\Command\\CacheFlushCommand\\Interceptor->___callParent('run', Array)
#10 /var/www/html/vendor/magento/framework/Interception/Interceptor.php(153): Magento\\Backend\\Console\\Command\\CacheFlushCommand\\Interceptor->Magento\\Framework\\Interception\\{closure}(Object(Symfony\\Component\\Console\\Input\\ArgvInput), Object(Symfony\\Component\\Console\\Output\\ConsoleOutput))
#11 /var/www/html/generated/code/Magento/Backend/Console/Command/CacheFlushCommand/Interceptor.php(77): Magento\\Backend\\Console\\Command\\CacheFlushCommand\\Interceptor->___callPlugins('run', Array, Array)
#12 /var/www/html/vendor/symfony/console/Application.php(1094): Magento\\Backend\\Console\\Command\\CacheFlushCommand\\Interceptor->run(Object(Symfony\\Component\\Console\\Input\\ArgvInput), Object(Symfony\\Component\\Console\\Output\\ConsoleOutput))
#13 /var/www/html/vendor/symfony/console/Application.php(356): Symfony\\Component\\Console\\Application->doRunCommand(Object(Magento\\Backend\\Console\\Command\\CacheFlushCommand\\Interceptor), Object(Symfony\\Component\\Console\\Input\\ArgvInput), Object(Symfony\\Component\\Console\\Output\\ConsoleOutput))
#14 /var/www/html/vendor/magento/framework/Console/Cli.php(137): Symfony\\Component\\Console\\Application->doRun(Object(Symfony\\Component\\Console\\Input\\ArgvInput), Object(Symfony\\Component\\Console\\Output\\ConsoleOutput))
#15 /var/www/html/vendor/symfony/console/Application.php(195): Magento\\Framework\\Console\\Cli->doRun(Object(Symfony\\Component\\Console\\Input\\ArgvInput), Object(Symfony\\Component\\Console\\Output\\ConsoleOutput))
#16 /var/www/html/bin/magento(23): Symfony\\Component\\Console\\Application->run()
#17 {main}"} []
[2026-05-19T04:36:31.026049+00:00] main.DEBUG: cache_invalidate:  {"method":"GET","url":"http:/","invalidateInfo":{"tags":["MAGE"],"mode":"matchingTag"}} []
[2026-05-19T04:36:31.026229+00:00] main.DEBUG: cache_invalidate:  {"method":"GET","url":"http:/","invalidateInfo":{"tags":[],"mode":"all"},"trace":"Exception: full purge of cache storage triggered in /var/www/html/vendor/magento/framework/Cache/InvalidateLogger.php:52
Stack trace:
#0 /var/www/html/vendor/magento/framework/Cache/Frontend/Decorator/Logger.php(62): Magento\\Framework\\Cache\\InvalidateLogger->execute(Array)
#1 /var/www/html/vendor/magento/framework/Cache/Frontend/Decorator/Logger.php(50): Magento\\Framework\\Cache\\Frontend\\Decorator\\Logger->log(Array)
#2 /var/www/html/vendor/magento/framework/Cache/Frontend/Decorator/Bare.php(92): Magento\\Framework\\Cache\\Frontend\\Decorator\\Logger->clean('all', Array)
#3 /var/www/html/vendor/magento/framework/App/Cache/Type/AccessProxy.php(110): Magento\\Framework\\Cache\\Frontend\\Decorator\\Bare->clean('all', Array)
#4 /var/www/html/vendor/magento/framework/App/Cache/Manager.php(111): Magento\\Framework\\App\\Cache\\Type\\AccessProxy->clean()
#5 /var/www/html/vendor/magento/module-backend/Console/Command/CacheFlushCommand.php(39): Magento\\Framework\\App\\Cache\\Manager->flush(Array)
#6 /var/www/html/vendor/magento/module-backend/Console/Command/AbstractCacheTypeManageCommand.php(64): Magento\\Backend\\Console\\Command\\CacheFlushCommand->performAction(Array)
#7 /var/www/html/vendor/symfony/console/Command/Command.php(341): Magento\\Backend\\Console\\Command\\AbstractCacheTypeManageCommand->execute(Object(Symfony\\Component\\Console\\Input\\ArgvInput), Object(Symfony\\Component\\Console\\Output\\ConsoleOutput))
#8 /var/www/html/vendor/magento/framework/Interception/Interceptor.php(58): Symfony\\Component\\Console\\Command\\Command->run(Object(Symfony\\Component\\Console\\Input\\ArgvInput), Object(Symfony\\Component\\Console\\Output\\ConsoleOutput))
#9 /var/www/html/vendor/magento/framework/Interception/Interceptor.php(138): Magento\\Backend\\Console\\Command\\CacheFlushCommand\\Interceptor->___callParent('run', Array)
#10 /var/www/html/vendor/magento/framework/Interception/Interceptor.php(153): Magento\\Backend\\Console\\Command\\CacheFlushCommand\\Interceptor->Magento\\Framework\\Interception\\{closure}(Object(Symfony\\Component\\Console\\Input\\ArgvInput), Object(Symfony\\Component\\Console\\Output\\ConsoleOutput))
#11 /var/www/html/generated/code/Magento/Backend/Console/Command/CacheFlushCommand/Interceptor.php(77): Magento\\Backend\\Console\\Command\\CacheFlushCommand\\Interceptor->___callPlugins('run', Array, Array)
#12 /var/www/html/vendor/symfony/console/Application.php(1094): Magento\\Backend\\Console\\Command\\CacheFlushCommand\\Interceptor->run(Object(Symfony\\Component\\Console\\Input\\ArgvInput), Object(Symfony\\Component\\Console\\Output\\ConsoleOutput))
#13 /var/www/html/vendor/symfony/console/Application.php(356): Symfony\\Component\\Console\\Application->doRunCommand(Object(Magento\\Backend\\Console\\Command\\CacheFlushCommand\\Interceptor), Object(Symfony\\Component\\Console\\Input\\ArgvInput), Object(Symfony\\Component\\Console\\Output\\ConsoleOutput))
#14 /var/www/html/vendor/magento/framework/Console/Cli.php(137): Symfony\\Component\\Console\\Application->doRun(Object(Symfony\\Component\\Console\\Input\\ArgvInput), Object(Symfony\\Component\\Console\\Output\\ConsoleOutput))
#15 /var/www/html/vendor/symfony/console/Application.php(195): Magento\\Framework\\Console\\Cli->doRun(Object(Symfony\\Component\\Console\\Input\\ArgvInput), Object(Symfony\\Component\\Console\\Output\\ConsoleOutput))
#16 /var/www/html/bin/magento(23): Symfony\\Component\\Console\\Application->run()
#17 {main}"} []
[2026-05-19T04:36:31.044697+00:00] main.DEBUG: cache_invalidate:  {"method":"GET","url":"http:/","invalidateInfo":{"tags":["MAGE"],"mode":"matchingTag"}} []
[2026-05-19T04:36:31.044881+00:00] main.DEBUG: cache_invalidate:  {"method":"GET","url":"http:/","invalidateInfo":{"tags":[],"mode":"all"},"trace":"Exception: full purge of cache storage triggered in /var/www/html/vendor/magento/framework/Cache/InvalidateLogger.php:52
Stack trace:
#0 /var/www/html/vendor/magento/framework/Cache/Frontend/Decorator/Logger.php(62): Magento\\Framework\\Cache\\InvalidateLogger->execute(Array)
#1 /var/www/html/vendor/magento/framework/Cache/Frontend/Decorator/Logger.php(50): Magento\\Framework\\Cache\\Frontend\\Decorator\\Logger->log(Array)
#2 /var/www/html/vendor/magento/framework/Cache/Frontend/Decorator/Bare.php(92): Magento\\Framework\\Cache\\Frontend\\Decorator\\Logger->clean('all', Array)
#3 /var/www/html/vendor/magento/framework/App/Cache/Type/AccessProxy.php(110): Magento\\Framework\\Cache\\Frontend\\Decorator\\Bare->clean('all', Array)
#4 /var/www/html/vendor/magento/framework/App/Cache/Manager.php(111): Magento\\Framework\\App\\Cache\\Type\\AccessProxy->clean()
#5 /var/www/html/vendor/magento/module-backend/Console/Command/CacheFlushCommand.php(39): Magento\\Framework\\App\\Cache\\Manager->flush(Array)
#6 /var/www/html/vendor/magento/module-backend/Console/Command/AbstractCacheTypeManageCommand.php(64): Magento\\Backend\\Console\\Command\\CacheFlushCommand->performAction(Array)
#7 /var/www/html/vendor/symfony/console/Command/Command.php(341): Magento\\Backend\\Console\\Command\\AbstractCacheTypeManageCommand->execute(Object(Symfony\\Component\\Console\\Input\\ArgvInput), Object(Symfony\\Component\\Console\\Output\\ConsoleOutput))
#8 /var/www/html/vendor/magento/framework/Interception/Interceptor.php(58): Symfony\\Component\\Console\\Command\\Command->run(Object(Symfony\\Component\\Console\\Input\\ArgvInput), Object(Symfony\\Component\\Console\\Output\\ConsoleOutput))
#9 /var/www/html/vendor/magento/framework/Interception/Interceptor.php(138): Magento\\Backend\\Console\\Command\\CacheFlushCommand\\Interceptor->___callParent('run', Array)
#10 /var/www/html/vendor/magento/framework/Interception/Interceptor.php(153): Magento\\Backend\\Console\\Command\\CacheFlushCommand\\Interceptor->Magento\\Framework\\Interception\\{closure}(Object(Symfony\\Component\\Console\\Input\\ArgvInput), Object(Symfony\\Component\\Console\\Output\\ConsoleOutput))
#11 /var/www/html/generated/code/Magento/Backend/Console/Command/CacheFlushCommand/Interceptor.php(77): Magento\\Backend\\Console\\Command\\CacheFlushCommand\\Interceptor->___callPlugins('run', Array, Array)
#12 /var/www/html/vendor/symfony/console/Application.php(1094): Magento\\Backend\\Console\\Command\\CacheFlushCommand\\Interceptor->run(Object(Symfony\\Component\\Console\\Input\\ArgvInput), Object(Symfony\\Component\\Console\\Output\\ConsoleOutput))
#13 /var/www/html/vendor/symfony/console/Application.php(356): Symfony\\Component\\Console\\Application->doRunCommand(Object(Magento\\Backend\\Console\\Command\\CacheFlushCommand\\Interceptor), Object(Symfony\\Component\\Console\\Input\\ArgvInput), Object(Symfony\\Component\\Console\\Output\\ConsoleOutput))
#14 /var/www/html/vendor/magento/framework/Console/Cli.php(137): Symfony\\Component\\Console\\Application->doRun(Object(Symfony\\Component\\Console\\Input\\ArgvInput), Object(Symfony\\Component\\Console\\Output\\ConsoleOutput))
#15 /var/www/html/vendor/symfony/console/Application.php(195): Magento\\Framework\\Console\\Cli->doRun(Object(Symfony\\Component\\Console\\Input\\ArgvInput), Object(Symfony\\Component\\Console\\Output\\ConsoleOutput))
#16 /var/www/html/bin/magento(23): Symfony\\Component\\Console\\Application->run()
#17 {main}"} []
[2026-05-19T04:37:22.203832+00:00] main.ERROR: Braintree\Configuration::merchantId needs to be set (or accessToken needs to be passed to Braintree\Gateway). [] []
[2026-05-19T06:10:23.036656+00:00] main.DEBUG: cache_invalidate:  {"method":"GET","url":"http:/","invalidateInfo":{"tags":["MAGE"],"mode":"matchingTag"}} []
[2026-05-19T06:10:23.037641+00:00] main.DEBUG: cache_invalidate:  {"method":"GET","url":"http:/","invalidateInfo":{"tags":[],"mode":"all"},"trace":"Exception: full purge of cache storage triggered in /var/www/html/vendor/magento/framework/Cache/InvalidateLogger.php:52
Stack trace:
#0 /var/www/html/vendor/magento/framework/Cache/Frontend/Decorator/Logger.php(62): Magento\\Framework\\Cache\\InvalidateLogger->execute(Array)
#1 /var/www/html/vendor/magento/framework/Cache/Frontend/Decorator/Logger.php(50): Magento\\Framework\\Cache\\Frontend\\Decorator\\Logger->log(Array)
#2 /var/www/html/vendor/magento/framework/App/Cache.php(105): Magento\\Framework\\Cache\\Frontend\\Decorator\\Logger->clean()
#3 /var/www/html/setup/src/Magento/Setup/Console/Command/AbstractModuleCommand.php(80): Magento\\Framework\\App\\Cache->clean()
#4 /var/www/html/setup/src/Magento/Setup/Console/Command/AbstractModuleManageCommand.php(104): Magento\\Setup\\Console\\Command\\AbstractModuleCommand->cleanup(Object(Symfony\\Component\\Console\\Input\\ArgvInput), Object(Symfony\\Component\\Console\\Output\\ConsoleOutput))
#5 /var/www/html/vendor/symfony/console/Command/Command.php(341): Magento\\Setup\\Console\\Command\\AbstractModuleManageCommand->execute(Object(Symfony\\Component\\Console\\Input\\ArgvInput), Object(Symfony\\Component\\Console\\Output\\ConsoleOutput))
#6 /var/www/html/vendor/symfony/console/Application.php(1094): Symfony\\Component\\Console\\Command\\Command->run(Object(Symfony\\Component\\Console\\Input\\ArgvInput), Object(Symfony\\Component\\Console\\Output\\ConsoleOutput))
#7 /var/www/html/vendor/symfony/console/Application.php(356): Symfony\\Component\\Console\\Application->doRunCommand(Object(Magento\\Setup\\Console\\Command\\ModuleEnableCommand), Object(Symfony\\Component\\Console\\Input\\ArgvInput), Object(Symfony\\Component\\Console\\Output\\ConsoleOutput))
#8 /var/www/html/vendor/magento/framework/Console/Cli.php(137): Symfony\\Component\\Console\\Application->doRun(Object(Symfony\\Component\\Console\\Input\\ArgvInput), Object(Symfony\\Component\\Console\\Output\\ConsoleOutput))
#9 /var/www/html/vendor/symfony/console/Application.php(195): Magento\\Framework\\Console\\Cli->doRun(Object(Symfony\\Component\\Console\\Input\\ArgvInput), Object(Symfony\\Component\\Console\\Output\\ConsoleOutput))
#10 /var/www/html/bin/magento(23): Symfony\\Component\\Console\\Application->run()
#11 {main}"} []
[2026-05-19T06:10:23.089327+00:00] main.DEBUG: cache_invalidate:  {"method":"GET","url":"http:/","invalidateInfo":{"tags":["MAGE"],"mode":"matchingTag"}} []
[2026-05-19T06:10:23.089544+00:00] main.DEBUG: cache_invalidate:  {"method":"GET","url":"http:/","invalidateInfo":{"tags":[],"mode":"all"},"trace":"Exception: full purge of cache storage triggered in /var/www/html/vendor/magento/framework/Cache/InvalidateLogger.php:52
Stack trace:
#0 /var/www/html/vendor/magento/framework/Cache/Frontend/Decorator/Logger.php(62): Magento\\Framework\\Cache\\InvalidateLogger->execute(Array)
#1 /var/www/html/vendor/magento/framework/Cache/Frontend/Decorator/Logger.php(50): Magento\\Framework\\Cache\\Frontend\\Decorator\\Logger->log(Array)
#2 /var/www/html/vendor/magento/framework/App/Cache.php(105): Magento\\Framework\\Cache\\Frontend\\Decorator\\Logger->clean()
#3 /var/www/html/setup/src/Magento/Setup/Console/Command/AbstractModuleCommand.php(80): Magento\\Framework\\App\\Cache->clean()
#4 /var/www/html/setup/src/Magento/Setup/Console/Command/AbstractModuleManageCommand.php(104): Magento\\Setup\\Console\\Command\\AbstractModuleCommand->cleanup(Object(Symfony\\Component\\Console\\Input\\ArgvInput), Object(Symfony\\Component\\Console\\Output\\ConsoleOutput))
#5 /var/www/html/vendor/symfony/console/Command/Command.php(341): Magento\\Setup\\Console\\Command\\AbstractModuleManageCommand->execute(Object(Symfony\\Component\\Console\\Input\\ArgvInput), Object(Symfony\\Component\\Console\\Output\\ConsoleOutput))
#6 /var/www/html/vendor/symfony/console/Application.php(1094): Symfony\\Component\\Console\\Command\\Command->run(Object(Symfony\\Component\\Console\\Input\\ArgvInput), Object(Symfony\\Component\\Console\\Output\\ConsoleOutput))
#7 /var/www/html/vendor/symfony/console/Application.php(356): Symfony\\Component\\Console\\Application->doRunCommand(Object(Magento\\Setup\\Console\\Command\\ModuleEnableCommand), Object(Symfony\\Component\\Console\\Input\\ArgvInput), Object(Symfony\\Component\\Console\\Output\\ConsoleOutput))
#8 /var/www/html/vendor/magento/framework/Console/Cli.php(137): Symfony\\Component\\Console\\Application->doRun(Object(Symfony\\Component\\Console\\Input\\ArgvInput), Object(Symfony\\Component\\Console\\Output\\ConsoleOutput))
#9 /var/www/html/vendor/symfony/console/Application.php(195): Magento\\Framework\\Console\\Cli->doRun(Object(Symfony\\Component\\Console\\Input\\ArgvInput), Object(Symfony\\Component\\Console\\Output\\ConsoleOutput))
#10 /var/www/html/bin/magento(23): Symfony\\Component\\Console\\Application->run()
#11 {main}"} []
[2026-05-19T06:10:35.436154+00:00] main.DEBUG: cache_invalidate:  {"method":"GET","url":"http:/","invalidateInfo":{"tags":["MAGE"],"mode":"matchingTag"}} []
[2026-05-19T06:10:35.437096+00:00] main.DEBUG: cache_invalidate:  {"method":"GET","url":"http:/","invalidateInfo":{"tags":[],"mode":"all"},"trace":"Exception: full purge of cache storage triggered in /var/www/html/vendor/magento/framework/Cache/InvalidateLogger.php:52
Stack trace:
#0 /var/www/html/vendor/magento/framework/Cache/Frontend/Decorator/Logger.php(62): Magento\\Framework\\Cache\\InvalidateLogger->execute(Array)
#1 /var/www/html/vendor/magento/framework/Cache/Frontend/Decorator/Logger.php(50): Magento\\Framework\\Cache\\Frontend\\Decorator\\Logger->log(Array)
#2 /var/www/html/vendor/magento/framework/Cache/Frontend/Decorator/Bare.php(92): Magento\\Framework\\Cache\\Frontend\\Decorator\\Logger->clean('all', Array)
#3 /var/www/html/vendor/magento/framework/App/Cache/Type/AccessProxy.php(110): Magento\\Framework\\Cache\\Frontend\\Decorator\\Bare->clean('all', Array)
#4 /var/www/html/vendor/magento/framework/App/Cache/Manager.php(111): Magento\\Framework\\App\\Cache\\Type\\AccessProxy->clean()
#5 /var/www/html/setup/src/Magento/Setup/Model/Installer.php(1528): Magento\\Framework\\App\\Cache\\Manager->flush(Array)
#6 /var/www/html/setup/src/Magento/Setup/Model/Installer.php(1420): Magento\\Setup\\Model\\Installer->flushCaches(Array)
#7 /var/www/html/setup/src/Magento/Setup/Console/Command/UpgradeCommand.php(161): Magento\\Setup\\Model\\Installer->updateModulesSequence(false)
#8 /var/www/html/vendor/symfony/console/Command/Command.php(341): Magento\\Setup\\Console\\Command\\UpgradeCommand->execute(Object(Symfony\\Component\\Console\\Input\\ArgvInput), Object(Symfony\\Component\\Console\\Output\\ConsoleOutput))
#9 /var/www/html/vendor/symfony/console/Application.php(1094): Symfony\\Component\\Console\\Command\\Command->run(Object(Symfony\\Component\\Console\\Input\\ArgvInput), Object(Symfony\\Component\\Console\\Output\\ConsoleOutput))
#10 /var/www/html/vendor/symfony/console/Application.php(356): Symfony\\Component\\Console\\Application->doRunCommand(Object(Magento\\Setup\\Console\\Command\\UpgradeCommand), Object(Symfony\\Component\\Console\\Input\\ArgvInput), Object(Symfony\\Component\\Console\\Output\\ConsoleOutput))
#11 /var/www/html/vendor/magento/framework/Console/Cli.php(137): Symfony\\Component\\Console\\Application->doRun(Object(Symfony\\Component\\Console\\Input\\ArgvInput), Object(Symfony\\Component\\Console\\Output\\ConsoleOutput))
#12 /var/www/html/vendor/symfony/console/Application.php(195): Magento\\Framework\\Console\\Cli->doRun(Object(Symfony\\Component\\Console\\Input\\ArgvInput), Object(Symfony\\Component\\Console\\Output\\ConsoleOutput))
#13 /var/www/html/bin/magento(23): Symfony\\Component\\Console\\Application->run()
#14 {main}"} []
[2026-05-19T06:10:35.519192+00:00] main.DEBUG: cache_invalidate:  {"method":"GET","url":"http:/","invalidateInfo":{"tags":["CONFIG","MAGE"],"mode":"matchingTag"}} []
[2026-05-19T06:10:35.519388+00:00] main.DEBUG: cache_invalidate:  {"method":"GET","url":"http:/","invalidateInfo":{"tags":["CONFIG"],"mode":"matchingTag"}} []
[2026-05-19T06:10:35.542816+00:00] main.DEBUG: cache_invalidate:  {"method":"GET","url":"http:/","invalidateInfo":{"tags":["LAYOUT_GENERAL_CACHE_TAG","MAGE"],"mode":"matchingTag"}} []
[2026-05-19T06:10:35.543019+00:00] main.DEBUG: cache_invalidate:  {"method":"GET","url":"http:/","invalidateInfo":{"tags":["LAYOUT_GENERAL_CACHE_TAG"],"mode":"matchingTag"}} []
[2026-05-19T06:10:35.546046+00:00] main.DEBUG: cache_invalidate:  {"method":"GET","url":"http:/","invalidateInfo":{"tags":["BLOCK_HTML","MAGE"],"mode":"matchingTag"}} []
[2026-05-19T06:10:35.546287+00:00] main.DEBUG: cache_invalidate:  {"method":"GET","url":"http:/","invalidateInfo":{"tags":["BLOCK_HTML"],"mode":"matchingTag"}} []
[2026-05-19T06:10:35.547744+00:00] main.DEBUG: cache_invalidate:  {"method":"GET","url":"http:/","invalidateInfo":{"tags":["COLLECTION_DATA","MAGE"],"mode":"matchingTag"}} []
[2026-05-19T06:10:35.547861+00:00] main.DEBUG: cache_invalidate:  {"method":"GET","url":"http:/","invalidateInfo":{"tags":["COLLECTION_DATA"],"mode":"matchingTag"}} []
[2026-05-19T06:10:35.549563+00:00] main.DEBUG: cache_invalidate:  {"method":"GET","url":"http:/","invalidateInfo":{"tags":["REFLECTION","MAGE"],"mode":"matchingTag"}} []
[2026-05-19T06:10:35.549701+00:00] main.DEBUG: cache_invalidate:  {"method":"GET","url":"http:/","invalidateInfo":{"tags":["REFLECTION"],"mode":"matchingTag"}} []
[2026-05-19T06:10:35.551148+00:00] main.DEBUG: cache_invalidate:  {"method":"GET","url":"http:/","invalidateInfo":{"tags":["DB_DDL","MAGE"],"mode":"matchingTag"}} []
[2026-05-19T06:10:35.551272+00:00] main.DEBUG: cache_invalidate:  {"method":"GET","url":"http:/","invalidateInfo":{"tags":["DB_DDL"],"mode":"matchingTag"}} []
[2026-05-19T06:10:35.553560+00:00] main.DEBUG: cache_invalidate:  {"method":"GET","url":"http:/","invalidateInfo":{"tags":["COMPILED_CONFIG","MAGE"],"mode":"matchingTag"}} []
[2026-05-19T06:10:35.553670+00:00] main.DEBUG: cache_invalidate:  {"method":"GET","url":"http:/","invalidateInfo":{"tags":["COMPILED_CONFIG"],"mode":"matchingTag"}} []
[2026-05-19T06:10:35.556114+00:00] main.DEBUG: cache_invalidate:  {"method":"GET","url":"http:/","invalidateInfo":{"tags":["EAV","MAGE"],"mode":"matchingTag"}} []
[2026-05-19T06:10:35.556337+00:00] main.DEBUG: cache_invalidate:  {"method":"GET","url":"http:/","invalidateInfo":{"tags":["EAV"],"mode":"matchingTag"}} []
[2026-05-19T06:10:35.558802+00:00] main.DEBUG: cache_invalidate:  {"method":"GET","url":"http:/","invalidateInfo":{"tags":["CUSTOMER_NOTIFICATION","MAGE"],"mode":"matchingTag"}} []
[2026-05-19T06:10:35.558934+00:00] main.DEBUG: cache_invalidate:  {"method":"GET","url":"http:/","invalidateInfo":{"tags":["CUSTOMER_NOTIFICATION"],"mode":"matchingTag"}} []
[2026-05-19T06:10:35.560258+00:00] main.DEBUG: cache_invalidate:  {"method":"GET","url":"http:/","invalidateInfo":{"tags":["INTEGRATION","MAGE"],"mode":"matchingTag"}} []
[2026-05-19T06:10:35.560353+00:00] main.DEBUG: cache_invalidate:  {"method":"GET","url":"http:/","invalidateInfo":{"tags":["INTEGRATION"],"mode":"matchingTag"}} []
[2026-05-19T06:10:35.561469+00:00] main.DEBUG: cache_invalidate:  {"method":"GET","url":"http:/","invalidateInfo":{"tags":["INTEGRATION_API_CONFIG","MAGE"],"mode":"matchingTag"}} []
[2026-05-19T06:10:35.561563+00:00] main.DEBUG: cache_invalidate:  {"method":"GET","url":"http:/","invalidateInfo":{"tags":["INTEGRATION_API_CONFIG"],"mode":"matchingTag"}} []
[2026-05-19T06:10:35.562646+00:00] main.DEBUG: cache_invalidate:  {"method":"GET","url":"http:/","invalidateInfo":{"tags":["GRAPHQL_QUERY_RESOLVER_RESULT","MAGE"],"mode":"matchingTag"}} []
[2026-05-19T06:10:35.562758+00:00] main.DEBUG: cache_invalidate:  {"method":"GET","url":"http:/","invalidateInfo":{"tags":["GRAPHQL_QUERY_RESOLVER_RESULT"],"mode":"matchingTag"}} []
[2026-05-19T06:10:35.572276+00:00] main.DEBUG: cache_invalidate:  {"method":"GET","url":"http:/","invalidateInfo":{"tags":["FPC","MAGE"],"mode":"matchingTag"}} []
[2026-05-19T06:10:35.572448+00:00] main.DEBUG: cache_invalidate:  {"method":"GET","url":"http:/","invalidateInfo":{"tags":["FPC"],"mode":"matchingTag"}} []
[2026-05-19T06:10:35.573547+00:00] main.DEBUG: cache_invalidate:  {"method":"GET","url":"http:/","invalidateInfo":{"tags":["WEBSERVICE","MAGE"],"mode":"matchingTag"}} []
[2026-05-19T06:10:35.573634+00:00] main.DEBUG: cache_invalidate:  {"method":"GET","url":"http:/","invalidateInfo":{"tags":["WEBSERVICE"],"mode":"matchingTag"}} []
[2026-05-19T06:10:35.574965+00:00] main.DEBUG: cache_invalidate:  {"method":"GET","url":"http:/","invalidateInfo":{"tags":["TRANSLATE","MAGE"],"mode":"matchingTag"}} []
[2026-05-19T06:10:35.575219+00:00] main.DEBUG: cache_invalidate:  {"method":"GET","url":"http:/","invalidateInfo":{"tags":["TRANSLATE"],"mode":"matchingTag"}} []
[2026-05-19T06:10:45.237084+00:00] main.DEBUG: cache_invalidate:  {"method":"GET","url":"http:/","invalidateInfo":{"tags":["CONFIG","MAGE"],"mode":"matchingTag"}} []
[2026-05-19T06:10:45.237470+00:00] main.DEBUG: cache_invalidate:  {"method":"GET","url":"http:/","invalidateInfo":{"tags":["CONFIG"],"mode":"matchingTag"}} []
[2026-05-19T06:10:55.601739+00:00] main.DEBUG: cache_invalidate:  {"method":"GET","url":"http:/","invalidateInfo":{"identifier":"DB_PDO_MYSQL_DDL_sales_order_status_data_exporter_cl_1"}} []
[2026-05-19T06:10:55.602181+00:00] main.DEBUG: cache_invalidate:  {"method":"GET","url":"http:/","invalidateInfo":{"identifier":"DB_PDO_MYSQL_DDL_sales_order_status_data_exporter_cl_1"}} []
[2026-05-19T06:10:55.604205+00:00] main.DEBUG: cache_invalidate:  {"method":"GET","url":"http:/","invalidateInfo":{"identifier":"DB_PDO_MYSQL_DDL_sales_order_status_data_exporter_cl_2"}} []
[2026-05-19T06:10:55.604345+00:00] main.DEBUG: cache_invalidate:  {"method":"GET","url":"http:/","invalidateInfo":{"identifier":"DB_PDO_MYSQL_DDL_sales_order_status_data_exporter_cl_2"}} []
[2026-05-19T06:10:55.605884+00:00] main.DEBUG: cache_invalidate:  {"method":"GET","url":"http:/","invalidateInfo":{"identifier":"DB_PDO_MYSQL_DDL_sales_order_status_data_exporter_cl_3"}} []
[2026-05-19T06:10:55.606012+00:00] main.DEBUG: cache_invalidate:  {"method":"GET","url":"http:/","invalidateInfo":{"identifier":"DB_PDO_MYSQL_DDL_sales_order_status_data_exporter_cl_3"}} []
[2026-05-19T06:10:55.607405+00:00] main.DEBUG: cache_invalidate:  {"method":"GET","url":"http:/","invalidateInfo":{"identifier":"DB_PDO_MYSQL_DDL_sales_order_status_data_exporter_cl_4"}} []
[2026-05-19T06:10:55.607536+00:00] main.DEBUG: cache_invalidate:  {"method":"GET","url":"http:/","invalidateInfo":{"identifier":"DB_PDO_MYSQL_DDL_sales_order_status_data_exporter_cl_4"}} []
[2026-05-19T06:10:55.609778+00:00] main.DEBUG: cache_invalidate:  {"method":"GET","url":"http:/","invalidateInfo":{"identifier":"DB_PDO_MYSQL_DDL_sales_order_status_data_exporter_cl_5"}} []
[2026-05-19T06:10:55.609913+00:00] main.DEBUG: cache_invalidate:  {"method":"GET","url":"http:/","invalidateInfo":{"identifier":"DB_PDO_MYSQL_DDL_sales_order_status_data_exporter_cl_5"}} []
[2026-05-19T06:10:56.607268+00:00] main.DEBUG: cache_invalidate:  {"method":"GET","url":"http:/","invalidateInfo":{"tags":["CONFIG","MAGE"],"mode":"matchingTag"}} []
[2026-05-19T06:10:56.607482+00:00] main.DEBUG: cache_invalidate:  {"method":"GET","url":"http:/","invalidateInfo":{"tags":["CONFIG"],"mode":"matchingTag"}} []
[2026-05-19T06:10:56.629922+00:00] main.DEBUG: cache_invalidate:  {"method":"GET","url":"http:/","invalidateInfo":{"tags":["LAYOUT_GENERAL_CACHE_TAG","MAGE"],"mode":"matchingTag"}} []
[2026-05-19T06:10:56.630047+00:00] main.DEBUG: cache_invalidate:  {"method":"GET","url":"http:/","invalidateInfo":{"tags":["LAYOUT_GENERAL_CACHE_TAG"],"mode":"matchingTag"}} []
[2026-05-19T06:10:56.631596+00:00] main.DEBUG: cache_invalidate:  {"method":"GET","url":"http:/","invalidateInfo":{"tags":["BLOCK_HTML","MAGE"],"mode":"matchingTag"}} []
[2026-05-19T06:10:56.631724+00:00] main.DEBUG: cache_invalidate:  {"method":"GET","url":"http:/","invalidateInfo":{"tags":["BLOCK_HTML"],"mode":"matchingTag"}} []
[2026-05-19T06:10:56.632866+00:00] main.DEBUG: cache_invalidate:  {"method":"GET","url":"http:/","invalidateInfo":{"tags":["COLLECTION_DATA","MAGE"],"mode":"matchingTag"}} []
[2026-05-19T06:10:56.632940+00:00] main.DEBUG: cache_invalidate:  {"method":"GET","url":"http:/","invalidateInfo":{"tags":["COLLECTION_DATA"],"mode":"matchingTag"}} []
[2026-05-19T06:10:56.705322+00:00] main.DEBUG: cache_invalidate:  {"method":"GET","url":"http:/","invalidateInfo":{"tags":["REFLECTION","MAGE"],"mode":"matchingTag"}} []
[2026-05-19T06:10:56.705506+00:00] main.DEBUG: cache_invalidate:  {"method":"GET","url":"http:/","invalidateInfo":{"tags":["REFLECTION"],"mode":"matchingTag"}} []
[2026-05-19T06:10:56.717986+00:00] main.DEBUG: cache_invalidate:  {"method":"GET","url":"http:/","invalidateInfo":{"tags":["DB_DDL","MAGE"],"mode":"matchingTag"}} []
[2026-05-19T06:10:56.718171+00:00] main.DEBUG: cache_invalidate:  {"method":"GET","url":"http:/","invalidateInfo":{"tags":["DB_DDL"],"mode":"matchingTag"}} []
[2026-05-19T06:10:56.720946+00:00] main.DEBUG: cache_invalidate:  {"method":"GET","url":"http:/","invalidateInfo":{"tags":["COMPILED_CONFIG","MAGE"],"mode":"matchingTag"}} []
[2026-05-19T06:10:56.721134+00:00] main.DEBUG: cache_invalidate:  {"method":"GET","url":"http:/","invalidateInfo":{"tags":["COMPILED_CONFIG"],"mode":"matchingTag"}} []
[2026-05-19T06:10:56.723764+00:00] main.DEBUG: cache_invalidate:  {"method":"GET","url":"http:/","invalidateInfo":{"tags":["EAV","MAGE"],"mode":"matchingTag"}} []
[2026-05-19T06:10:56.723872+00:00] main.DEBUG: cache_invalidate:  {"method":"GET","url":"http:/","invalidateInfo":{"tags":["EAV"],"mode":"matchingTag"}} []
[2026-05-19T06:10:56.724979+00:00] main.DEBUG: cache_invalidate:  {"method":"GET","url":"http:/","invalidateInfo":{"tags":["CUSTOMER_NOTIFICATION","MAGE"],"mode":"matchingTag"}} []
[2026-05-19T06:10:56.725082+00:00] main.DEBUG: cache_invalidate:  {"method":"GET","url":"http:/","invalidateInfo":{"tags":["CUSTOMER_NOTIFICATION"],"mode":"matchingTag"}} []
[2026-05-19T06:10:56.726037+00:00] main.DEBUG: cache_invalidate:  {"method":"GET","url":"http:/","invalidateInfo":{"tags":["INTEGRATION","MAGE"],"mode":"matchingTag"}} []
[2026-05-19T06:10:56.726121+00:00] main.DEBUG: cache_invalidate:  {"method":"GET","url":"http:/","invalidateInfo":{"tags":["INTEGRATION"],"mode":"matchingTag"}} []
[2026-05-19T06:10:56.727110+00:00] main.DEBUG: cache_invalidate:  {"method":"GET","url":"http:/","invalidateInfo":{"tags":["INTEGRATION_API_CONFIG","MAGE"],"mode":"matchingTag"}} []
[2026-05-19T06:10:56.727184+00:00] main.DEBUG: cache_invalidate:  {"method":"GET","url":"http:/","invalidateInfo":{"tags":["INTEGRATION_API_CONFIG"],"mode":"matchingTag"}} []
[2026-05-19T06:10:56.729276+00:00] main.DEBUG: cache_invalidate:  {"method":"GET","url":"http:/","invalidateInfo":{"tags":["GRAPHQL_QUERY_RESOLVER_RESULT","MAGE"],"mode":"matchingTag"}} []
[2026-05-19T06:10:56.729485+00:00] main.DEBUG: cache_invalidate:  {"method":"GET","url":"http:/","invalidateInfo":{"tags":["GRAPHQL_QUERY_RESOLVER_RESULT"],"mode":"matchingTag"}} []
[2026-05-19T06:10:56.732131+00:00] main.DEBUG: cache_invalidate:  {"method":"GET","url":"http:/","invalidateInfo":{"tags":["FPC","MAGE"],"mode":"matchingTag"}} []
[2026-05-19T06:10:56.732348+00:00] main.DEBUG: cache_invalidate:  {"method":"GET","url":"http:/","invalidateInfo":{"tags":["FPC"],"mode":"matchingTag"}} []
[2026-05-19T06:10:56.734874+00:00] main.DEBUG: cache_invalidate:  {"method":"GET","url":"http:/","invalidateInfo":{"tags":["WEBSERVICE","MAGE"],"mode":"matchingTag"}} []
[2026-05-19T06:10:56.735008+00:00] main.DEBUG: cache_invalidate:  {"method":"GET","url":"http:/","invalidateInfo":{"tags":["WEBSERVICE"],"mode":"matchingTag"}} []
[2026-05-19T06:10:56.736822+00:00] main.DEBUG: cache_invalidate:  {"method":"GET","url":"http:/","invalidateInfo":{"tags":["TRANSLATE","MAGE"],"mode":"matchingTag"}} []
[2026-05-19T06:10:56.736948+00:00] main.DEBUG: cache_invalidate:  {"method":"GET","url":"http:/","invalidateInfo":{"tags":["TRANSLATE"],"mode":"matchingTag"}} []
[2026-05-19T06:11:11.456710+00:00] main.DEBUG: cache_invalidate:  {"method":"GET","url":"http:/","invalidateInfo":{"tags":["MAGE"],"mode":"matchingTag"}} []
[2026-05-19T06:11:11.457628+00:00] main.DEBUG: cache_invalidate:  {"method":"GET","url":"http:/","invalidateInfo":{"tags":[],"mode":"all"},"trace":"Exception: full purge of cache storage triggered in /var/www/html/vendor/magento/framework/Cache/InvalidateLogger.php:52
Stack trace:
#0 /var/www/html/vendor/magento/framework/Cache/Frontend/Decorator/Logger.php(62): Magento\\Framework\\Cache\\InvalidateLogger->execute(Array)
#1 /var/www/html/vendor/magento/framework/Cache/Frontend/Decorator/Logger.php(50): Magento\\Framework\\Cache\\Frontend\\Decorator\\Logger->log(Array)
#2 /var/www/html/vendor/magento/framework/App/Cache.php(105): Magento\\Framework\\Cache\\Frontend\\Decorator\\Logger->clean()
#3 /var/www/html/setup/src/Magento/Setup/Console/Command/DiCompileCommand.php(178): Magento\\Framework\\App\\Cache->clean()
#4 /var/www/html/vendor/symfony/console/Command/Command.php(341): Magento\\Setup\\Console\\Command\\DiCompileCommand->execute(Object(Symfony\\Component\\Console\\Input\\ArgvInput), Object(Symfony\\Component\\Console\\Output\\ConsoleOutput))
#5 /var/www/html/vendor/symfony/console/Application.php(1094): Symfony\\Component\\Console\\Command\\Command->run(Object(Symfony\\Component\\Console\\Input\\ArgvInput), Object(Symfony\\Component\\Console\\Output\\ConsoleOutput))
#6 /var/www/html/vendor/symfony/console/Application.php(356): Symfony\\Component\\Console\\Application->doRunCommand(Object(Magento\\Setup\\Console\\Command\\DiCompileCommand), Object(Symfony\\Component\\Console\\Input\\ArgvInput), Object(Symfony\\Component\\Console\\Output\\ConsoleOutput))
#7 /var/www/html/vendor/magento/framework/Console/Cli.php(137): Symfony\\Component\\Console\\Application->doRun(Object(Symfony\\Component\\Console\\Input\\ArgvInput), Object(Symfony\\Component\\Console\\Output\\ConsoleOutput))
#8 /var/www/html/vendor/symfony/console/Application.php(195): Magento\\Framework\\Console\\Cli->doRun(Object(Symfony\\Component\\Console\\Input\\ArgvInput), Object(Symfony\\Component\\Console\\Output\\ConsoleOutput))
#9 /var/www/html/bin/magento(23): Symfony\\Component\\Console\\Application->run()
#10 {main}"} []
[2026-05-19T06:11:11.479980+00:00] main.DEBUG: cache_invalidate:  {"method":"GET","url":"http:/","invalidateInfo":{"tags":["MAGE"],"mode":"matchingTag"}} []
[2026-05-19T06:11:11.480212+00:00] main.DEBUG: cache_invalidate:  {"method":"GET","url":"http:/","invalidateInfo":{"tags":[],"mode":"all"},"trace":"Exception: full purge of cache storage triggered in /var/www/html/vendor/magento/framework/Cache/InvalidateLogger.php:52
Stack trace:
#0 /var/www/html/vendor/magento/framework/Cache/Frontend/Decorator/Logger.php(62): Magento\\Framework\\Cache\\InvalidateLogger->execute(Array)
#1 /var/www/html/vendor/magento/framework/Cache/Frontend/Decorator/Logger.php(50): Magento\\Framework\\Cache\\Frontend\\Decorator\\Logger->log(Array)
#2 /var/www/html/vendor/magento/framework/App/Cache.php(105): Magento\\Framework\\Cache\\Frontend\\Decorator\\Logger->clean()
#3 /var/www/html/setup/src/Magento/Setup/Console/Command/DiCompileCommand.php(178): Magento\\Framework\\App\\Cache->clean()
#4 /var/www/html/vendor/symfony/console/Command/Command.php(341): Magento\\Setup\\Console\\Command\\DiCompileCommand->execute(Object(Symfony\\Component\\Console\\Input\\ArgvInput), Object(Symfony\\Component\\Console\\Output\\ConsoleOutput))
#5 /var/www/html/vendor/symfony/console/Application.php(1094): Symfony\\Component\\Console\\Command\\Command->run(Object(Symfony\\Component\\Console\\Input\\ArgvInput), Object(Symfony\\Component\\Console\\Output\\ConsoleOutput))
#6 /var/www/html/vendor/symfony/console/Application.php(356): Symfony\\Component\\Console\\Application->doRunCommand(Object(Magento\\Setup\\Console\\Command\\DiCompileCommand), Object(Symfony\\Component\\Console\\Input\\ArgvInput), Object(Symfony\\Component\\Console\\Output\\ConsoleOutput))
#7 /var/www/html/vendor/magento/framework/Console/Cli.php(137): Symfony\\Component\\Console\\Application->doRun(Object(Symfony\\Component\\Console\\Input\\ArgvInput), Object(Symfony\\Component\\Console\\Output\\ConsoleOutput))
#8 /var/www/html/vendor/symfony/console/Application.php(195): Magento\\Framework\\Console\\Cli->doRun(Object(Symfony\\Component\\Console\\Input\\ArgvInput), Object(Symfony\\Component\\Console\\Output\\ConsoleOutput))
#9 /var/www/html/bin/magento(23): Symfony\\Component\\Console\\Application->run()
#10 {main}"} []
[2026-05-19T06:12:14.278432+00:00] main.DEBUG: cache_invalidate:  {"method":"GET","url":"http:/","invalidateInfo":{"tags":["FPC","MAGE"],"mode":"matchingTag"}} []
[2026-05-19T06:12:14.279505+00:00] main.DEBUG: cache_invalidate:  {"method":"GET","url":"http:/","invalidateInfo":{"tags":["FPC"],"mode":"matchingTag"}} []
[2026-05-19T06:12:14.299293+00:00] main.DEBUG: cache_invalidate:  {"method":"GET","url":"http:/","invalidateInfo":{"tags":["MAGE"],"mode":"matchingTag"}} []
[2026-05-19T06:12:14.299485+00:00] main.DEBUG: cache_invalidate:  {"method":"GET","url":"http:/","invalidateInfo":{"tags":[],"mode":"all"},"trace":"Exception: full purge of cache storage triggered in /var/www/html/vendor/magento/framework/Cache/InvalidateLogger.php:52
Stack trace:
#0 /var/www/html/vendor/magento/framework/Cache/Frontend/Decorator/Logger.php(62): Magento\\Framework\\Cache\\InvalidateLogger->execute(Array)
#1 /var/www/html/vendor/magento/framework/Cache/Frontend/Decorator/Logger.php(50): Magento\\Framework\\Cache\\Frontend\\Decorator\\Logger->log(Array)
#2 /var/www/html/vendor/magento/framework/Cache/Frontend/Decorator/Bare.php(92): Magento\\Framework\\Cache\\Frontend\\Decorator\\Logger->clean('all', Array)
#3 /var/www/html/vendor/magento/framework/App/Cache/Type/AccessProxy.php(110): Magento\\Framework\\Cache\\Frontend\\Decorator\\Bare->clean('all', Array)
#4 /var/www/html/vendor/magento/framework/App/Cache/Manager.php(111): Magento\\Framework\\App\\Cache\\Type\\AccessProxy->clean()
#5 /var/www/html/vendor/magento/module-backend/Console/Command/CacheFlushCommand.php(39): Magento\\Framework\\App\\Cache\\Manager->flush(Array)
#6 /var/www/html/vendor/magento/module-backend/Console/Command/AbstractCacheTypeManageCommand.php(64): Magento\\Backend\\Console\\Command\\CacheFlushCommand->performAction(Array)
#7 /var/www/html/vendor/symfony/console/Command/Command.php(341): Magento\\Backend\\Console\\Command\\AbstractCacheTypeManageCommand->execute(Object(Symfony\\Component\\Console\\Input\\ArgvInput), Object(Symfony\\Component\\Console\\Output\\ConsoleOutput))
#8 /var/www/html/vendor/magento/framework/Interception/Interceptor.php(58): Symfony\\Component\\Console\\Command\\Command->run(Object(Symfony\\Component\\Console\\Input\\ArgvInput), Object(Symfony\\Component\\Console\\Output\\ConsoleOutput))
#9 /var/www/html/vendor/magento/framework/Interception/Interceptor.php(138): Magento\\Backend\\Console\\Command\\CacheFlushCommand\\Interceptor->___callParent('run', Array)
#10 /var/www/html/vendor/magento/framework/Interception/Interceptor.php(153): Magento\\Backend\\Console\\Command\\CacheFlushCommand\\Interceptor->Magento\\Framework\\Interception\\{closure}(Object(Symfony\\Component\\Console\\Input\\ArgvInput), Object(Symfony\\Component\\Console\\Output\\ConsoleOutput))
#11 /var/www/html/generated/code/Magento/Backend/Console/Command/CacheFlushCommand/Interceptor.php(23): Magento\\Backend\\Console\\Command\\CacheFlushCommand\\Interceptor->___callPlugins('run', Array, Array)
#12 /var/www/html/vendor/symfony/console/Application.php(1094): Magento\\Backend\\Console\\Command\\CacheFlushCommand\\Interceptor->run(Object(Symfony\\Component\\Console\\Input\\ArgvInput), Object(Symfony\\Component\\Console\\Output\\ConsoleOutput))
#13 /var/www/html/vendor/symfony/console/Application.php(356): Symfony\\Component\\Console\\Application->doRunCommand(Object(Magento\\Backend\\Console\\Command\\CacheFlushCommand\\Interceptor), Object(Symfony\\Component\\Console\\Input\\ArgvInput), Object(Symfony\\Component\\Console\\Output\\ConsoleOutput))
#14 /var/www/html/vendor/magento/framework/Console/Cli.php(137): Symfony\\Component\\Console\\Application->doRun(Object(Symfony\\Component\\Console\\Input\\ArgvInput), Object(Symfony\\Component\\Console\\Output\\ConsoleOutput))
#15 /var/www/html/vendor/symfony/console/Application.php(195): Magento\\Framework\\Console\\Cli->doRun(Object(Symfony\\Component\\Console\\Input\\ArgvInput), Object(Symfony\\Component\\Console\\Output\\ConsoleOutput))
#16 /var/www/html/bin/magento(23): Symfony\\Component\\Console\\Application->run()
#17 {main}"} []
[2026-05-19T06:12:14.301118+00:00] main.DEBUG: cache_invalidate:  {"method":"GET","url":"http:/","invalidateInfo":{"tags":["MAGE"],"mode":"matchingTag"}} []
[2026-05-19T06:12:14.301250+00:00] main.DEBUG: cache_invalidate:  {"method":"GET","url":"http:/","invalidateInfo":{"tags":[],"mode":"all"},"trace":"Exception: full purge of cache storage triggered in /var/www/html/vendor/magento/framework/Cache/InvalidateLogger.php:52
Stack trace:
#0 /var/www/html/vendor/magento/framework/Cache/Frontend/Decorator/Logger.php(62): Magento\\Framework\\Cache\\InvalidateLogger->execute(Array)
#1 /var/www/html/vendor/magento/framework/Cache/Frontend/Decorator/Logger.php(50): Magento\\Framework\\Cache\\Frontend\\Decorator\\Logger->log(Array)
#2 /var/www/html/vendor/magento/framework/Cache/Frontend/Decorator/Bare.php(92): Magento\\Framework\\Cache\\Frontend\\Decorator\\Logger->clean('all', Array)
#3 /var/www/html/vendor/magento/framework/App/Cache/Type/AccessProxy.php(110): Magento\\Framework\\Cache\\Frontend\\Decorator\\Bare->clean('all', Array)
#4 /var/www/html/vendor/magento/framework/App/Cache/Manager.php(111): Magento\\Framework\\App\\Cache\\Type\\AccessProxy->clean()
#5 /var/www/html/vendor/magento/module-backend/Console/Command/CacheFlushCommand.php(39): Magento\\Framework\\App\\Cache\\Manager->flush(Array)
#6 /var/www/html/vendor/magento/module-backend/Console/Command/AbstractCacheTypeManageCommand.php(64): Magento\\Backend\\Console\\Command\\CacheFlushCommand->performAction(Array)
#7 /var/www/html/vendor/symfony/console/Command/Command.php(341): Magento\\Backend\\Console\\Command\\AbstractCacheTypeManageCommand->execute(Object(Symfony\\Component\\Console\\Input\\ArgvInput), Object(Symfony\\Component\\Console\\Output\\ConsoleOutput))
#8 /var/www/html/vendor/magento/framework/Interception/Interceptor.php(58): Symfony\\Component\\Console\\Command\\Command->run(Object(Symfony\\Component\\Console\\Input\\ArgvInput), Object(Symfony\\Component\\Console\\Output\\ConsoleOutput))
#9 /var/www/html/vendor/magento/framework/Interception/Interceptor.php(138): Magento\\Backend\\Console\\Command\\CacheFlushCommand\\Interceptor->___callParent('run', Array)
#10 /var/www/html/vendor/magento/framework/Interception/Interceptor.php(153): Magento\\Backend\\Console\\Command\\CacheFlushCommand\\Interceptor->Magento\\Framework\\Interception\\{closure}(Object(Symfony\\Component\\Console\\Input\\ArgvInput), Object(Symfony\\Component\\Console\\Output\\ConsoleOutput))
#11 /var/www/html/generated/code/Magento/Backend/Console/Command/CacheFlushCommand/Interceptor.php(23): Magento\\Backend\\Console\\Command\\CacheFlushCommand\\Interceptor->___callPlugins('run', Array, Array)
#12 /var/www/html/vendor/symfony/console/Application.php(1094): Magento\\Backend\\Console\\Command\\CacheFlushCommand\\Interceptor->run(Object(Symfony\\Component\\Console\\Input\\ArgvInput), Object(Symfony\\Component\\Console\\Output\\ConsoleOutput))
#13 /var/www/html/vendor/symfony/console/Application.php(356): Symfony\\Component\\Console\\Application->doRunCommand(Object(Magento\\Backend\\Console\\Command\\CacheFlushCommand\\Interceptor), Object(Symfony\\Component\\Console\\Input\\ArgvInput), Object(Symfony\\Component\\Console\\Output\\ConsoleOutput))
#14 /var/www/html/vendor/magento/framework/Console/Cli.php(137): Symfony\\Component\\Console\\Application->doRun(Object(Symfony\\Component\\Console\\Input\\ArgvInput), Object(Symfony\\Component\\Console\\Output\\ConsoleOutput))
#15 /var/www/html/vendor/symfony/console/Application.php(195): Magento\\Framework\\Console\\Cli->doRun(Object(Symfony\\Component\\Console\\Input\\ArgvInput), Object(Symfony\\Component\\Console\\Output\\ConsoleOutput))
#16 /var/www/html/bin/magento(23): Symfony\\Component\\Console\\Application->run()
#17 {main}"} []
[2026-05-19T06:12:14.303437+00:00] main.DEBUG: cache_invalidate:  {"method":"GET","url":"http:/","invalidateInfo":{"tags":["MAGE"],"mode":"matchingTag"}} []
[2026-05-19T06:12:14.303569+00:00] main.DEBUG: cache_invalidate:  {"method":"GET","url":"http:/","invalidateInfo":{"tags":[],"mode":"all"},"trace":"Exception: full purge of cache storage triggered in /var/www/html/vendor/magento/framework/Cache/InvalidateLogger.php:52
Stack trace:
#0 /var/www/html/vendor/magento/framework/Cache/Frontend/Decorator/Logger.php(62): Magento\\Framework\\Cache\\InvalidateLogger->execute(Array)
#1 /var/www/html/vendor/magento/framework/Cache/Frontend/Decorator/Logger.php(50): Magento\\Framework\\Cache\\Frontend\\Decorator\\Logger->log(Array)
#2 /var/www/html/vendor/magento/framework/Cache/Frontend/Decorator/Bare.php(92): Magento\\Framework\\Cache\\Frontend\\Decorator\\Logger->clean('all', Array)
#3 /var/www/html/vendor/magento/framework/App/Cache/Type/AccessProxy.php(110): Magento\\Framework\\Cache\\Frontend\\Decorator\\Bare->clean('all', Array)
#4 /var/www/html/vendor/magento/framework/App/Cache/Manager.php(111): Magento\\Framework\\App\\Cache\\Type\\AccessProxy->clean()
#5 /var/www/html/vendor/magento/module-backend/Console/Command/CacheFlushCommand.php(39): Magento\\Framework\\App\\Cache\\Manager->flush(Array)
#6 /var/www/html/vendor/magento/module-backend/Console/Command/AbstractCacheTypeManageCommand.php(64): Magento\\Backend\\Console\\Command\\CacheFlushCommand->performAction(Array)
#7 /var/www/html/vendor/symfony/console/Command/Command.php(341): Magento\\Backend\\Console\\Command\\AbstractCacheTypeManageCommand->execute(Object(Symfony\\Component\\Console\\Input\\ArgvInput), Object(Symfony\\Component\\Console\\Output\\ConsoleOutput))
#8 /var/www/html/vendor/magento/framework/Interception/Interceptor.php(58): Symfony\\Component\\Console\\Command\\Command->run(Object(Symfony\\Component\\Console\\Input\\ArgvInput), Object(Symfony\\Component\\Console\\Output\\ConsoleOutput))
#9 /var/www/html/vendor/magento/framework/Interception/Interceptor.php(138): Magento\\Backend\\Console\\Command\\CacheFlushCommand\\Interceptor->___callParent('run', Array)
#10 /var/www/html/vendor/magento/framework/Interception/Interceptor.php(153): Magento\\Backend\\Console\\Command\\CacheFlushCommand\\Interceptor->Magento\\Framework\\Interception\\{closure}(Object(Symfony\\Component\\Console\\Input\\ArgvInput), Object(Symfony\\Component\\Console\\Output\\ConsoleOutput))
#11 /var/www/html/generated/code/Magento/Backend/Console/Command/CacheFlushCommand/Interceptor.php(23): Magento\\Backend\\Console\\Command\\CacheFlushCommand\\Interceptor->___callPlugins('run', Array, Array)
#12 /var/www/html/vendor/symfony/console/Application.php(1094): Magento\\Backend\\Console\\Command\\CacheFlushCommand\\Interceptor->run(Object(Symfony\\Component\\Console\\Input\\ArgvInput), Object(Symfony\\Component\\Console\\Output\\ConsoleOutput))
#13 /var/www/html/vendor/symfony/console/Application.php(356): Symfony\\Component\\Console\\Application->doRunCommand(Object(Magento\\Backend\\Console\\Command\\CacheFlushCommand\\Interceptor), Object(Symfony\\Component\\Console\\Input\\ArgvInput), Object(Symfony\\Component\\Console\\Output\\ConsoleOutput))
#14 /var/www/html/vendor/magento/framework/Console/Cli.php(137): Symfony\\Component\\Console\\Application->doRun(Object(Symfony\\Component\\Console\\Input\\ArgvInput), Object(Symfony\\Component\\Console\\Output\\ConsoleOutput))
#15 /var/www/html/vendor/symfony/console/Application.php(195): Magento\\Framework\\Console\\Cli->doRun(Object(Symfony\\Component\\Console\\Input\\ArgvInput), Object(Symfony\\Component\\Console\\Output\\ConsoleOutput))
#16 /var/www/html/bin/magento(23): Symfony\\Component\\Console\\Application->run()
#17 {main}"} []
[2026-05-19T06:12:14.305172+00:00] main.DEBUG: cache_invalidate:  {"method":"GET","url":"http:/","invalidateInfo":{"tags":["MAGE"],"mode":"matchingTag"}} []
[2026-05-19T06:12:14.305320+00:00] main.DEBUG: cache_invalidate:  {"method":"GET","url":"http:/","invalidateInfo":{"tags":[],"mode":"all"},"trace":"Exception: full purge of cache storage triggered in /var/www/html/vendor/magento/framework/Cache/InvalidateLogger.php:52
Stack trace:
#0 /var/www/html/vendor/magento/framework/Cache/Frontend/Decorator/Logger.php(62): Magento\\Framework\\Cache\\InvalidateLogger->execute(Array)
#1 /var/www/html/vendor/magento/framework/Cache/Frontend/Decorator/Logger.php(50): Magento\\Framework\\Cache\\Frontend\\Decorator\\Logger->log(Array)
#2 /var/www/html/vendor/magento/framework/Cache/Frontend/Decorator/Bare.php(92): Magento\\Framework\\Cache\\Frontend\\Decorator\\Logger->clean('all', Array)
#3 /var/www/html/vendor/magento/framework/App/Cache/Type/AccessProxy.php(110): Magento\\Framework\\Cache\\Frontend\\Decorator\\Bare->clean('all', Array)
#4 /var/www/html/vendor/magento/framework/App/Cache/Manager.php(111): Magento\\Framework\\App\\Cache\\Type\\AccessProxy->clean()
#5 /var/www/html/vendor/magento/module-backend/Console/Command/CacheFlushCommand.php(39): Magento\\Framework\\App\\Cache\\Manager->flush(Array)
#6 /var/www/html/vendor/magento/module-backend/Console/Command/AbstractCacheTypeManageCommand.php(64): Magento\\Backend\\Console\\Command\\CacheFlushCommand->performAction(Array)
#7 /var/www/html/vendor/symfony/console/Command/Command.php(341): Magento\\Backend\\Console\\Command\\AbstractCacheTypeManageCommand->execute(Object(Symfony\\Component\\Console\\Input\\ArgvInput), Object(Symfony\\Component\\Console\\Output\\ConsoleOutput))
#8 /var/www/html/vendor/magento/framework/Interception/Interceptor.php(58): Symfony\\Component\\Console\\Command\\Command->run(Object(Symfony\\Component\\Console\\Input\\ArgvInput), Object(Symfony\\Component\\Console\\Output\\ConsoleOutput))
#9 /var/www/html/vendor/magento/framework/Interception/Interceptor.php(138): Magento\\Backend\\Console\\Command\\CacheFlushCommand\\Interceptor->___callParent('run', Array)
#10 /var/www/html/vendor/magento/framework/Interception/Interceptor.php(153): Magento\\Backend\\Console\\Command\\CacheFlushCommand\\Interceptor->Magento\\Framework\\Interception\\{closure}(Object(Symfony\\Component\\Console\\Input\\ArgvInput), Object(Symfony\\Component\\Console\\Output\\ConsoleOutput))
#11 /var/www/html/generated/code/Magento/Backend/Console/Command/CacheFlushCommand/Interceptor.php(23): Magento\\Backend\\Console\\Command\\CacheFlushCommand\\Interceptor->___callPlugins('run', Array, Array)
#12 /var/www/html/vendor/symfony/console/Application.php(1094): Magento\\Backend\\Console\\Command\\CacheFlushCommand\\Interceptor->run(Object(Symfony\\Component\\Console\\Input\\ArgvInput), Object(Symfony\\Component\\Console\\Output\\ConsoleOutput))
#13 /var/www/html/vendor/symfony/console/Application.php(356): Symfony\\Component\\Console\\Application->doRunCommand(Object(Magento\\Backend\\Console\\Command\\CacheFlushCommand\\Interceptor), Object(Symfony\\Component\\Console\\Input\\ArgvInput), Object(Symfony\\Component\\Console\\Output\\ConsoleOutput))
#14 /var/www/html/vendor/magento/framework/Console/Cli.php(137): Symfony\\Component\\Console\\Application->doRun(Object(Symfony\\Component\\Console\\Input\\ArgvInput), Object(Symfony\\Component\\Console\\Output\\ConsoleOutput))
#15 /var/www/html/vendor/symfony/console/Application.php(195): Magento\\Framework\\Console\\Cli->doRun(Object(Symfony\\Component\\Console\\Input\\ArgvInput), Object(Symfony\\Component\\Console\\Output\\ConsoleOutput))
#16 /var/www/html/bin/magento(23): Symfony\\Component\\Console\\Application->run()
#17 {main}"} []
[2026-05-19T06:12:14.307475+00:00] main.DEBUG: cache_invalidate:  {"method":"GET","url":"http:/","invalidateInfo":{"tags":["MAGE"],"mode":"matchingTag"}} []
[2026-05-19T06:12:14.307649+00:00] main.DEBUG: cache_invalidate:  {"method":"GET","url":"http:/","invalidateInfo":{"tags":[],"mode":"all"},"trace":"Exception: full purge of cache storage triggered in /var/www/html/vendor/magento/framework/Cache/InvalidateLogger.php:52
Stack trace:
#0 /var/www/html/vendor/magento/framework/Cache/Frontend/Decorator/Logger.php(62): Magento\\Framework\\Cache\\InvalidateLogger->execute(Array)
#1 /var/www/html/vendor/magento/framework/Cache/Frontend/Decorator/Logger.php(50): Magento\\Framework\\Cache\\Frontend\\Decorator\\Logger->log(Array)
#2 /var/www/html/vendor/magento/framework/Cache/Frontend/Decorator/Bare.php(92): Magento\\Framework\\Cache\\Frontend\\Decorator\\Logger->clean('all', Array)
#3 /var/www/html/vendor/magento/framework/App/Cache/Type/AccessProxy.php(110): Magento\\Framework\\Cache\\Frontend\\Decorator\\Bare->clean('all', Array)
#4 /var/www/html/vendor/magento/framework/App/Cache/Manager.php(111): Magento\\Framework\\App\\Cache\\Type\\AccessProxy->clean()
#5 /var/www/html/vendor/magento/module-backend/Console/Command/CacheFlushCommand.php(39): Magento\\Framework\\App\\Cache\\Manager->flush(Array)
#6 /var/www/html/vendor/magento/module-backend/Console/Command/AbstractCacheTypeManageCommand.php(64): Magento\\Backend\\Console\\Command\\CacheFlushCommand->performAction(Array)
#7 /var/www/html/vendor/symfony/console/Command/Command.php(341): Magento\\Backend\\Console\\Command\\AbstractCacheTypeManageCommand->execute(Object(Symfony\\Component\\Console\\Input\\ArgvInput), Object(Symfony\\Component\\Console\\Output\\ConsoleOutput))
#8 /var/www/html/vendor/magento/framework/Interception/Interceptor.php(58): Symfony\\Component\\Console\\Command\\Command->run(Object(Symfony\\Component\\Console\\Input\\ArgvInput), Object(Symfony\\Component\\Console\\Output\\ConsoleOutput))
#9 /var/www/html/vendor/magento/framework/Interception/Interceptor.php(138): Magento\\Backend\\Console\\Command\\CacheFlushCommand\\Interceptor->___callParent('run', Array)
#10 /var/www/html/vendor/magento/framework/Interception/Interceptor.php(153): Magento\\Backend\\Console\\Command\\CacheFlushCommand\\Interceptor->Magento\\Framework\\Interception\\{closure}(Object(Symfony\\Component\\Console\\Input\\ArgvInput), Object(Symfony\\Component\\Console\\Output\\ConsoleOutput))
#11 /var/www/html/generated/code/Magento/Backend/Console/Command/CacheFlushCommand/Interceptor.php(23): Magento\\Backend\\Console\\Command\\CacheFlushCommand\\Interceptor->___callPlugins('run', Array, Array)
#12 /var/www/html/vendor/symfony/console/Application.php(1094): Magento\\Backend\\Console\\Command\\CacheFlushCommand\\Interceptor->run(Object(Symfony\\Component\\Console\\Input\\ArgvInput), Object(Symfony\\Component\\Console\\Output\\ConsoleOutput))
#13 /var/www/html/vendor/symfony/console/Application.php(356): Symfony\\Component\\Console\\Application->doRunCommand(Object(Magento\\Backend\\Console\\Command\\CacheFlushCommand\\Interceptor), Object(Symfony\\Component\\Console\\Input\\ArgvInput), Object(Symfony\\Component\\Console\\Output\\ConsoleOutput))
#14 /var/www/html/vendor/magento/framework/Console/Cli.php(137): Symfony\\Component\\Console\\Application->doRun(Object(Symfony\\Component\\Console\\Input\\ArgvInput), Object(Symfony\\Component\\Console\\Output\\ConsoleOutput))
#15 /var/www/html/vendor/symfony/console/Application.php(195): Magento\\Framework\\Console\\Cli->doRun(Object(Symfony\\Component\\Console\\Input\\ArgvInput), Object(Symfony\\Component\\Console\\Output\\ConsoleOutput))
#16 /var/www/html/bin/magento(23): Symfony\\Component\\Console\\Application->run()
#17 {main}"} []
[2026-05-19T06:12:14.310270+00:00] main.DEBUG: cache_invalidate:  {"method":"GET","url":"http:/","invalidateInfo":{"tags":["MAGE"],"mode":"matchingTag"}} []
[2026-05-19T06:12:14.310504+00:00] main.DEBUG: cache_invalidate:  {"method":"GET","url":"http:/","invalidateInfo":{"tags":[],"mode":"all"},"trace":"Exception: full purge of cache storage triggered in /var/www/html/vendor/magento/framework/Cache/InvalidateLogger.php:52
Stack trace:
#0 /var/www/html/vendor/magento/framework/Cache/Frontend/Decorator/Logger.php(62): Magento\\Framework\\Cache\\InvalidateLogger->execute(Array)
#1 /var/www/html/vendor/magento/framework/Cache/Frontend/Decorator/Logger.php(50): Magento\\Framework\\Cache\\Frontend\\Decorator\\Logger->log(Array)
#2 /var/www/html/vendor/magento/framework/Cache/Frontend/Decorator/Bare.php(92): Magento\\Framework\\Cache\\Frontend\\Decorator\\Logger->clean('all', Array)
#3 /var/www/html/vendor/magento/framework/App/Cache/Type/AccessProxy.php(110): Magento\\Framework\\Cache\\Frontend\\Decorator\\Bare->clean('all', Array)
#4 /var/www/html/vendor/magento/framework/App/Cache/Manager.php(111): Magento\\Framework\\App\\Cache\\Type\\AccessProxy->clean()
#5 /var/www/html/vendor/magento/module-backend/Console/Command/CacheFlushCommand.php(39): Magento\\Framework\\App\\Cache\\Manager->flush(Array)
#6 /var/www/html/vendor/magento/module-backend/Console/Command/AbstractCacheTypeManageCommand.php(64): Magento\\Backend\\Console\\Command\\CacheFlushCommand->performAction(Array)
#7 /var/www/html/vendor/symfony/console/Command/Command.php(341): Magento\\Backend\\Console\\Command\\AbstractCacheTypeManageCommand->execute(Object(Symfony\\Component\\Console\\Input\\ArgvInput), Object(Symfony\\Component\\Console\\Output\\ConsoleOutput))
#8 /var/www/html/vendor/magento/framework/Interception/Interceptor.php(58): Symfony\\Component\\Console\\Command\\Command->run(Object(Symfony\\Component\\Console\\Input\\ArgvInput), Object(Symfony\\Component\\Console\\Output\\ConsoleOutput))
#9 /var/www/html/vendor/magento/framework/Interception/Interceptor.php(138): Magento\\Backend\\Console\\Command\\CacheFlushCommand\\Interceptor->___callParent('run', Array)
#10 /var/www/html/vendor/magento/framework/Interception/Interceptor.php(153): Magento\\Backend\\Console\\Command\\CacheFlushCommand\\Interceptor->Magento\\Framework\\Interception\\{closure}(Object(Symfony\\Component\\Console\\Input\\ArgvInput), Object(Symfony\\Component\\Console\\Output\\ConsoleOutput))
#11 /var/www/html/generated/code/Magento/Backend/Console/Command/CacheFlushCommand/Interceptor.php(23): Magento\\Backend\\Console\\Command\\CacheFlushCommand\\Interceptor->___callPlugins('run', Array, Array)
#12 /var/www/html/vendor/symfony/console/Application.php(1094): Magento\\Backend\\Console\\Command\\CacheFlushCommand\\Interceptor->run(Object(Symfony\\Component\\Console\\Input\\ArgvInput), Object(Symfony\\Component\\Console\\Output\\ConsoleOutput))
#13 /var/www/html/vendor/symfony/console/Application.php(356): Symfony\\Component\\Console\\Application->doRunCommand(Object(Magento\\Backend\\Console\\Command\\CacheFlushCommand\\Interceptor), Object(Symfony\\Component\\Console\\Input\\ArgvInput), Object(Symfony\\Component\\Console\\Output\\ConsoleOutput))
#14 /var/www/html/vendor/magento/framework/Console/Cli.php(137): Symfony\\Component\\Console\\Application->doRun(Object(Symfony\\Component\\Console\\Input\\ArgvInput), Object(Symfony\\Component\\Console\\Output\\ConsoleOutput))
#15 /var/www/html/vendor/symfony/console/Application.php(195): Magento\\Framework\\Console\\Cli->doRun(Object(Symfony\\Component\\Console\\Input\\ArgvInput), Object(Symfony\\Component\\Console\\Output\\ConsoleOutput))
#16 /var/www/html/bin/magento(23): Symfony\\Component\\Console\\Application->run()
#17 {main}"} []
[2026-05-19T06:12:14.313526+00:00] main.DEBUG: cache_invalidate:  {"method":"GET","url":"http:/","invalidateInfo":{"tags":["MAGE"],"mode":"matchingTag"}} []
[2026-05-19T06:12:14.313793+00:00] main.DEBUG: cache_invalidate:  {"method":"GET","url":"http:/","invalidateInfo":{"tags":[],"mode":"all"},"trace":"Exception: full purge of cache storage triggered in /var/www/html/vendor/magento/framework/Cache/InvalidateLogger.php:52
Stack trace:
#0 /var/www/html/vendor/magento/framework/Cache/Frontend/Decorator/Logger.php(62): Magento\\Framework\\Cache\\InvalidateLogger->execute(Array)
#1 /var/www/html/vendor/magento/framework/Cache/Frontend/Decorator/Logger.php(50): Magento\\Framework\\Cache\\Frontend\\Decorator\\Logger->log(Array)
#2 /var/www/html/vendor/magento/framework/Cache/Frontend/Decorator/Bare.php(92): Magento\\Framework\\Cache\\Frontend\\Decorator\\Logger->clean('all', Array)
#3 /var/www/html/vendor/magento/framework/App/Cache/Type/AccessProxy.php(110): Magento\\Framework\\Cache\\Frontend\\Decorator\\Bare->clean('all', Array)
#4 /var/www/html/vendor/magento/framework/App/Cache/Manager.php(111): Magento\\Framework\\App\\Cache\\Type\\AccessProxy->clean()
#5 /var/www/html/vendor/magento/module-backend/Console/Command/CacheFlushCommand.php(39): Magento\\Framework\\App\\Cache\\Manager->flush(Array)
#6 /var/www/html/vendor/magento/module-backend/Console/Command/AbstractCacheTypeManageCommand.php(64): Magento\\Backend\\Console\\Command\\CacheFlushCommand->performAction(Array)
#7 /var/www/html/vendor/symfony/console/Command/Command.php(341): Magento\\Backend\\Console\\Command\\AbstractCacheTypeManageCommand->execute(Object(Symfony\\Component\\Console\\Input\\ArgvInput), Object(Symfony\\Component\\Console\\Output\\ConsoleOutput))
#8 /var/www/html/vendor/magento/framework/Interception/Interceptor.php(58): Symfony\\Component\\Console\\Command\\Command->run(Object(Symfony\\Component\\Console\\Input\\ArgvInput), Object(Symfony\\Component\\Console\\Output\\ConsoleOutput))
#9 /var/www/html/vendor/magento/framework/Interception/Interceptor.php(138): Magento\\Backend\\Console\\Command\\CacheFlushCommand\\Interceptor->___callParent('run', Array)
#10 /var/www/html/vendor/magento/framework/Interception/Interceptor.php(153): Magento\\Backend\\Console\\Command\\CacheFlushCommand\\Interceptor->Magento\\Framework\\Interception\\{closure}(Object(Symfony\\Component\\Console\\Input\\ArgvInput), Object(Symfony\\Component\\Console\\Output\\ConsoleOutput))
#11 /var/www/html/generated/code/Magento/Backend/Console/Command/CacheFlushCommand/Interceptor.php(23): Magento\\Backend\\Console\\Command\\CacheFlushCommand\\Interceptor->___callPlugins('run', Array, Array)
#12 /var/www/html/vendor/symfony/console/Application.php(1094): Magento\\Backend\\Console\\Command\\CacheFlushCommand\\Interceptor->run(Object(Symfony\\Component\\Console\\Input\\ArgvInput), Object(Symfony\\Component\\Console\\Output\\ConsoleOutput))
#13 /var/www/html/vendor/symfony/console/Application.php(356): Symfony\\Component\\Console\\Application->doRunCommand(Object(Magento\\Backend\\Console\\Command\\CacheFlushCommand\\Interceptor), Object(Symfony\\Component\\Console\\Input\\ArgvInput), Object(Symfony\\Component\\Console\\Output\\ConsoleOutput))
#14 /var/www/html/vendor/magento/framework/Console/Cli.php(137): Symfony\\Component\\Console\\Application->doRun(Object(Symfony\\Component\\Console\\Input\\ArgvInput), Object(Symfony\\Component\\Console\\Output\\ConsoleOutput))
#15 /var/www/html/vendor/symfony/console/Application.php(195): Magento\\Framework\\Console\\Cli->doRun(Object(Symfony\\Component\\Console\\Input\\ArgvInput), Object(Symfony\\Component\\Console\\Output\\ConsoleOutput))
#16 /var/www/html/bin/magento(23): Symfony\\Component\\Console\\Application->run()
#17 {main}"} []
[2026-05-19T06:12:14.315946+00:00] main.DEBUG: cache_invalidate:  {"method":"GET","url":"http:/","invalidateInfo":{"tags":["MAGE"],"mode":"matchingTag"}} []
[2026-05-19T06:12:14.316170+00:00] main.DEBUG: cache_invalidate:  {"method":"GET","url":"http:/","invalidateInfo":{"tags":[],"mode":"all"},"trace":"Exception: full purge of cache storage triggered in /var/www/html/vendor/magento/framework/Cache/InvalidateLogger.php:52
Stack trace:
#0 /var/www/html/vendor/magento/framework/Cache/Frontend/Decorator/Logger.php(62): Magento\\Framework\\Cache\\InvalidateLogger->execute(Array)
#1 /var/www/html/vendor/magento/framework/Cache/Frontend/Decorator/Logger.php(50): Magento\\Framework\\Cache\\Frontend\\Decorator\\Logger->log(Array)
#2 /var/www/html/vendor/magento/framework/Cache/Frontend/Decorator/Bare.php(92): Magento\\Framework\\Cache\\Frontend\\Decorator\\Logger->clean('all', Array)
#3 /var/www/html/vendor/magento/framework/App/Cache/Type/AccessProxy.php(110): Magento\\Framework\\Cache\\Frontend\\Decorator\\Bare->clean('all', Array)
#4 /var/www/html/vendor/magento/framework/App/Cache/Manager.php(111): Magento\\Framework\\App\\Cache\\Type\\AccessProxy->clean()
#5 /var/www/html/vendor/magento/module-backend/Console/Command/CacheFlushCommand.php(39): Magento\\Framework\\App\\Cache\\Manager->flush(Array)
#6 /var/www/html/vendor/magento/module-backend/Console/Command/AbstractCacheTypeManageCommand.php(64): Magento\\Backend\\Console\\Command\\CacheFlushCommand->performAction(Array)
#7 /var/www/html/vendor/symfony/console/Command/Command.php(341): Magento\\Backend\\Console\\Command\\AbstractCacheTypeManageCommand->execute(Object(Symfony\\Component\\Console\\Input\\ArgvInput), Object(Symfony\\Component\\Console\\Output\\ConsoleOutput))
#8 /var/www/html/vendor/magento/framework/Interception/Interceptor.php(58): Symfony\\Component\\Console\\Command\\Command->run(Object(Symfony\\Component\\Console\\Input\\ArgvInput), Object(Symfony\\Component\\Console\\Output\\ConsoleOutput))
#9 /var/www/html/vendor/magento/framework/Interception/Interceptor.php(138): Magento\\Backend\\Console\\Command\\CacheFlushCommand\\Interceptor->___callParent('run', Array)
#10 /var/www/html/vendor/magento/framework/Interception/Interceptor.php(153): Magento\\Backend\\Console\\Command\\CacheFlushCommand\\Interceptor->Magento\\Framework\\Interception\\{closure}(Object(Symfony\\Component\\Console\\Input\\ArgvInput), Object(Symfony\\Component\\Console\\Output\\ConsoleOutput))
#11 /var/www/html/generated/code/Magento/Backend/Console/Command/CacheFlushCommand/Interceptor.php(23): Magento\\Backend\\Console\\Command\\CacheFlushCommand\\Interceptor->___callPlugins('run', Array, Array)
#12 /var/www/html/vendor/symfony/console/Application.php(1094): Magento\\Backend\\Console\\Command\\CacheFlushCommand\\Interceptor->run(Object(Symfony\\Component\\Console\\Input\\ArgvInput), Object(Symfony\\Component\\Console\\Output\\ConsoleOutput))
#13 /var/www/html/vendor/symfony/console/Application.php(356): Symfony\\Component\\Console\\Application->doRunCommand(Object(Magento\\Backend\\Console\\Command\\CacheFlushCommand\\Interceptor), Object(Symfony\\Component\\Console\\Input\\ArgvInput), Object(Symfony\\Component\\Console\\Output\\ConsoleOutput))
#14 /var/www/html/vendor/magento/framework/Console/Cli.php(137): Symfony\\Component\\Console\\Application->doRun(Object(Symfony\\Component\\Console\\Input\\ArgvInput), Object(Symfony\\Component\\Console\\Output\\ConsoleOutput))
#15 /var/www/html/vendor/symfony/console/Application.php(195): Magento\\Framework\\Console\\Cli->doRun(Object(Symfony\\Component\\Console\\Input\\ArgvInput), Object(Symfony\\Component\\Console\\Output\\ConsoleOutput))
#16 /var/www/html/bin/magento(23): Symfony\\Component\\Console\\Application->run()
#17 {main}"} []
[2026-05-19T06:12:14.319673+00:00] main.DEBUG: cache_invalidate:  {"method":"GET","url":"http:/","invalidateInfo":{"tags":["MAGE"],"mode":"matchingTag"}} []
[2026-05-19T06:12:14.319811+00:00] main.DEBUG: cache_invalidate:  {"method":"GET","url":"http:/","invalidateInfo":{"tags":[],"mode":"all"},"trace":"Exception: full purge of cache storage triggered in /var/www/html/vendor/magento/framework/Cache/InvalidateLogger.php:52
Stack trace:
#0 /var/www/html/vendor/magento/framework/Cache/Frontend/Decorator/Logger.php(62): Magento\\Framework\\Cache\\InvalidateLogger->execute(Array)
#1 /var/www/html/vendor/magento/framework/Cache/Frontend/Decorator/Logger.php(50): Magento\\Framework\\Cache\\Frontend\\Decorator\\Logger->log(Array)
#2 /var/www/html/vendor/magento/framework/Cache/Frontend/Decorator/Bare.php(92): Magento\\Framework\\Cache\\Frontend\\Decorator\\Logger->clean('all', Array)
#3 /var/www/html/vendor/magento/framework/App/Cache/Type/AccessProxy.php(110): Magento\\Framework\\Cache\\Frontend\\Decorator\\Bare->clean('all', Array)
#4 /var/www/html/vendor/magento/framework/App/Cache/Manager.php(111): Magento\\Framework\\App\\Cache\\Type\\AccessProxy->clean()
#5 /var/www/html/vendor/magento/module-backend/Console/Command/CacheFlushCommand.php(39): Magento\\Framework\\App\\Cache\\Manager->flush(Array)
#6 /var/www/html/vendor/magento/module-backend/Console/Command/AbstractCacheTypeManageCommand.php(64): Magento\\Backend\\Console\\Command\\CacheFlushCommand->performAction(Array)
#7 /var/www/html/vendor/symfony/console/Command/Command.php(341): Magento\\Backend\\Console\\Command\\AbstractCacheTypeManageCommand->execute(Object(Symfony\\Component\\Console\\Input\\ArgvInput), Object(Symfony\\Component\\Console\\Output\\ConsoleOutput))
#8 /var/www/html/vendor/magento/framework/Interception/Interceptor.php(58): Symfony\\Component\\Console\\Command\\Command->run(Object(Symfony\\Component\\Console\\Input\\ArgvInput), Object(Symfony\\Component\\Console\\Output\\ConsoleOutput))
#9 /var/www/html/vendor/magento/framework/Interception/Interceptor.php(138): Magento\\Backend\\Console\\Command\\CacheFlushCommand\\Interceptor->___callParent('run', Array)
#10 /var/www/html/vendor/magento/framework/Interception/Interceptor.php(153): Magento\\Backend\\Console\\Command\\CacheFlushCommand\\Interceptor->Magento\\Framework\\Interception\\{closure}(Object(Symfony\\Component\\Console\\Input\\ArgvInput), Object(Symfony\\Component\\Console\\Output\\ConsoleOutput))
#11 /var/www/html/generated/code/Magento/Backend/Console/Command/CacheFlushCommand/Interceptor.php(23): Magento\\Backend\\Console\\Command\\CacheFlushCommand\\Interceptor->___callPlugins('run', Array, Array)
#12 /var/www/html/vendor/symfony/console/Application.php(1094): Magento\\Backend\\Console\\Command\\CacheFlushCommand\\Interceptor->run(Object(Symfony\\Component\\Console\\Input\\ArgvInput), Object(Symfony\\Component\\Console\\Output\\ConsoleOutput))
#13 /var/www/html/vendor/symfony/console/Application.php(356): Symfony\\Component\\Console\\Application->doRunCommand(Object(Magento\\Backend\\Console\\Command\\CacheFlushCommand\\Interceptor), Object(Symfony\\Component\\Console\\Input\\ArgvInput), Object(Symfony\\Component\\Console\\Output\\ConsoleOutput))
#14 /var/www/html/vendor/magento/framework/Console/Cli.php(137): Symfony\\Component\\Console\\Application->doRun(Object(Symfony\\Component\\Console\\Input\\ArgvInput), Object(Symfony\\Component\\Console\\Output\\ConsoleOutput))
#15 /var/www/html/vendor/symfony/console/Application.php(195): Magento\\Framework\\Console\\Cli->doRun(Object(Symfony\\Component\\Console\\Input\\ArgvInput), Object(Symfony\\Component\\Console\\Output\\ConsoleOutput))
#16 /var/www/html/bin/magento(23): Symfony\\Component\\Console\\Application->run()
#17 {main}"} []
[2026-05-19T06:12:14.321474+00:00] main.DEBUG: cache_invalidate:  {"method":"GET","url":"http:/","invalidateInfo":{"tags":["MAGE"],"mode":"matchingTag"}} []
[2026-05-19T06:12:14.321879+00:00] main.DEBUG: cache_invalidate:  {"method":"GET","url":"http:/","invalidateInfo":{"tags":[],"mode":"all"},"trace":"Exception: full purge of cache storage triggered in /var/www/html/vendor/magento/framework/Cache/InvalidateLogger.php:52
Stack trace:
#0 /var/www/html/vendor/magento/framework/Cache/Frontend/Decorator/Logger.php(62): Magento\\Framework\\Cache\\InvalidateLogger->execute(Array)
#1 /var/www/html/vendor/magento/framework/Cache/Frontend/Decorator/Logger.php(50): Magento\\Framework\\Cache\\Frontend\\Decorator\\Logger->log(Array)
#2 /var/www/html/vendor/magento/framework/Cache/Frontend/Decorator/Bare.php(92): Magento\\Framework\\Cache\\Frontend\\Decorator\\Logger->clean('all', Array)
#3 /var/www/html/vendor/magento/framework/App/Cache/Type/AccessProxy.php(110): Magento\\Framework\\Cache\\Frontend\\Decorator\\Bare->clean('all', Array)
#4 /var/www/html/vendor/magento/framework/App/Cache/Manager.php(111): Magento\\Framework\\App\\Cache\\Type\\AccessProxy->clean()
#5 /var/www/html/vendor/magento/module-backend/Console/Command/CacheFlushCommand.php(39): Magento\\Framework\\App\\Cache\\Manager->flush(Array)
#6 /var/www/html/vendor/magento/module-backend/Console/Command/AbstractCacheTypeManageCommand.php(64): Magento\\Backend\\Console\\Command\\CacheFlushCommand->performAction(Array)
#7 /var/www/html/vendor/symfony/console/Command/Command.php(341): Magento\\Backend\\Console\\Command\\AbstractCacheTypeManageCommand->execute(Object(Symfony\\Component\\Console\\Input\\ArgvInput), Object(Symfony\\Component\\Console\\Output\\ConsoleOutput))
#8 /var/www/html/vendor/magento/framework/Interception/Interceptor.php(58): Symfony\\Component\\Console\\Command\\Command->run(Object(Symfony\\Component\\Console\\Input\\ArgvInput), Object(Symfony\\Component\\Console\\Output\\ConsoleOutput))
#9 /var/www/html/vendor/magento/framework/Interception/Interceptor.php(138): Magento\\Backend\\Console\\Command\\CacheFlushCommand\\Interceptor->___callParent('run', Array)
#10 /var/www/html/vendor/magento/framework/Interception/Interceptor.php(153): Magento\\Backend\\Console\\Command\\CacheFlushCommand\\Interceptor->Magento\\Framework\\Interception\\{closure}(Object(Symfony\\Component\\Console\\Input\\ArgvInput), Object(Symfony\\Component\\Console\\Output\\ConsoleOutput))
#11 /var/www/html/generated/code/Magento/Backend/Console/Command/CacheFlushCommand/Interceptor.php(23): Magento\\Backend\\Console\\Command\\CacheFlushCommand\\Interceptor->___callPlugins('run', Array, Array)
#12 /var/www/html/vendor/symfony/console/Application.php(1094): Magento\\Backend\\Console\\Command\\CacheFlushCommand\\Interceptor->run(Object(Symfony\\Component\\Console\\Input\\ArgvInput), Object(Symfony\\Component\\Console\\Output\\ConsoleOutput))
#13 /var/www/html/vendor/symfony/console/Application.php(356): Symfony\\Component\\Console\\Application->doRunCommand(Object(Magento\\Backend\\Console\\Command\\CacheFlushCommand\\Interceptor), Object(Symfony\\Component\\Console\\Input\\ArgvInput), Object(Symfony\\Component\\Console\\Output\\ConsoleOutput))
#14 /var/www/html/vendor/magento/framework/Console/Cli.php(137): Symfony\\Component\\Console\\Application->doRun(Object(Symfony\\Component\\Console\\Input\\ArgvInput), Object(Symfony\\Component\\Console\\Output\\ConsoleOutput))
#15 /var/www/html/vendor/symfony/console/Application.php(195): Magento\\Framework\\Console\\Cli->doRun(Object(Symfony\\Component\\Console\\Input\\ArgvInput), Object(Symfony\\Component\\Console\\Output\\ConsoleOutput))
#16 /var/www/html/bin/magento(23): Symfony\\Component\\Console\\Application->run()
#17 {main}"} []
[2026-05-19T06:12:14.324111+00:00] main.DEBUG: cache_invalidate:  {"method":"GET","url":"http:/","invalidateInfo":{"tags":["MAGE"],"mode":"matchingTag"}} []
[2026-05-19T06:12:14.324284+00:00] main.DEBUG: cache_invalidate:  {"method":"GET","url":"http:/","invalidateInfo":{"tags":[],"mode":"all"},"trace":"Exception: full purge of cache storage triggered in /var/www/html/vendor/magento/framework/Cache/InvalidateLogger.php:52
Stack trace:
#0 /var/www/html/vendor/magento/framework/Cache/Frontend/Decorator/Logger.php(62): Magento\\Framework\\Cache\\InvalidateLogger->execute(Array)
#1 /var/www/html/vendor/magento/framework/Cache/Frontend/Decorator/Logger.php(50): Magento\\Framework\\Cache\\Frontend\\Decorator\\Logger->log(Array)
#2 /var/www/html/vendor/magento/framework/Cache/Frontend/Decorator/Bare.php(92): Magento\\Framework\\Cache\\Frontend\\Decorator\\Logger->clean('all', Array)
#3 /var/www/html/vendor/magento/framework/App/Cache/Type/AccessProxy.php(110): Magento\\Framework\\Cache\\Frontend\\Decorator\\Bare->clean('all', Array)
#4 /var/www/html/vendor/magento/framework/App/Cache/Manager.php(111): Magento\\Framework\\App\\Cache\\Type\\AccessProxy->clean()
#5 /var/www/html/vendor/magento/module-backend/Console/Command/CacheFlushCommand.php(39): Magento\\Framework\\App\\Cache\\Manager->flush(Array)
#6 /var/www/html/vendor/magento/module-backend/Console/Command/AbstractCacheTypeManageCommand.php(64): Magento\\Backend\\Console\\Command\\CacheFlushCommand->performAction(Array)
#7 /var/www/html/vendor/symfony/console/Command/Command.php(341): Magento\\Backend\\Console\\Command\\AbstractCacheTypeManageCommand->execute(Object(Symfony\\Component\\Console\\Input\\ArgvInput), Object(Symfony\\Component\\Console\\Output\\ConsoleOutput))
#8 /var/www/html/vendor/magento/framework/Interception/Interceptor.php(58): Symfony\\Component\\Console\\Command\\Command->run(Object(Symfony\\Component\\Console\\Input\\ArgvInput), Object(Symfony\\Component\\Console\\Output\\ConsoleOutput))
#9 /var/www/html/vendor/magento/framework/Interception/Interceptor.php(138): Magento\\Backend\\Console\\Command\\CacheFlushCommand\\Interceptor->___callParent('run', Array)
#10 /var/www/html/vendor/magento/framework/Interception/Interceptor.php(153): Magento\\Backend\\Console\\Command\\CacheFlushCommand\\Interceptor->Magento\\Framework\\Interception\\{closure}(Object(Symfony\\Component\\Console\\Input\\ArgvInput), Object(Symfony\\Component\\Console\\Output\\ConsoleOutput))
#11 /var/www/html/generated/code/Magento/Backend/Console/Command/CacheFlushCommand/Interceptor.php(23): Magento\\Backend\\Console\\Command\\CacheFlushCommand\\Interceptor->___callPlugins('run', Array, Array)
#12 /var/www/html/vendor/symfony/console/Application.php(1094): Magento\\Backend\\Console\\Command\\CacheFlushCommand\\Interceptor->run(Object(Symfony\\Component\\Console\\Input\\ArgvInput), Object(Symfony\\Component\\Console\\Output\\ConsoleOutput))
#13 /var/www/html/vendor/symfony/console/Application.php(356): Symfony\\Component\\Console\\Application->doRunCommand(Object(Magento\\Backend\\Console\\Command\\CacheFlushCommand\\Interceptor), Object(Symfony\\Component\\Console\\Input\\ArgvInput), Object(Symfony\\Component\\Console\\Output\\ConsoleOutput))
#14 /var/www/html/vendor/magento/framework/Console/Cli.php(137): Symfony\\Component\\Console\\Application->doRun(Object(Symfony\\Component\\Console\\Input\\ArgvInput), Object(Symfony\\Component\\Console\\Output\\ConsoleOutput))
#15 /var/www/html/vendor/symfony/console/Application.php(195): Magento\\Framework\\Console\\Cli->doRun(Object(Symfony\\Component\\Console\\Input\\ArgvInput), Object(Symfony\\Component\\Console\\Output\\ConsoleOutput))
#16 /var/www/html/bin/magento(23): Symfony\\Component\\Console\\Application->run()
#17 {main}"} []
[2026-05-19T06:12:14.325831+00:00] main.DEBUG: cache_invalidate:  {"method":"GET","url":"http:/","invalidateInfo":{"tags":["MAGE"],"mode":"matchingTag"}} []
[2026-05-19T06:12:14.325941+00:00] main.DEBUG: cache_invalidate:  {"method":"GET","url":"http:/","invalidateInfo":{"tags":[],"mode":"all"},"trace":"Exception: full purge of cache storage triggered in /var/www/html/vendor/magento/framework/Cache/InvalidateLogger.php:52
Stack trace:
#0 /var/www/html/vendor/magento/framework/Cache/Frontend/Decorator/Logger.php(62): Magento\\Framework\\Cache\\InvalidateLogger->execute(Array)
#1 /var/www/html/vendor/magento/framework/Cache/Frontend/Decorator/Logger.php(50): Magento\\Framework\\Cache\\Frontend\\Decorator\\Logger->log(Array)
#2 /var/www/html/vendor/magento/framework/Cache/Frontend/Decorator/Bare.php(92): Magento\\Framework\\Cache\\Frontend\\Decorator\\Logger->clean('all', Array)
#3 /var/www/html/vendor/magento/framework/App/Cache/Type/AccessProxy.php(110): Magento\\Framework\\Cache\\Frontend\\Decorator\\Bare->clean('all', Array)
#4 /var/www/html/vendor/magento/framework/App/Cache/Manager.php(111): Magento\\Framework\\App\\Cache\\Type\\AccessProxy->clean()
#5 /var/www/html/vendor/magento/module-backend/Console/Command/CacheFlushCommand.php(39): Magento\\Framework\\App\\Cache\\Manager->flush(Array)
#6 /var/www/html/vendor/magento/module-backend/Console/Command/AbstractCacheTypeManageCommand.php(64): Magento\\Backend\\Console\\Command\\CacheFlushCommand->performAction(Array)
#7 /var/www/html/vendor/symfony/console/Command/Command.php(341): Magento\\Backend\\Console\\Command\\AbstractCacheTypeManageCommand->execute(Object(Symfony\\Component\\Console\\Input\\ArgvInput), Object(Symfony\\Component\\Console\\Output\\ConsoleOutput))
#8 /var/www/html/vendor/magento/framework/Interception/Interceptor.php(58): Symfony\\Component\\Console\\Command\\Command->run(Object(Symfony\\Component\\Console\\Input\\ArgvInput), Object(Symfony\\Component\\Console\\Output\\ConsoleOutput))
#9 /var/www/html/vendor/magento/framework/Interception/Interceptor.php(138): Magento\\Backend\\Console\\Command\\CacheFlushCommand\\Interceptor->___callParent('run', Array)
#10 /var/www/html/vendor/magento/framework/Interception/Interceptor.php(153): Magento\\Backend\\Console\\Command\\CacheFlushCommand\\Interceptor->Magento\\Framework\\Interception\\{closure}(Object(Symfony\\Component\\Console\\Input\\ArgvInput), Object(Symfony\\Component\\Console\\Output\\ConsoleOutput))
#11 /var/www/html/generated/code/Magento/Backend/Console/Command/CacheFlushCommand/Interceptor.php(23): Magento\\Backend\\Console\\Command\\CacheFlushCommand\\Interceptor->___callPlugins('run', Array, Array)
#12 /var/www/html/vendor/symfony/console/Application.php(1094): Magento\\Backend\\Console\\Command\\CacheFlushCommand\\Interceptor->run(Object(Symfony\\Component\\Console\\Input\\ArgvInput), Object(Symfony\\Component\\Console\\Output\\ConsoleOutput))
#13 /var/www/html/vendor/symfony/console/Application.php(356): Symfony\\Component\\Console\\Application->doRunCommand(Object(Magento\\Backend\\Console\\Command\\CacheFlushCommand\\Interceptor), Object(Symfony\\Component\\Console\\Input\\ArgvInput), Object(Symfony\\Component\\Console\\Output\\ConsoleOutput))
#14 /var/www/html/vendor/magento/framework/Console/Cli.php(137): Symfony\\Component\\Console\\Application->doRun(Object(Symfony\\Component\\Console\\Input\\ArgvInput), Object(Symfony\\Component\\Console\\Output\\ConsoleOutput))
#15 /var/www/html/vendor/symfony/console/Application.php(195): Magento\\Framework\\Console\\Cli->doRun(Object(Symfony\\Component\\Console\\Input\\ArgvInput), Object(Symfony\\Component\\Console\\Output\\ConsoleOutput))
#16 /var/www/html/bin/magento(23): Symfony\\Component\\Console\\Application->run()
#17 {main}"} []
[2026-05-19T06:12:14.327893+00:00] main.DEBUG: cache_invalidate:  {"method":"GET","url":"http:/","invalidateInfo":{"tags":["MAGE"],"mode":"matchingTag"}} []
[2026-05-19T06:12:14.328008+00:00] main.DEBUG: cache_invalidate:  {"method":"GET","url":"http:/","invalidateInfo":{"tags":[],"mode":"all"},"trace":"Exception: full purge of cache storage triggered in /var/www/html/vendor/magento/framework/Cache/InvalidateLogger.php:52
Stack trace:
#0 /var/www/html/vendor/magento/framework/Cache/Frontend/Decorator/Logger.php(62): Magento\\Framework\\Cache\\InvalidateLogger->execute(Array)
#1 /var/www/html/vendor/magento/framework/Cache/Frontend/Decorator/Logger.php(50): Magento\\Framework\\Cache\\Frontend\\Decorator\\Logger->log(Array)
#2 /var/www/html/vendor/magento/framework/Cache/Frontend/Decorator/Bare.php(92): Magento\\Framework\\Cache\\Frontend\\Decorator\\Logger->clean('all', Array)
#3 /var/www/html/vendor/magento/framework/App/Cache/Type/AccessProxy.php(110): Magento\\Framework\\Cache\\Frontend\\Decorator\\Bare->clean('all', Array)
#4 /var/www/html/vendor/magento/framework/App/Cache/Manager.php(111): Magento\\Framework\\App\\Cache\\Type\\AccessProxy->clean()
#5 /var/www/html/vendor/magento/module-backend/Console/Command/CacheFlushCommand.php(39): Magento\\Framework\\App\\Cache\\Manager->flush(Array)
#6 /var/www/html/vendor/magento/module-backend/Console/Command/AbstractCacheTypeManageCommand.php(64): Magento\\Backend\\Console\\Command\\CacheFlushCommand->performAction(Array)
#7 /var/www/html/vendor/symfony/console/Command/Command.php(341): Magento\\Backend\\Console\\Command\\AbstractCacheTypeManageCommand->execute(Object(Symfony\\Component\\Console\\Input\\ArgvInput), Object(Symfony\\Component\\Console\\Output\\ConsoleOutput))
#8 /var/www/html/vendor/magento/framework/Interception/Interceptor.php(58): Symfony\\Component\\Console\\Command\\Command->run(Object(Symfony\\Component\\Console\\Input\\ArgvInput), Object(Symfony\\Component\\Console\\Output\\ConsoleOutput))
#9 /var/www/html/vendor/magento/framework/Interception/Interceptor.php(138): Magento\\Backend\\Console\\Command\\CacheFlushCommand\\Interceptor->___callParent('run', Array)
#10 /var/www/html/vendor/magento/framework/Interception/Interceptor.php(153): Magento\\Backend\\Console\\Command\\CacheFlushCommand\\Interceptor->Magento\\Framework\\Interception\\{closure}(Object(Symfony\\Component\\Console\\Input\\ArgvInput), Object(Symfony\\Component\\Console\\Output\\ConsoleOutput))
#11 /var/www/html/generated/code/Magento/Backend/Console/Command/CacheFlushCommand/Interceptor.php(23): Magento\\Backend\\Console\\Command\\CacheFlushCommand\\Interceptor->___callPlugins('run', Array, Array)
#12 /var/www/html/vendor/symfony/console/Application.php(1094): Magento\\Backend\\Console\\Command\\CacheFlushCommand\\Interceptor->run(Object(Symfony\\Component\\Console\\Input\\ArgvInput), Object(Symfony\\Component\\Console\\Output\\ConsoleOutput))
#13 /var/www/html/vendor/symfony/console/Application.php(356): Symfony\\Component\\Console\\Application->doRunCommand(Object(Magento\\Backend\\Console\\Command\\CacheFlushCommand\\Interceptor), Object(Symfony\\Component\\Console\\Input\\ArgvInput), Object(Symfony\\Component\\Console\\Output\\ConsoleOutput))
#14 /var/www/html/vendor/magento/framework/Console/Cli.php(137): Symfony\\Component\\Console\\Application->doRun(Object(Symfony\\Component\\Console\\Input\\ArgvInput), Object(Symfony\\Component\\Console\\Output\\ConsoleOutput))
#15 /var/www/html/vendor/symfony/console/Application.php(195): Magento\\Framework\\Console\\Cli->doRun(Object(Symfony\\Component\\Console\\Input\\ArgvInput), Object(Symfony\\Component\\Console\\Output\\ConsoleOutput))
#16 /var/www/html/bin/magento(23): Symfony\\Component\\Console\\Application->run()
#17 {main}"} []
[2026-05-19T06:12:14.329614+00:00] main.DEBUG: cache_invalidate:  {"method":"GET","url":"http:/","invalidateInfo":{"tags":["MAGE"],"mode":"matchingTag"}} []
[2026-05-19T06:12:14.329783+00:00] main.DEBUG: cache_invalidate:  {"method":"GET","url":"http:/","invalidateInfo":{"tags":[],"mode":"all"},"trace":"Exception: full purge of cache storage triggered in /var/www/html/vendor/magento/framework/Cache/InvalidateLogger.php:52
Stack trace:
#0 /var/www/html/vendor/magento/framework/Cache/Frontend/Decorator/Logger.php(62): Magento\\Framework\\Cache\\InvalidateLogger->execute(Array)
#1 /var/www/html/vendor/magento/framework/Cache/Frontend/Decorator/Logger.php(50): Magento\\Framework\\Cache\\Frontend\\Decorator\\Logger->log(Array)
#2 /var/www/html/vendor/magento/framework/Cache/Frontend/Decorator/Bare.php(92): Magento\\Framework\\Cache\\Frontend\\Decorator\\Logger->clean('all', Array)
#3 /var/www/html/vendor/magento/framework/App/Cache/Type/AccessProxy.php(110): Magento\\Framework\\Cache\\Frontend\\Decorator\\Bare->clean('all', Array)
#4 /var/www/html/vendor/magento/framework/App/Cache/Manager.php(111): Magento\\Framework\\App\\Cache\\Type\\AccessProxy->clean()
#5 /var/www/html/vendor/magento/module-backend/Console/Command/CacheFlushCommand.php(39): Magento\\Framework\\App\\Cache\\Manager->flush(Array)
#6 /var/www/html/vendor/magento/module-backend/Console/Command/AbstractCacheTypeManageCommand.php(64): Magento\\Backend\\Console\\Command\\CacheFlushCommand->performAction(Array)
#7 /var/www/html/vendor/symfony/console/Command/Command.php(341): Magento\\Backend\\Console\\Command\\AbstractCacheTypeManageCommand->execute(Object(Symfony\\Component\\Console\\Input\\ArgvInput), Object(Symfony\\Component\\Console\\Output\\ConsoleOutput))
#8 /var/www/html/vendor/magento/framework/Interception/Interceptor.php(58): Symfony\\Component\\Console\\Command\\Command->run(Object(Symfony\\Component\\Console\\Input\\ArgvInput), Object(Symfony\\Component\\Console\\Output\\ConsoleOutput))
#9 /var/www/html/vendor/magento/framework/Interception/Interceptor.php(138): Magento\\Backend\\Console\\Command\\CacheFlushCommand\\Interceptor->___callParent('run', Array)
#10 /var/www/html/vendor/magento/framework/Interception/Interceptor.php(153): Magento\\Backend\\Console\\Command\\CacheFlushCommand\\Interceptor->Magento\\Framework\\Interception\\{closure}(Object(Symfony\\Component\\Console\\Input\\ArgvInput), Object(Symfony\\Component\\Console\\Output\\ConsoleOutput))
#11 /var/www/html/generated/code/Magento/Backend/Console/Command/CacheFlushCommand/Interceptor.php(23): Magento\\Backend\\Console\\Command\\CacheFlushCommand\\Interceptor->___callPlugins('run', Array, Array)
#12 /var/www/html/vendor/symfony/console/Application.php(1094): Magento\\Backend\\Console\\Command\\CacheFlushCommand\\Interceptor->run(Object(Symfony\\Component\\Console\\Input\\ArgvInput), Object(Symfony\\Component\\Console\\Output\\ConsoleOutput))
#13 /var/www/html/vendor/symfony/console/Application.php(356): Symfony\\Component\\Console\\Application->doRunCommand(Object(Magento\\Backend\\Console\\Command\\CacheFlushCommand\\Interceptor), Object(Symfony\\Component\\Console\\Input\\ArgvInput), Object(Symfony\\Component\\Console\\Output\\ConsoleOutput))
#14 /var/www/html/vendor/magento/framework/Console/Cli.php(137): Symfony\\Component\\Console\\Application->doRun(Object(Symfony\\Component\\Console\\Input\\ArgvInput), Object(Symfony\\Component\\Console\\Output\\ConsoleOutput))
#15 /var/www/html/vendor/symfony/console/Application.php(195): Magento\\Framework\\Console\\Cli->doRun(Object(Symfony\\Component\\Console\\Input\\ArgvInput), Object(Symfony\\Component\\Console\\Output\\ConsoleOutput))
#16 /var/www/html/bin/magento(23): Symfony\\Component\\Console\\Application->run()
#17 {main}"} []
[2026-05-19T06:12:14.331690+00:00] main.DEBUG: cache_invalidate:  {"method":"GET","url":"http:/","invalidateInfo":{"tags":["MAGE"],"mode":"matchingTag"}} []
[2026-05-19T06:12:14.331852+00:00] main.DEBUG: cache_invalidate:  {"method":"GET","url":"http:/","invalidateInfo":{"tags":[],"mode":"all"},"trace":"Exception: full purge of cache storage triggered in /var/www/html/vendor/magento/framework/Cache/InvalidateLogger.php:52
Stack trace:
#0 /var/www/html/vendor/magento/framework/Cache/Frontend/Decorator/Logger.php(62): Magento\\Framework\\Cache\\InvalidateLogger->execute(Array)
#1 /var/www/html/vendor/magento/framework/Cache/Frontend/Decorator/Logger.php(50): Magento\\Framework\\Cache\\Frontend\\Decorator\\Logger->log(Array)
#2 /var/www/html/vendor/magento/framework/Cache/Frontend/Decorator/Bare.php(92): Magento\\Framework\\Cache\\Frontend\\Decorator\\Logger->clean('all', Array)
#3 /var/www/html/vendor/magento/framework/App/Cache/Type/AccessProxy.php(110): Magento\\Framework\\Cache\\Frontend\\Decorator\\Bare->clean('all', Array)
#4 /var/www/html/vendor/magento/framework/App/Cache/Manager.php(111): Magento\\Framework\\App\\Cache\\Type\\AccessProxy->clean()
#5 /var/www/html/vendor/magento/module-backend/Console/Command/CacheFlushCommand.php(39): Magento\\Framework\\App\\Cache\\Manager->flush(Array)
#6 /var/www/html/vendor/magento/module-backend/Console/Command/AbstractCacheTypeManageCommand.php(64): Magento\\Backend\\Console\\Command\\CacheFlushCommand->performAction(Array)
#7 /var/www/html/vendor/symfony/console/Command/Command.php(341): Magento\\Backend\\Console\\Command\\AbstractCacheTypeManageCommand->execute(Object(Symfony\\Component\\Console\\Input\\ArgvInput), Object(Symfony\\Component\\Console\\Output\\ConsoleOutput))
#8 /var/www/html/vendor/magento/framework/Interception/Interceptor.php(58): Symfony\\Component\\Console\\Command\\Command->run(Object(Symfony\\Component\\Console\\Input\\ArgvInput), Object(Symfony\\Component\\Console\\Output\\ConsoleOutput))
#9 /var/www/html/vendor/magento/framework/Interception/Interceptor.php(138): Magento\\Backend\\Console\\Command\\CacheFlushCommand\\Interceptor->___callParent('run', Array)
#10 /var/www/html/vendor/magento/framework/Interception/Interceptor.php(153): Magento\\Backend\\Console\\Command\\CacheFlushCommand\\Interceptor->Magento\\Framework\\Interception\\{closure}(Object(Symfony\\Component\\Console\\Input\\ArgvInput), Object(Symfony\\Component\\Console\\Output\\ConsoleOutput))
#11 /var/www/html/generated/code/Magento/Backend/Console/Command/CacheFlushCommand/Interceptor.php(23): Magento\\Backend\\Console\\Command\\CacheFlushCommand\\Interceptor->___callPlugins('run', Array, Array)
#12 /var/www/html/vendor/symfony/console/Application.php(1094): Magento\\Backend\\Console\\Command\\CacheFlushCommand\\Interceptor->run(Object(Symfony\\Component\\Console\\Input\\ArgvInput), Object(Symfony\\Component\\Console\\Output\\ConsoleOutput))
#13 /var/www/html/vendor/symfony/console/Application.php(356): Symfony\\Component\\Console\\Application->doRunCommand(Object(Magento\\Backend\\Console\\Command\\CacheFlushCommand\\Interceptor), Object(Symfony\\Component\\Console\\Input\\ArgvInput), Object(Symfony\\Component\\Console\\Output\\ConsoleOutput))
#14 /var/www/html/vendor/magento/framework/Console/Cli.php(137): Symfony\\Component\\Console\\Application->doRun(Object(Symfony\\Component\\Console\\Input\\ArgvInput), Object(Symfony\\Component\\Console\\Output\\ConsoleOutput))
#15 /var/www/html/vendor/symfony/console/Application.php(195): Magento\\Framework\\Console\\Cli->doRun(Object(Symfony\\Component\\Console\\Input\\ArgvInput), Object(Symfony\\Component\\Console\\Output\\ConsoleOutput))
#16 /var/www/html/bin/magento(23): Symfony\\Component\\Console\\Application->run()
#17 {main}"} []
[2026-05-19T06:29:02.936650+00:00] main.ERROR: Braintree\Configuration::merchantId needs to be set (or accessToken needs to be passed to Braintree\Gateway). [] []
